2024-05-22 17:14:00,169 INFO News successful got
2024-05-22 17:14:01,265 INFO News successful got
2024-05-22 17:14:59,772 INFO News successful got
2024-05-22 17:17:30,689 INFO C:\Users\vitya\cinema\movies\views.py changed, reloading.
2024-05-22 17:17:32,920 INFO C:\Users\vitya\cinema\movies\views.py changed, reloading.
2024-05-22 17:17:40,295 INFO C:\Users\vitya\cinema\movies\views.py changed, reloading.
2024-05-22 17:20:59,020 INFO C:\Users\vitya\cinema\movies\urls.py changed, reloading.
2024-05-22 17:21:01,432 INFO C:\Users\vitya\cinema\movies\urls.py changed, reloading.
2024-05-22 17:21:06,741 INFO C:\Users\vitya\cinema\movies\urls.py changed, reloading.
2024-05-22 17:21:15,150 INFO C:\Users\vitya\cinema\movies\views.py changed, reloading.
2024-05-22 17:21:26,436 INFO C:\Users\vitya\cinema\movies\views.py changed, reloading.
2024-05-22 17:21:33,567 INFO C:\Users\vitya\cinema\movies\views.py changed, reloading.
2024-05-22 17:21:51,351 INFO C:\Users\vitya\cinema\movies\views.py changed, reloading.
2024-05-22 17:27:38,238 INFO News successful got
2024-05-22 17:27:39,657 ERROR Internal Server Error: /reviews/
Traceback (most recent call last):
  File "C:\Users\vitya\AppData\Local\Programs\Python\Python311\Lib\site-packages\django\core\handlers\exception.py", line 55, in inner
    response = get_response(request)
               ^^^^^^^^^^^^^^^^^^^^^
  File "C:\Users\vitya\AppData\Local\Programs\Python\Python311\Lib\site-packages\django\core\handlers\base.py", line 204, in _get_response
    self.check_response(response, callback)
  File "C:\Users\vitya\AppData\Local\Programs\Python\Python311\Lib\site-packages\django\core\handlers\base.py", line 332, in check_response
    raise ValueError(
ValueError: The view movies.views.reviews didn't return an HttpResponse object. It returned None instead.
2024-05-22 17:27:59,059 INFO C:\Users\vitya\cinema\movies\views.py changed, reloading.
2024-05-22 17:28:03,391 INFO C:\Users\vitya\cinema\movies\views.py changed, reloading.
2024-05-22 17:28:10,951 INFO C:\Users\vitya\cinema\movies\views.py changed, reloading.
2024-05-22 17:28:13,288 INFO C:\Users\vitya\cinema\movies\views.py changed, reloading.
2024-05-22 17:28:15,756 INFO C:\Users\vitya\cinema\movies\views.py changed, reloading.
2024-05-22 17:28:28,279 INFO C:\Users\vitya\cinema\movies\views.py changed, reloading.
2024-05-22 17:28:30,623 INFO C:\Users\vitya\cinema\movies\views.py changed, reloading.
2024-05-22 17:28:58,021 WARNING Not Found: /reviews/create
2024-05-22 17:29:37,157 INFO C:\Users\vitya\cinema\movies\models.py changed, reloading.
2024-05-22 17:30:45,645 INFO C:\Users\vitya\cinema\movies\models.py changed, reloading.
2024-05-22 17:30:48,897 INFO C:\Users\vitya\cinema\movies\models.py changed, reloading.
2024-05-22 17:31:02,455 INFO C:\Users\vitya\cinema\movies\models.py changed, reloading.
2024-05-22 17:31:12,588 INFO C:\Users\vitya\cinema\movies\models.py changed, reloading.
2024-05-22 17:31:27,307 INFO C:\Users\vitya\cinema\movies\models.py changed, reloading.
2024-05-22 17:31:53,438 INFO C:\Users\vitya\cinema\movies\models.py changed, reloading.
2024-05-22 17:31:55,689 INFO C:\Users\vitya\cinema\movies\models.py changed, reloading.
2024-05-22 17:32:04,103 INFO C:\Users\vitya\cinema\movies\models.py changed, reloading.
2024-05-22 17:32:20,833 INFO C:\Users\vitya\cinema\movies\views.py changed, reloading.
2024-05-22 17:33:00,943 INFO C:\Users\vitya\cinema\movies\views.py changed, reloading.
2024-05-22 17:33:09,361 INFO C:\Users\vitya\cinema\movies\views.py changed, reloading.
2024-05-22 17:33:46,128 WARNING Not Found: /reviews/create
2024-05-22 17:33:54,631 INFO C:\Users\vitya\cinema\movies\forms.py changed, reloading.
2024-05-22 17:33:57,979 INFO C:\Users\vitya\cinema\movies\forms.py changed, reloading.
2024-05-22 17:34:06,338 INFO C:\Users\vitya\cinema\movies\forms.py changed, reloading.
2024-05-22 17:36:56,229 INFO C:\Users\vitya\cinema\movies\views.py changed, reloading.
2024-05-22 17:36:58,593 INFO C:\Users\vitya\cinema\movies\views.py changed, reloading.
2024-05-22 17:37:00,980 INFO C:\Users\vitya\cinema\movies\views.py changed, reloading.
2024-05-22 17:37:03,322 INFO C:\Users\vitya\cinema\movies\views.py changed, reloading.
2024-05-22 17:37:05,661 INFO C:\Users\vitya\cinema\movies\views.py changed, reloading.
2024-05-22 17:37:08,905 INFO C:\Users\vitya\cinema\movies\views.py changed, reloading.
2024-05-22 17:37:14,195 INFO C:\Users\vitya\cinema\movies\views.py changed, reloading.
2024-05-22 17:37:18,580 INFO C:\Users\vitya\cinema\movies\views.py changed, reloading.
2024-05-22 17:38:29,271 INFO C:\Users\vitya\cinema\movies\views.py changed, reloading.
2024-05-22 17:38:45,856 INFO C:\Users\vitya\cinema\movies\urls.py changed, reloading.
2024-05-22 17:38:48,233 INFO C:\Users\vitya\cinema\movies\urls.py changed, reloading.
2024-05-22 17:38:53,658 INFO C:\Users\vitya\cinema\movies\urls.py changed, reloading.
2024-05-22 17:39:26,783 ERROR Internal Server Error: /reviews/create
Traceback (most recent call last):
  File "C:\Users\vitya\AppData\Local\Programs\Python\Python311\Lib\site-packages\django\db\backends\utils.py", line 105, in _execute
    return self.cursor.execute(sql, params)
           ^^^^^^^^^^^^^^^^^^^^^^^^^^^^^^^^
  File "C:\Users\vitya\AppData\Local\Programs\Python\Python311\Lib\site-packages\django\db\backends\sqlite3\base.py", line 329, in execute
    return super().execute(query, params)
           ^^^^^^^^^^^^^^^^^^^^^^^^^^^^^^
sqlite3.IntegrityError: NOT NULL constraint failed: movies_review.user_username_id

The above exception was the direct cause of the following exception:

Traceback (most recent call last):
  File "C:\Users\vitya\AppData\Local\Programs\Python\Python311\Lib\site-packages\django\core\handlers\exception.py", line 55, in inner
    response = get_response(request)
               ^^^^^^^^^^^^^^^^^^^^^
  File "C:\Users\vitya\AppData\Local\Programs\Python\Python311\Lib\site-packages\django\core\handlers\base.py", line 197, in _get_response
    response = wrapped_callback(request, *callback_args, **callback_kwargs)
               ^^^^^^^^^^^^^^^^^^^^^^^^^^^^^^^^^^^^^^^^^^^^^^^^^^^^^^^^^^^^
  File "C:\Users\vitya\cinema\movies\views.py", line 688, in create_review
    form.save()
  File "C:\Users\vitya\AppData\Local\Programs\Python\Python311\Lib\site-packages\django\forms\models.py", line 552, in save
    self.instance.save()
  File "C:\Users\vitya\AppData\Local\Programs\Python\Python311\Lib\site-packages\django\db\models\base.py", line 822, in save
    self.save_base(
  File "C:\Users\vitya\AppData\Local\Programs\Python\Python311\Lib\site-packages\django\db\models\base.py", line 909, in save_base
    updated = self._save_table(
              ^^^^^^^^^^^^^^^^^
  File "C:\Users\vitya\AppData\Local\Programs\Python\Python311\Lib\site-packages\django\db\models\base.py", line 1067, in _save_table
    results = self._do_insert(
              ^^^^^^^^^^^^^^^^
  File "C:\Users\vitya\AppData\Local\Programs\Python\Python311\Lib\site-packages\django\db\models\base.py", line 1108, in _do_insert
    return manager._insert(
           ^^^^^^^^^^^^^^^^
  File "C:\Users\vitya\AppData\Local\Programs\Python\Python311\Lib\site-packages\django\db\models\manager.py", line 87, in manager_method
    return getattr(self.get_queryset(), name)(*args, **kwargs)
           ^^^^^^^^^^^^^^^^^^^^^^^^^^^^^^^^^^^^^^^^^^^^^^^^^^^
  File "C:\Users\vitya\AppData\Local\Programs\Python\Python311\Lib\site-packages\django\db\models\query.py", line 1847, in _insert
    return query.get_compiler(using=using).execute_sql(returning_fields)
           ^^^^^^^^^^^^^^^^^^^^^^^^^^^^^^^^^^^^^^^^^^^^^^^^^^^^^^^^^^^^^
  File "C:\Users\vitya\AppData\Local\Programs\Python\Python311\Lib\site-packages\django\db\models\sql\compiler.py", line 1823, in execute_sql
    cursor.execute(sql, params)
  File "C:\Users\vitya\AppData\Local\Programs\Python\Python311\Lib\site-packages\django\db\backends\utils.py", line 122, in execute
    return super().execute(sql, params)
           ^^^^^^^^^^^^^^^^^^^^^^^^^^^^
  File "C:\Users\vitya\AppData\Local\Programs\Python\Python311\Lib\site-packages\django\db\backends\utils.py", line 79, in execute
    return self._execute_with_wrappers(
           ^^^^^^^^^^^^^^^^^^^^^^^^^^^^
  File "C:\Users\vitya\AppData\Local\Programs\Python\Python311\Lib\site-packages\django\db\backends\utils.py", line 92, in _execute_with_wrappers
    return executor(sql, params, many, context)
           ^^^^^^^^^^^^^^^^^^^^^^^^^^^^^^^^^^^^
  File "C:\Users\vitya\AppData\Local\Programs\Python\Python311\Lib\site-packages\django\db\backends\utils.py", line 100, in _execute
    with self.db.wrap_database_errors:
  File "C:\Users\vitya\AppData\Local\Programs\Python\Python311\Lib\site-packages\django\db\utils.py", line 91, in __exit__
    raise dj_exc_value.with_traceback(traceback) from exc_value
  File "C:\Users\vitya\AppData\Local\Programs\Python\Python311\Lib\site-packages\django\db\backends\utils.py", line 105, in _execute
    return self.cursor.execute(sql, params)
           ^^^^^^^^^^^^^^^^^^^^^^^^^^^^^^^^
  File "C:\Users\vitya\AppData\Local\Programs\Python\Python311\Lib\site-packages\django\db\backends\sqlite3\base.py", line 329, in execute
    return super().execute(query, params)
           ^^^^^^^^^^^^^^^^^^^^^^^^^^^^^^
django.db.utils.IntegrityError: NOT NULL constraint failed: movies_review.user_username_id
2024-05-22 17:40:12,927 INFO C:\Users\vitya\cinema\movies\views.py changed, reloading.
2024-05-22 17:40:16,333 ERROR Internal Server Error: /reviews/create
Traceback (most recent call last):
  File "C:\Users\vitya\AppData\Local\Programs\Python\Python311\Lib\site-packages\django\db\backends\utils.py", line 105, in _execute
    return self.cursor.execute(sql, params)
           ^^^^^^^^^^^^^^^^^^^^^^^^^^^^^^^^
  File "C:\Users\vitya\AppData\Local\Programs\Python\Python311\Lib\site-packages\django\db\backends\sqlite3\base.py", line 329, in execute
    return super().execute(query, params)
           ^^^^^^^^^^^^^^^^^^^^^^^^^^^^^^
sqlite3.IntegrityError: NOT NULL constraint failed: movies_review.user_username_id

The above exception was the direct cause of the following exception:

Traceback (most recent call last):
  File "C:\Users\vitya\AppData\Local\Programs\Python\Python311\Lib\site-packages\django\core\handlers\exception.py", line 55, in inner
    response = get_response(request)
               ^^^^^^^^^^^^^^^^^^^^^
  File "C:\Users\vitya\AppData\Local\Programs\Python\Python311\Lib\site-packages\django\core\handlers\base.py", line 197, in _get_response
    response = wrapped_callback(request, *callback_args, **callback_kwargs)
               ^^^^^^^^^^^^^^^^^^^^^^^^^^^^^^^^^^^^^^^^^^^^^^^^^^^^^^^^^^^^
  File "C:\Users\vitya\cinema\movies\views.py", line 688, in create_review
    form.save()
  File "C:\Users\vitya\AppData\Local\Programs\Python\Python311\Lib\site-packages\django\forms\models.py", line 552, in save
    self.instance.save()
  File "C:\Users\vitya\AppData\Local\Programs\Python\Python311\Lib\site-packages\django\db\models\base.py", line 822, in save
    self.save_base(
  File "C:\Users\vitya\AppData\Local\Programs\Python\Python311\Lib\site-packages\django\db\models\base.py", line 909, in save_base
    updated = self._save_table(
              ^^^^^^^^^^^^^^^^^
  File "C:\Users\vitya\AppData\Local\Programs\Python\Python311\Lib\site-packages\django\db\models\base.py", line 1067, in _save_table
    results = self._do_insert(
              ^^^^^^^^^^^^^^^^
  File "C:\Users\vitya\AppData\Local\Programs\Python\Python311\Lib\site-packages\django\db\models\base.py", line 1108, in _do_insert
    return manager._insert(
           ^^^^^^^^^^^^^^^^
  File "C:\Users\vitya\AppData\Local\Programs\Python\Python311\Lib\site-packages\django\db\models\manager.py", line 87, in manager_method
    return getattr(self.get_queryset(), name)(*args, **kwargs)
           ^^^^^^^^^^^^^^^^^^^^^^^^^^^^^^^^^^^^^^^^^^^^^^^^^^^
  File "C:\Users\vitya\AppData\Local\Programs\Python\Python311\Lib\site-packages\django\db\models\query.py", line 1847, in _insert
    return query.get_compiler(using=using).execute_sql(returning_fields)
           ^^^^^^^^^^^^^^^^^^^^^^^^^^^^^^^^^^^^^^^^^^^^^^^^^^^^^^^^^^^^^
  File "C:\Users\vitya\AppData\Local\Programs\Python\Python311\Lib\site-packages\django\db\models\sql\compiler.py", line 1823, in execute_sql
    cursor.execute(sql, params)
  File "C:\Users\vitya\AppData\Local\Programs\Python\Python311\Lib\site-packages\django\db\backends\utils.py", line 122, in execute
    return super().execute(sql, params)
           ^^^^^^^^^^^^^^^^^^^^^^^^^^^^
  File "C:\Users\vitya\AppData\Local\Programs\Python\Python311\Lib\site-packages\django\db\backends\utils.py", line 79, in execute
    return self._execute_with_wrappers(
           ^^^^^^^^^^^^^^^^^^^^^^^^^^^^
  File "C:\Users\vitya\AppData\Local\Programs\Python\Python311\Lib\site-packages\django\db\backends\utils.py", line 92, in _execute_with_wrappers
    return executor(sql, params, many, context)
           ^^^^^^^^^^^^^^^^^^^^^^^^^^^^^^^^^^^^
  File "C:\Users\vitya\AppData\Local\Programs\Python\Python311\Lib\site-packages\django\db\backends\utils.py", line 100, in _execute
    with self.db.wrap_database_errors:
  File "C:\Users\vitya\AppData\Local\Programs\Python\Python311\Lib\site-packages\django\db\utils.py", line 91, in __exit__
    raise dj_exc_value.with_traceback(traceback) from exc_value
  File "C:\Users\vitya\AppData\Local\Programs\Python\Python311\Lib\site-packages\django\db\backends\utils.py", line 105, in _execute
    return self.cursor.execute(sql, params)
           ^^^^^^^^^^^^^^^^^^^^^^^^^^^^^^^^
  File "C:\Users\vitya\AppData\Local\Programs\Python\Python311\Lib\site-packages\django\db\backends\sqlite3\base.py", line 329, in execute
    return super().execute(query, params)
           ^^^^^^^^^^^^^^^^^^^^^^^^^^^^^^
django.db.utils.IntegrityError: NOT NULL constraint failed: movies_review.user_username_id
2024-05-22 17:41:05,579 INFO C:\Users\vitya\cinema\movies\forms.py changed, reloading.
2024-05-22 17:41:09,904 INFO C:\Users\vitya\cinema\movies\forms.py changed, reloading.
2024-05-22 17:41:17,572 ERROR Internal Server Error: /reviews/create
Traceback (most recent call last):
  File "C:\Users\vitya\AppData\Local\Programs\Python\Python311\Lib\site-packages\django\db\backends\utils.py", line 105, in _execute
    return self.cursor.execute(sql, params)
           ^^^^^^^^^^^^^^^^^^^^^^^^^^^^^^^^
  File "C:\Users\vitya\AppData\Local\Programs\Python\Python311\Lib\site-packages\django\db\backends\sqlite3\base.py", line 329, in execute
    return super().execute(query, params)
           ^^^^^^^^^^^^^^^^^^^^^^^^^^^^^^
sqlite3.IntegrityError: NOT NULL constraint failed: movies_review.user_username_id

The above exception was the direct cause of the following exception:

Traceback (most recent call last):
  File "C:\Users\vitya\AppData\Local\Programs\Python\Python311\Lib\site-packages\django\core\handlers\exception.py", line 55, in inner
    response = get_response(request)
               ^^^^^^^^^^^^^^^^^^^^^
  File "C:\Users\vitya\AppData\Local\Programs\Python\Python311\Lib\site-packages\django\core\handlers\base.py", line 197, in _get_response
    response = wrapped_callback(request, *callback_args, **callback_kwargs)
               ^^^^^^^^^^^^^^^^^^^^^^^^^^^^^^^^^^^^^^^^^^^^^^^^^^^^^^^^^^^^
  File "C:\Users\vitya\cinema\movies\views.py", line 688, in create_review
    form.save()
  File "C:\Users\vitya\AppData\Local\Programs\Python\Python311\Lib\site-packages\django\forms\models.py", line 552, in save
    self.instance.save()
  File "C:\Users\vitya\AppData\Local\Programs\Python\Python311\Lib\site-packages\django\db\models\base.py", line 822, in save
    self.save_base(
  File "C:\Users\vitya\AppData\Local\Programs\Python\Python311\Lib\site-packages\django\db\models\base.py", line 909, in save_base
    updated = self._save_table(
              ^^^^^^^^^^^^^^^^^
  File "C:\Users\vitya\AppData\Local\Programs\Python\Python311\Lib\site-packages\django\db\models\base.py", line 1067, in _save_table
    results = self._do_insert(
              ^^^^^^^^^^^^^^^^
  File "C:\Users\vitya\AppData\Local\Programs\Python\Python311\Lib\site-packages\django\db\models\base.py", line 1108, in _do_insert
    return manager._insert(
           ^^^^^^^^^^^^^^^^
  File "C:\Users\vitya\AppData\Local\Programs\Python\Python311\Lib\site-packages\django\db\models\manager.py", line 87, in manager_method
    return getattr(self.get_queryset(), name)(*args, **kwargs)
           ^^^^^^^^^^^^^^^^^^^^^^^^^^^^^^^^^^^^^^^^^^^^^^^^^^^
  File "C:\Users\vitya\AppData\Local\Programs\Python\Python311\Lib\site-packages\django\db\models\query.py", line 1847, in _insert
    return query.get_compiler(using=using).execute_sql(returning_fields)
           ^^^^^^^^^^^^^^^^^^^^^^^^^^^^^^^^^^^^^^^^^^^^^^^^^^^^^^^^^^^^^
  File "C:\Users\vitya\AppData\Local\Programs\Python\Python311\Lib\site-packages\django\db\models\sql\compiler.py", line 1823, in execute_sql
    cursor.execute(sql, params)
  File "C:\Users\vitya\AppData\Local\Programs\Python\Python311\Lib\site-packages\django\db\backends\utils.py", line 122, in execute
    return super().execute(sql, params)
           ^^^^^^^^^^^^^^^^^^^^^^^^^^^^
  File "C:\Users\vitya\AppData\Local\Programs\Python\Python311\Lib\site-packages\django\db\backends\utils.py", line 79, in execute
    return self._execute_with_wrappers(
           ^^^^^^^^^^^^^^^^^^^^^^^^^^^^
  File "C:\Users\vitya\AppData\Local\Programs\Python\Python311\Lib\site-packages\django\db\backends\utils.py", line 92, in _execute_with_wrappers
    return executor(sql, params, many, context)
           ^^^^^^^^^^^^^^^^^^^^^^^^^^^^^^^^^^^^
  File "C:\Users\vitya\AppData\Local\Programs\Python\Python311\Lib\site-packages\django\db\backends\utils.py", line 100, in _execute
    with self.db.wrap_database_errors:
  File "C:\Users\vitya\AppData\Local\Programs\Python\Python311\Lib\site-packages\django\db\utils.py", line 91, in __exit__
    raise dj_exc_value.with_traceback(traceback) from exc_value
  File "C:\Users\vitya\AppData\Local\Programs\Python\Python311\Lib\site-packages\django\db\backends\utils.py", line 105, in _execute
    return self.cursor.execute(sql, params)
           ^^^^^^^^^^^^^^^^^^^^^^^^^^^^^^^^
  File "C:\Users\vitya\AppData\Local\Programs\Python\Python311\Lib\site-packages\django\db\backends\sqlite3\base.py", line 329, in execute
    return super().execute(query, params)
           ^^^^^^^^^^^^^^^^^^^^^^^^^^^^^^
django.db.utils.IntegrityError: NOT NULL constraint failed: movies_review.user_username_id
2024-05-22 17:41:47,019 INFO C:\Users\vitya\cinema\movies\forms.py changed, reloading.
2024-05-22 17:41:51,492 INFO C:\Users\vitya\cinema\movies\forms.py changed, reloading.
2024-05-22 17:41:59,800 ERROR Internal Server Error: /reviews/create
Traceback (most recent call last):
  File "C:\Users\vitya\AppData\Local\Programs\Python\Python311\Lib\site-packages\django\db\backends\utils.py", line 105, in _execute
    return self.cursor.execute(sql, params)
           ^^^^^^^^^^^^^^^^^^^^^^^^^^^^^^^^
  File "C:\Users\vitya\AppData\Local\Programs\Python\Python311\Lib\site-packages\django\db\backends\sqlite3\base.py", line 329, in execute
    return super().execute(query, params)
           ^^^^^^^^^^^^^^^^^^^^^^^^^^^^^^
sqlite3.IntegrityError: NOT NULL constraint failed: movies_review.user_username_id

The above exception was the direct cause of the following exception:

Traceback (most recent call last):
  File "C:\Users\vitya\AppData\Local\Programs\Python\Python311\Lib\site-packages\django\core\handlers\exception.py", line 55, in inner
    response = get_response(request)
               ^^^^^^^^^^^^^^^^^^^^^
  File "C:\Users\vitya\AppData\Local\Programs\Python\Python311\Lib\site-packages\django\core\handlers\base.py", line 197, in _get_response
    response = wrapped_callback(request, *callback_args, **callback_kwargs)
               ^^^^^^^^^^^^^^^^^^^^^^^^^^^^^^^^^^^^^^^^^^^^^^^^^^^^^^^^^^^^
  File "C:\Users\vitya\cinema\movies\views.py", line 688, in create_review
    form.save()
  File "C:\Users\vitya\AppData\Local\Programs\Python\Python311\Lib\site-packages\django\forms\models.py", line 552, in save
    self.instance.save()
  File "C:\Users\vitya\AppData\Local\Programs\Python\Python311\Lib\site-packages\django\db\models\base.py", line 822, in save
    self.save_base(
  File "C:\Users\vitya\AppData\Local\Programs\Python\Python311\Lib\site-packages\django\db\models\base.py", line 909, in save_base
    updated = self._save_table(
              ^^^^^^^^^^^^^^^^^
  File "C:\Users\vitya\AppData\Local\Programs\Python\Python311\Lib\site-packages\django\db\models\base.py", line 1067, in _save_table
    results = self._do_insert(
              ^^^^^^^^^^^^^^^^
  File "C:\Users\vitya\AppData\Local\Programs\Python\Python311\Lib\site-packages\django\db\models\base.py", line 1108, in _do_insert
    return manager._insert(
           ^^^^^^^^^^^^^^^^
  File "C:\Users\vitya\AppData\Local\Programs\Python\Python311\Lib\site-packages\django\db\models\manager.py", line 87, in manager_method
    return getattr(self.get_queryset(), name)(*args, **kwargs)
           ^^^^^^^^^^^^^^^^^^^^^^^^^^^^^^^^^^^^^^^^^^^^^^^^^^^
  File "C:\Users\vitya\AppData\Local\Programs\Python\Python311\Lib\site-packages\django\db\models\query.py", line 1847, in _insert
    return query.get_compiler(using=using).execute_sql(returning_fields)
           ^^^^^^^^^^^^^^^^^^^^^^^^^^^^^^^^^^^^^^^^^^^^^^^^^^^^^^^^^^^^^
  File "C:\Users\vitya\AppData\Local\Programs\Python\Python311\Lib\site-packages\django\db\models\sql\compiler.py", line 1823, in execute_sql
    cursor.execute(sql, params)
  File "C:\Users\vitya\AppData\Local\Programs\Python\Python311\Lib\site-packages\django\db\backends\utils.py", line 122, in execute
    return super().execute(sql, params)
           ^^^^^^^^^^^^^^^^^^^^^^^^^^^^
  File "C:\Users\vitya\AppData\Local\Programs\Python\Python311\Lib\site-packages\django\db\backends\utils.py", line 79, in execute
    return self._execute_with_wrappers(
           ^^^^^^^^^^^^^^^^^^^^^^^^^^^^
  File "C:\Users\vitya\AppData\Local\Programs\Python\Python311\Lib\site-packages\django\db\backends\utils.py", line 92, in _execute_with_wrappers
    return executor(sql, params, many, context)
           ^^^^^^^^^^^^^^^^^^^^^^^^^^^^^^^^^^^^
  File "C:\Users\vitya\AppData\Local\Programs\Python\Python311\Lib\site-packages\django\db\backends\utils.py", line 100, in _execute
    with self.db.wrap_database_errors:
  File "C:\Users\vitya\AppData\Local\Programs\Python\Python311\Lib\site-packages\django\db\utils.py", line 91, in __exit__
    raise dj_exc_value.with_traceback(traceback) from exc_value
  File "C:\Users\vitya\AppData\Local\Programs\Python\Python311\Lib\site-packages\django\db\backends\utils.py", line 105, in _execute
    return self.cursor.execute(sql, params)
           ^^^^^^^^^^^^^^^^^^^^^^^^^^^^^^^^
  File "C:\Users\vitya\AppData\Local\Programs\Python\Python311\Lib\site-packages\django\db\backends\sqlite3\base.py", line 329, in execute
    return super().execute(query, params)
           ^^^^^^^^^^^^^^^^^^^^^^^^^^^^^^
django.db.utils.IntegrityError: NOT NULL constraint failed: movies_review.user_username_id
2024-05-22 17:42:05,977 INFO News successful got
2024-05-22 17:42:18,562 ERROR Internal Server Error: /reviews/create
Traceback (most recent call last):
  File "C:\Users\vitya\AppData\Local\Programs\Python\Python311\Lib\site-packages\django\db\backends\utils.py", line 105, in _execute
    return self.cursor.execute(sql, params)
           ^^^^^^^^^^^^^^^^^^^^^^^^^^^^^^^^
  File "C:\Users\vitya\AppData\Local\Programs\Python\Python311\Lib\site-packages\django\db\backends\sqlite3\base.py", line 329, in execute
    return super().execute(query, params)
           ^^^^^^^^^^^^^^^^^^^^^^^^^^^^^^
sqlite3.IntegrityError: NOT NULL constraint failed: movies_review.user_username_id

The above exception was the direct cause of the following exception:

Traceback (most recent call last):
  File "C:\Users\vitya\AppData\Local\Programs\Python\Python311\Lib\site-packages\django\core\handlers\exception.py", line 55, in inner
    response = get_response(request)
               ^^^^^^^^^^^^^^^^^^^^^
  File "C:\Users\vitya\AppData\Local\Programs\Python\Python311\Lib\site-packages\django\core\handlers\base.py", line 197, in _get_response
    response = wrapped_callback(request, *callback_args, **callback_kwargs)
               ^^^^^^^^^^^^^^^^^^^^^^^^^^^^^^^^^^^^^^^^^^^^^^^^^^^^^^^^^^^^
  File "C:\Users\vitya\cinema\movies\views.py", line 688, in create_review
    form.save()
  File "C:\Users\vitya\AppData\Local\Programs\Python\Python311\Lib\site-packages\django\forms\models.py", line 552, in save
    self.instance.save()
  File "C:\Users\vitya\AppData\Local\Programs\Python\Python311\Lib\site-packages\django\db\models\base.py", line 822, in save
    self.save_base(
  File "C:\Users\vitya\AppData\Local\Programs\Python\Python311\Lib\site-packages\django\db\models\base.py", line 909, in save_base
    updated = self._save_table(
              ^^^^^^^^^^^^^^^^^
  File "C:\Users\vitya\AppData\Local\Programs\Python\Python311\Lib\site-packages\django\db\models\base.py", line 1067, in _save_table
    results = self._do_insert(
              ^^^^^^^^^^^^^^^^
  File "C:\Users\vitya\AppData\Local\Programs\Python\Python311\Lib\site-packages\django\db\models\base.py", line 1108, in _do_insert
    return manager._insert(
           ^^^^^^^^^^^^^^^^
  File "C:\Users\vitya\AppData\Local\Programs\Python\Python311\Lib\site-packages\django\db\models\manager.py", line 87, in manager_method
    return getattr(self.get_queryset(), name)(*args, **kwargs)
           ^^^^^^^^^^^^^^^^^^^^^^^^^^^^^^^^^^^^^^^^^^^^^^^^^^^
  File "C:\Users\vitya\AppData\Local\Programs\Python\Python311\Lib\site-packages\django\db\models\query.py", line 1847, in _insert
    return query.get_compiler(using=using).execute_sql(returning_fields)
           ^^^^^^^^^^^^^^^^^^^^^^^^^^^^^^^^^^^^^^^^^^^^^^^^^^^^^^^^^^^^^
  File "C:\Users\vitya\AppData\Local\Programs\Python\Python311\Lib\site-packages\django\db\models\sql\compiler.py", line 1823, in execute_sql
    cursor.execute(sql, params)
  File "C:\Users\vitya\AppData\Local\Programs\Python\Python311\Lib\site-packages\django\db\backends\utils.py", line 122, in execute
    return super().execute(sql, params)
           ^^^^^^^^^^^^^^^^^^^^^^^^^^^^
  File "C:\Users\vitya\AppData\Local\Programs\Python\Python311\Lib\site-packages\django\db\backends\utils.py", line 79, in execute
    return self._execute_with_wrappers(
           ^^^^^^^^^^^^^^^^^^^^^^^^^^^^
  File "C:\Users\vitya\AppData\Local\Programs\Python\Python311\Lib\site-packages\django\db\backends\utils.py", line 92, in _execute_with_wrappers
    return executor(sql, params, many, context)
           ^^^^^^^^^^^^^^^^^^^^^^^^^^^^^^^^^^^^
  File "C:\Users\vitya\AppData\Local\Programs\Python\Python311\Lib\site-packages\django\db\backends\utils.py", line 100, in _execute
    with self.db.wrap_database_errors:
  File "C:\Users\vitya\AppData\Local\Programs\Python\Python311\Lib\site-packages\django\db\utils.py", line 91, in __exit__
    raise dj_exc_value.with_traceback(traceback) from exc_value
  File "C:\Users\vitya\AppData\Local\Programs\Python\Python311\Lib\site-packages\django\db\backends\utils.py", line 105, in _execute
    return self.cursor.execute(sql, params)
           ^^^^^^^^^^^^^^^^^^^^^^^^^^^^^^^^
  File "C:\Users\vitya\AppData\Local\Programs\Python\Python311\Lib\site-packages\django\db\backends\sqlite3\base.py", line 329, in execute
    return super().execute(query, params)
           ^^^^^^^^^^^^^^^^^^^^^^^^^^^^^^
django.db.utils.IntegrityError: NOT NULL constraint failed: movies_review.user_username_id
2024-05-22 17:42:32,971 INFO C:\Users\vitya\cinema\movies\forms.py changed, reloading.
2024-05-22 17:42:37,446 INFO C:\Users\vitya\cinema\movies\forms.py changed, reloading.
2024-05-22 17:42:48,103 ERROR Internal Server Error: /reviews/create
Traceback (most recent call last):
  File "C:\Users\vitya\AppData\Local\Programs\Python\Python311\Lib\site-packages\django\core\handlers\exception.py", line 55, in inner
    response = get_response(request)
               ^^^^^^^^^^^^^^^^^^^^^
  File "C:\Users\vitya\AppData\Local\Programs\Python\Python311\Lib\site-packages\django\core\handlers\base.py", line 197, in _get_response
    response = wrapped_callback(request, *callback_args, **callback_kwargs)
               ^^^^^^^^^^^^^^^^^^^^^^^^^^^^^^^^^^^^^^^^^^^^^^^^^^^^^^^^^^^^
  File "C:\Users\vitya\cinema\movies\views.py", line 686, in create_review
    form = ReviewForm(request.POST, user=request.user)
           ^^^^^^^^^^^^^^^^^^^^^^^^^^^^^^^^^^^^^^^^^^^
TypeError: BaseModelForm.__init__() got an unexpected keyword argument 'user'
2024-05-22 17:43:04,458 INFO C:\Users\vitya\cinema\movies\views.py changed, reloading.
2024-05-22 17:43:11,598 ERROR Internal Server Error: /reviews/create
Traceback (most recent call last):
  File "C:\Users\vitya\AppData\Local\Programs\Python\Python311\Lib\site-packages\django\core\handlers\exception.py", line 55, in inner
    response = get_response(request)
               ^^^^^^^^^^^^^^^^^^^^^
  File "C:\Users\vitya\AppData\Local\Programs\Python\Python311\Lib\site-packages\django\core\handlers\base.py", line 197, in _get_response
    response = wrapped_callback(request, *callback_args, **callback_kwargs)
               ^^^^^^^^^^^^^^^^^^^^^^^^^^^^^^^^^^^^^^^^^^^^^^^^^^^^^^^^^^^^
  File "C:\Users\vitya\cinema\movies\views.py", line 686, in create_review
    form = ReviewForm(request.POST)
           ^^^^^^^^^^^^^^^^^^^^^^^^^
TypeError: BaseModelForm.__init__() got an unexpected keyword argument 'user'
2024-05-22 17:43:12,049 INFO C:\Users\vitya\cinema\movies\views.py changed, reloading.
2024-05-22 17:52:58,642 INFO News successful got
2024-05-22 17:53:02,645 INFO News successful got
2024-05-22 17:53:25,242 INFO C:\Users\vitya\cinema\movies\views.py changed, reloading.
2024-05-22 17:53:27,794 INFO C:\Users\vitya\cinema\movies\views.py changed, reloading.
2024-05-22 17:53:33,903 INFO News successful got
2024-05-22 17:55:03,336 INFO C:\Users\vitya\cinema\movies\views.py changed, reloading.
2024-05-22 17:56:17,168 INFO C:\Users\vitya\cinema\movies\forms.py changed, reloading.
2024-05-22 17:56:19,492 INFO C:\Users\vitya\cinema\movies\forms.py changed, reloading.
2024-05-22 18:00:27,618 INFO C:\Users\vitya\cinema\movies\views.py changed, reloading.
2024-05-22 18:00:33,028 INFO C:\Users\vitya\cinema\movies\views.py changed, reloading.
2024-05-22 18:00:37,459 INFO C:\Users\vitya\cinema\movies\views.py changed, reloading.
2024-05-22 18:00:39,856 INFO C:\Users\vitya\cinema\movies\views.py changed, reloading.
2024-05-22 18:01:42,755 ERROR Internal Server Error: /reviews/create
Traceback (most recent call last):
  File "C:\Users\vitya\AppData\Local\Programs\Python\Python311\Lib\site-packages\django\core\handlers\exception.py", line 55, in inner
    response = get_response(request)
               ^^^^^^^^^^^^^^^^^^^^^
  File "C:\Users\vitya\AppData\Local\Programs\Python\Python311\Lib\site-packages\django\core\handlers\base.py", line 197, in _get_response
    response = wrapped_callback(request, *callback_args, **callback_kwargs)
               ^^^^^^^^^^^^^^^^^^^^^^^^^^^^^^^^^^^^^^^^^^^^^^^^^^^^^^^^^^^^
  File "C:\Users\vitya\AppData\Local\Programs\Python\Python311\Lib\site-packages\django\contrib\auth\decorators.py", line 23, in _wrapper_view
    return view_func(request, *args, **kwargs)
           ^^^^^^^^^^^^^^^^^^^^^^^^^^^^^^^^^^^
  File "C:\Users\vitya\cinema\movies\views.py", line 690, in create_review
    review.user_username = request.user.username
    ^^^^^^^^^^^^^^^^^^^^
  File "C:\Users\vitya\AppData\Local\Programs\Python\Python311\Lib\site-packages\django\db\models\fields\related_descriptors.py", line 284, in __set__
    raise ValueError(
ValueError: Cannot assign "'Testlog'": "Review.user_username" must be a "User" instance.
2024-05-22 18:02:34,866 INFO C:\Users\vitya\cinema\movies\models.py changed, reloading.
2024-05-22 18:03:11,402 INFO C:\Users\vitya\cinema\movies\views.py changed, reloading.
2024-05-22 18:04:14,668 ERROR Internal Server Error: /reviews/create
Traceback (most recent call last):
  File "C:\Users\vitya\AppData\Local\Programs\Python\Python311\Lib\site-packages\django\core\handlers\exception.py", line 55, in inner
    response = get_response(request)
               ^^^^^^^^^^^^^^^^^^^^^
  File "C:\Users\vitya\AppData\Local\Programs\Python\Python311\Lib\site-packages\django\core\handlers\base.py", line 197, in _get_response
    response = wrapped_callback(request, *callback_args, **callback_kwargs)
               ^^^^^^^^^^^^^^^^^^^^^^^^^^^^^^^^^^^^^^^^^^^^^^^^^^^^^^^^^^^^
  File "C:\Users\vitya\AppData\Local\Programs\Python\Python311\Lib\site-packages\django\contrib\auth\decorators.py", line 23, in _wrapper_view
    return view_func(request, *args, **kwargs)
           ^^^^^^^^^^^^^^^^^^^^^^^^^^^^^^^^^^^
  File "C:\Users\vitya\cinema\movies\views.py", line 691, in create_review
    review.time = timezone.now()
                  ^^^^^^^^^^^^
AttributeError: type object 'datetime.timezone' has no attribute 'now'
2024-05-22 18:04:28,535 INFO C:\Users\vitya\cinema\movies\views.py changed, reloading.
2024-05-22 18:04:35,078 INFO C:\Users\vitya\cinema\movies\views.py changed, reloading.
2024-05-22 18:04:39,141 ERROR Internal Server Error: /reviews/create
Traceback (most recent call last):
  File "C:\Users\vitya\AppData\Local\Programs\Python\Python311\Lib\site-packages\django\core\handlers\exception.py", line 55, in inner
    response = get_response(request)
               ^^^^^^^^^^^^^^^^^^^^^
  File "C:\Users\vitya\AppData\Local\Programs\Python\Python311\Lib\site-packages\django\core\handlers\base.py", line 197, in _get_response
    response = wrapped_callback(request, *callback_args, **callback_kwargs)
               ^^^^^^^^^^^^^^^^^^^^^^^^^^^^^^^^^^^^^^^^^^^^^^^^^^^^^^^^^^^^
  File "C:\Users\vitya\AppData\Local\Programs\Python\Python311\Lib\site-packages\django\contrib\auth\decorators.py", line 23, in _wrapper_view
    return view_func(request, *args, **kwargs)
           ^^^^^^^^^^^^^^^^^^^^^^^^^^^^^^^^^^^
  File "C:\Users\vitya\cinema\movies\views.py", line 693, in create_review
    return redirect('review_list')
           ^^^^^^^^^^^^^^^^^^^^^^^
  File "C:\Users\vitya\AppData\Local\Programs\Python\Python311\Lib\site-packages\django\shortcuts.py", line 49, in redirect
    return redirect_class(resolve_url(to, *args, **kwargs))
                          ^^^^^^^^^^^^^^^^^^^^^^^^^^^^^^^^
  File "C:\Users\vitya\AppData\Local\Programs\Python\Python311\Lib\site-packages\django\shortcuts.py", line 180, in resolve_url
    return reverse(to, args=args, kwargs=kwargs)
           ^^^^^^^^^^^^^^^^^^^^^^^^^^^^^^^^^^^^^
  File "C:\Users\vitya\AppData\Local\Programs\Python\Python311\Lib\site-packages\django\urls\base.py", line 88, in reverse
    return resolver._reverse_with_prefix(view, prefix, *args, **kwargs)
           ^^^^^^^^^^^^^^^^^^^^^^^^^^^^^^^^^^^^^^^^^^^^^^^^^^^^^^^^^^^^
  File "C:\Users\vitya\AppData\Local\Programs\Python\Python311\Lib\site-packages\django\urls\resolvers.py", line 851, in _reverse_with_prefix
    raise NoReverseMatch(msg)
django.urls.exceptions.NoReverseMatch: Reverse for 'review_list' not found. 'review_list' is not a valid view function or pattern name.
2024-05-22 18:05:14,376 INFO C:\Users\vitya\cinema\movies\views.py changed, reloading.
2024-05-22 18:07:18,501 INFO C:\Users\vitya\cinema\movies\urls.py changed, reloading.
2024-05-22 18:07:21,852 INFO C:\Users\vitya\cinema\movies\urls.py changed, reloading.
2024-05-22 18:07:44,459 INFO C:\Users\vitya\cinema\movies\urls.py changed, reloading.
2024-05-22 18:07:46,714 INFO C:\Users\vitya\cinema\movies\urls.py changed, reloading.
2024-05-22 18:08:02,026 INFO C:\Users\vitya\cinema\movies\views.py changed, reloading.
2024-05-22 18:08:07,195 INFO C:\Users\vitya\cinema\movies\views.py changed, reloading.
2024-05-22 18:08:09,293 INFO C:\Users\vitya\cinema\movies\views.py changed, reloading.
2024-05-22 18:08:15,607 INFO C:\Users\vitya\cinema\movies\views.py changed, reloading.
2024-05-22 18:08:18,917 INFO C:\Users\vitya\cinema\movies\views.py changed, reloading.
2024-05-22 18:08:22,395 INFO C:\Users\vitya\cinema\movies\views.py changed, reloading.
2024-05-22 18:08:24,726 INFO C:\Users\vitya\cinema\movies\views.py changed, reloading.
2024-05-22 18:08:27,115 INFO C:\Users\vitya\cinema\movies\views.py changed, reloading.
2024-05-22 18:08:30,396 INFO C:\Users\vitya\cinema\movies\views.py changed, reloading.
2024-05-22 18:08:33,739 INFO C:\Users\vitya\cinema\movies\views.py changed, reloading.
2024-05-22 18:09:36,308 ERROR Internal Server Error: /reviews/delete
Traceback (most recent call last):
  File "C:\Users\vitya\AppData\Local\Programs\Python\Python311\Lib\site-packages\django\core\handlers\exception.py", line 55, in inner
    response = get_response(request)
               ^^^^^^^^^^^^^^^^^^^^^
  File "C:\Users\vitya\AppData\Local\Programs\Python\Python311\Lib\site-packages\django\core\handlers\base.py", line 204, in _get_response
    self.check_response(response, callback)
  File "C:\Users\vitya\AppData\Local\Programs\Python\Python311\Lib\site-packages\django\core\handlers\base.py", line 332, in check_response
    raise ValueError(
ValueError: The view movies.views.delete_review_by_id didn't return an HttpResponse object. It returned None instead.
2024-05-22 18:10:00,659 INFO News successful got
2024-05-22 18:11:00,513 INFO News successful got
2024-05-22 18:12:17,730 INFO C:\Users\vitya\cinema\movies\urls.py changed, reloading.
2024-05-22 18:12:23,253 INFO C:\Users\vitya\cinema\movies\urls.py changed, reloading.
2024-05-22 18:12:30,702 INFO C:\Users\vitya\cinema\movies\urls.py changed, reloading.
2024-05-22 18:12:46,043 INFO C:\Users\vitya\cinema\movies\views.py changed, reloading.
2024-05-22 18:12:48,408 INFO C:\Users\vitya\cinema\movies\views.py changed, reloading.
2024-05-22 18:12:54,826 INFO C:\Users\vitya\cinema\movies\views.py changed, reloading.
2024-05-22 18:12:57,285 INFO C:\Users\vitya\cinema\movies\views.py changed, reloading.
2024-05-22 18:14:15,934 INFO News successful got
2024-05-22 18:14:18,516 INFO News successful got
2024-05-22 18:15:11,613 INFO C:\Users\vitya\cinema\movies\models.py changed, reloading.
2024-05-22 18:15:18,242 INFO C:\Users\vitya\cinema\movies\models.py changed, reloading.
2024-05-22 18:15:26,630 INFO C:\Users\vitya\cinema\movies\models.py changed, reloading.
2024-05-22 18:15:29,042 INFO C:\Users\vitya\cinema\movies\models.py changed, reloading.
2024-05-22 18:15:35,419 INFO C:\Users\vitya\cinema\movies\models.py changed, reloading.
2024-05-22 18:15:42,754 INFO C:\Users\vitya\cinema\movies\models.py changed, reloading.
2024-05-22 18:19:31,690 INFO C:\Users\vitya\cinema\movies\models.py changed, reloading.
2024-05-22 18:19:34,115 INFO C:\Users\vitya\cinema\movies\models.py changed, reloading.
2024-05-22 18:20:08,271 INFO C:\Users\vitya\cinema\movies\forms.py changed, reloading.
2024-05-22 18:22:29,528 INFO C:\Users\vitya\cinema\movies\views.py changed, reloading.
2024-05-22 18:24:17,280 INFO Register success: Username: q
2024-05-22 18:25:18,885 ERROR Internal Server Error: /profile/
Traceback (most recent call last):
  File "C:\Users\vitya\AppData\Local\Programs\Python\Python311\Lib\site-packages\django\template\base.py", line 502, in parse
    compile_func = self.tags[command]
                   ~~~~~~~~~^^^^^^^^^
KeyError: 'employee_photos.url'

During handling of the above exception, another exception occurred:

Traceback (most recent call last):
  File "C:\Users\vitya\AppData\Local\Programs\Python\Python311\Lib\site-packages\django\core\handlers\exception.py", line 55, in inner
    response = get_response(request)
               ^^^^^^^^^^^^^^^^^^^^^
  File "C:\Users\vitya\AppData\Local\Programs\Python\Python311\Lib\site-packages\django\core\handlers\base.py", line 197, in _get_response
    response = wrapped_callback(request, *callback_args, **callback_kwargs)
               ^^^^^^^^^^^^^^^^^^^^^^^^^^^^^^^^^^^^^^^^^^^^^^^^^^^^^^^^^^^^
  File "C:\Users\vitya\AppData\Local\Programs\Python\Python311\Lib\site-packages\django\contrib\auth\decorators.py", line 23, in _wrapper_view
    return view_func(request, *args, **kwargs)
           ^^^^^^^^^^^^^^^^^^^^^^^^^^^^^^^^^^^
  File "C:\Users\vitya\cinema\movies\views.py", line 110, in profile
    return render(request, 'profile.html', { 'tickets' : tickets })
           ^^^^^^^^^^^^^^^^^^^^^^^^^^^^^^^^^^^^^^^^^^^^^^^^^^^^^^^^
  File "C:\Users\vitya\AppData\Local\Programs\Python\Python311\Lib\site-packages\django\shortcuts.py", line 25, in render
    content = loader.render_to_string(template_name, context, request, using=using)
              ^^^^^^^^^^^^^^^^^^^^^^^^^^^^^^^^^^^^^^^^^^^^^^^^^^^^^^^^^^^^^^^^^^^^^
  File "C:\Users\vitya\AppData\Local\Programs\Python\Python311\Lib\site-packages\django\template\loader.py", line 61, in render_to_string
    template = get_template(template_name, using=using)
               ^^^^^^^^^^^^^^^^^^^^^^^^^^^^^^^^^^^^^^^^
  File "C:\Users\vitya\AppData\Local\Programs\Python\Python311\Lib\site-packages\django\template\loader.py", line 15, in get_template
    return engine.get_template(template_name)
           ^^^^^^^^^^^^^^^^^^^^^^^^^^^^^^^^^^
  File "C:\Users\vitya\AppData\Local\Programs\Python\Python311\Lib\site-packages\django\template\backends\django.py", line 33, in get_template
    return Template(self.engine.get_template(template_name), self)
                    ^^^^^^^^^^^^^^^^^^^^^^^^^^^^^^^^^^^^^^^
  File "C:\Users\vitya\AppData\Local\Programs\Python\Python311\Lib\site-packages\django\template\engine.py", line 177, in get_template
    template, origin = self.find_template(template_name)
                       ^^^^^^^^^^^^^^^^^^^^^^^^^^^^^^^^^
  File "C:\Users\vitya\AppData\Local\Programs\Python\Python311\Lib\site-packages\django\template\engine.py", line 159, in find_template
    template = loader.get_template(name, skip=skip)
               ^^^^^^^^^^^^^^^^^^^^^^^^^^^^^^^^^^^^
  File "C:\Users\vitya\AppData\Local\Programs\Python\Python311\Lib\site-packages\django\template\loaders\cached.py", line 57, in get_template
    template = super().get_template(template_name, skip)
               ^^^^^^^^^^^^^^^^^^^^^^^^^^^^^^^^^^^^^^^^^
  File "C:\Users\vitya\AppData\Local\Programs\Python\Python311\Lib\site-packages\django\template\loaders\base.py", line 28, in get_template
    return Template(
           ^^^^^^^^^
  File "C:\Users\vitya\AppData\Local\Programs\Python\Python311\Lib\site-packages\django\template\base.py", line 154, in __init__
    self.nodelist = self.compile_nodelist()
                    ^^^^^^^^^^^^^^^^^^^^^^^
  File "C:\Users\vitya\AppData\Local\Programs\Python\Python311\Lib\site-packages\django\template\base.py", line 196, in compile_nodelist
    return parser.parse()
           ^^^^^^^^^^^^^^
  File "C:\Users\vitya\AppData\Local\Programs\Python\Python311\Lib\site-packages\django\template\base.py", line 510, in parse
    raise self.error(token, e)
  File "C:\Users\vitya\AppData\Local\Programs\Python\Python311\Lib\site-packages\django\template\base.py", line 508, in parse
    compiled_result = compile_func(self, token)
                      ^^^^^^^^^^^^^^^^^^^^^^^^^
  File "C:\Users\vitya\AppData\Local\Programs\Python\Python311\Lib\site-packages\django\template\loader_tags.py", line 295, in do_extends
    nodelist = parser.parse()
               ^^^^^^^^^^^^^^
  File "C:\Users\vitya\AppData\Local\Programs\Python\Python311\Lib\site-packages\django\template\base.py", line 510, in parse
    raise self.error(token, e)
  File "C:\Users\vitya\AppData\Local\Programs\Python\Python311\Lib\site-packages\django\template\base.py", line 508, in parse
    compiled_result = compile_func(self, token)
                      ^^^^^^^^^^^^^^^^^^^^^^^^^
  File "C:\Users\vitya\AppData\Local\Programs\Python\Python311\Lib\site-packages\django\template\loader_tags.py", line 234, in do_block
    nodelist = parser.parse(("endblock",))
               ^^^^^^^^^^^^^^^^^^^^^^^^^^^
  File "C:\Users\vitya\AppData\Local\Programs\Python\Python311\Lib\site-packages\django\template\base.py", line 510, in parse
    raise self.error(token, e)
  File "C:\Users\vitya\AppData\Local\Programs\Python\Python311\Lib\site-packages\django\template\base.py", line 508, in parse
    compiled_result = compile_func(self, token)
                      ^^^^^^^^^^^^^^^^^^^^^^^^^
  File "C:\Users\vitya\AppData\Local\Programs\Python\Python311\Lib\site-packages\django\template\defaulttags.py", line 961, in do_if
    nodelist = parser.parse(("elif", "else", "endif"))
               ^^^^^^^^^^^^^^^^^^^^^^^^^^^^^^^^^^^^^^^
  File "C:\Users\vitya\AppData\Local\Programs\Python\Python311\Lib\site-packages\django\template\base.py", line 504, in parse
    self.invalid_block_tag(token, command, parse_until)
  File "C:\Users\vitya\AppData\Local\Programs\Python\Python311\Lib\site-packages\django\template\base.py", line 555, in invalid_block_tag
    raise self.error(
django.template.exceptions.TemplateSyntaxError: Invalid block tag on line 6: 'employee_photos.url', expected 'elif', 'else' or 'endif'. Did you forget to register or load this tag?
2024-05-22 18:25:19,169 ERROR Internal Server Error: /profile/
Traceback (most recent call last):
  File "C:\Users\vitya\AppData\Local\Programs\Python\Python311\Lib\site-packages\django\template\base.py", line 502, in parse
    compile_func = self.tags[command]
                   ~~~~~~~~~^^^^^^^^^
KeyError: 'employee_photos.url'

During handling of the above exception, another exception occurred:

Traceback (most recent call last):
  File "C:\Users\vitya\AppData\Local\Programs\Python\Python311\Lib\site-packages\django\core\handlers\exception.py", line 55, in inner
    response = get_response(request)
               ^^^^^^^^^^^^^^^^^^^^^
  File "C:\Users\vitya\AppData\Local\Programs\Python\Python311\Lib\site-packages\django\core\handlers\base.py", line 197, in _get_response
    response = wrapped_callback(request, *callback_args, **callback_kwargs)
               ^^^^^^^^^^^^^^^^^^^^^^^^^^^^^^^^^^^^^^^^^^^^^^^^^^^^^^^^^^^^
  File "C:\Users\vitya\AppData\Local\Programs\Python\Python311\Lib\site-packages\django\contrib\auth\decorators.py", line 23, in _wrapper_view
    return view_func(request, *args, **kwargs)
           ^^^^^^^^^^^^^^^^^^^^^^^^^^^^^^^^^^^
  File "C:\Users\vitya\cinema\movies\views.py", line 110, in profile
    return render(request, 'profile.html', { 'tickets' : tickets })
           ^^^^^^^^^^^^^^^^^^^^^^^^^^^^^^^^^^^^^^^^^^^^^^^^^^^^^^^^
  File "C:\Users\vitya\AppData\Local\Programs\Python\Python311\Lib\site-packages\django\shortcuts.py", line 25, in render
    content = loader.render_to_string(template_name, context, request, using=using)
              ^^^^^^^^^^^^^^^^^^^^^^^^^^^^^^^^^^^^^^^^^^^^^^^^^^^^^^^^^^^^^^^^^^^^^
  File "C:\Users\vitya\AppData\Local\Programs\Python\Python311\Lib\site-packages\django\template\loader.py", line 61, in render_to_string
    template = get_template(template_name, using=using)
               ^^^^^^^^^^^^^^^^^^^^^^^^^^^^^^^^^^^^^^^^
  File "C:\Users\vitya\AppData\Local\Programs\Python\Python311\Lib\site-packages\django\template\loader.py", line 15, in get_template
    return engine.get_template(template_name)
           ^^^^^^^^^^^^^^^^^^^^^^^^^^^^^^^^^^
  File "C:\Users\vitya\AppData\Local\Programs\Python\Python311\Lib\site-packages\django\template\backends\django.py", line 33, in get_template
    return Template(self.engine.get_template(template_name), self)
                    ^^^^^^^^^^^^^^^^^^^^^^^^^^^^^^^^^^^^^^^
  File "C:\Users\vitya\AppData\Local\Programs\Python\Python311\Lib\site-packages\django\template\engine.py", line 177, in get_template
    template, origin = self.find_template(template_name)
                       ^^^^^^^^^^^^^^^^^^^^^^^^^^^^^^^^^
  File "C:\Users\vitya\AppData\Local\Programs\Python\Python311\Lib\site-packages\django\template\engine.py", line 159, in find_template
    template = loader.get_template(name, skip=skip)
               ^^^^^^^^^^^^^^^^^^^^^^^^^^^^^^^^^^^^
  File "C:\Users\vitya\AppData\Local\Programs\Python\Python311\Lib\site-packages\django\template\loaders\cached.py", line 57, in get_template
    template = super().get_template(template_name, skip)
               ^^^^^^^^^^^^^^^^^^^^^^^^^^^^^^^^^^^^^^^^^
  File "C:\Users\vitya\AppData\Local\Programs\Python\Python311\Lib\site-packages\django\template\loaders\base.py", line 28, in get_template
    return Template(
           ^^^^^^^^^
  File "C:\Users\vitya\AppData\Local\Programs\Python\Python311\Lib\site-packages\django\template\base.py", line 154, in __init__
    self.nodelist = self.compile_nodelist()
                    ^^^^^^^^^^^^^^^^^^^^^^^
  File "C:\Users\vitya\AppData\Local\Programs\Python\Python311\Lib\site-packages\django\template\base.py", line 196, in compile_nodelist
    return parser.parse()
           ^^^^^^^^^^^^^^
  File "C:\Users\vitya\AppData\Local\Programs\Python\Python311\Lib\site-packages\django\template\base.py", line 510, in parse
    raise self.error(token, e)
  File "C:\Users\vitya\AppData\Local\Programs\Python\Python311\Lib\site-packages\django\template\base.py", line 508, in parse
    compiled_result = compile_func(self, token)
                      ^^^^^^^^^^^^^^^^^^^^^^^^^
  File "C:\Users\vitya\AppData\Local\Programs\Python\Python311\Lib\site-packages\django\template\loader_tags.py", line 295, in do_extends
    nodelist = parser.parse()
               ^^^^^^^^^^^^^^
  File "C:\Users\vitya\AppData\Local\Programs\Python\Python311\Lib\site-packages\django\template\base.py", line 510, in parse
    raise self.error(token, e)
  File "C:\Users\vitya\AppData\Local\Programs\Python\Python311\Lib\site-packages\django\template\base.py", line 508, in parse
    compiled_result = compile_func(self, token)
                      ^^^^^^^^^^^^^^^^^^^^^^^^^
  File "C:\Users\vitya\AppData\Local\Programs\Python\Python311\Lib\site-packages\django\template\loader_tags.py", line 234, in do_block
    nodelist = parser.parse(("endblock",))
               ^^^^^^^^^^^^^^^^^^^^^^^^^^^
  File "C:\Users\vitya\AppData\Local\Programs\Python\Python311\Lib\site-packages\django\template\base.py", line 510, in parse
    raise self.error(token, e)
  File "C:\Users\vitya\AppData\Local\Programs\Python\Python311\Lib\site-packages\django\template\base.py", line 508, in parse
    compiled_result = compile_func(self, token)
                      ^^^^^^^^^^^^^^^^^^^^^^^^^
  File "C:\Users\vitya\AppData\Local\Programs\Python\Python311\Lib\site-packages\django\template\defaulttags.py", line 961, in do_if
    nodelist = parser.parse(("elif", "else", "endif"))
               ^^^^^^^^^^^^^^^^^^^^^^^^^^^^^^^^^^^^^^^
  File "C:\Users\vitya\AppData\Local\Programs\Python\Python311\Lib\site-packages\django\template\base.py", line 504, in parse
    self.invalid_block_tag(token, command, parse_until)
  File "C:\Users\vitya\AppData\Local\Programs\Python\Python311\Lib\site-packages\django\template\base.py", line 555, in invalid_block_tag
    raise self.error(
django.template.exceptions.TemplateSyntaxError: Invalid block tag on line 6: 'employee_photos.url', expected 'elif', 'else' or 'endif'. Did you forget to register or load this tag?
2024-05-22 18:26:26,644 INFO News successful got
2024-05-22 18:28:15,001 ERROR Internal Server Error: /profile/
Traceback (most recent call last):
  File "C:\Users\vitya\AppData\Local\Programs\Python\Python311\Lib\site-packages\django\core\handlers\exception.py", line 55, in inner
    response = get_response(request)
               ^^^^^^^^^^^^^^^^^^^^^
  File "C:\Users\vitya\AppData\Local\Programs\Python\Python311\Lib\site-packages\django\core\handlers\base.py", line 197, in _get_response
    response = wrapped_callback(request, *callback_args, **callback_kwargs)
               ^^^^^^^^^^^^^^^^^^^^^^^^^^^^^^^^^^^^^^^^^^^^^^^^^^^^^^^^^^^^
  File "C:\Users\vitya\AppData\Local\Programs\Python\Python311\Lib\site-packages\django\contrib\auth\decorators.py", line 23, in _wrapper_view
    return view_func(request, *args, **kwargs)
           ^^^^^^^^^^^^^^^^^^^^^^^^^^^^^^^^^^^
  File "C:\Users\vitya\cinema\movies\views.py", line 110, in profile
    return render(request, 'profile.html', { 'tickets' : tickets })
           ^^^^^^^^^^^^^^^^^^^^^^^^^^^^^^^^^^^^^^^^^^^^^^^^^^^^^^^^
  File "C:\Users\vitya\AppData\Local\Programs\Python\Python311\Lib\site-packages\django\shortcuts.py", line 25, in render
    content = loader.render_to_string(template_name, context, request, using=using)
              ^^^^^^^^^^^^^^^^^^^^^^^^^^^^^^^^^^^^^^^^^^^^^^^^^^^^^^^^^^^^^^^^^^^^^
  File "C:\Users\vitya\AppData\Local\Programs\Python\Python311\Lib\site-packages\django\template\loader.py", line 61, in render_to_string
    template = get_template(template_name, using=using)
               ^^^^^^^^^^^^^^^^^^^^^^^^^^^^^^^^^^^^^^^^
  File "C:\Users\vitya\AppData\Local\Programs\Python\Python311\Lib\site-packages\django\template\loader.py", line 15, in get_template
    return engine.get_template(template_name)
           ^^^^^^^^^^^^^^^^^^^^^^^^^^^^^^^^^^
  File "C:\Users\vitya\AppData\Local\Programs\Python\Python311\Lib\site-packages\django\template\backends\django.py", line 33, in get_template
    return Template(self.engine.get_template(template_name), self)
                    ^^^^^^^^^^^^^^^^^^^^^^^^^^^^^^^^^^^^^^^
  File "C:\Users\vitya\AppData\Local\Programs\Python\Python311\Lib\site-packages\django\template\engine.py", line 177, in get_template
    template, origin = self.find_template(template_name)
                       ^^^^^^^^^^^^^^^^^^^^^^^^^^^^^^^^^
  File "C:\Users\vitya\AppData\Local\Programs\Python\Python311\Lib\site-packages\django\template\engine.py", line 159, in find_template
    template = loader.get_template(name, skip=skip)
               ^^^^^^^^^^^^^^^^^^^^^^^^^^^^^^^^^^^^
  File "C:\Users\vitya\AppData\Local\Programs\Python\Python311\Lib\site-packages\django\template\loaders\cached.py", line 57, in get_template
    template = super().get_template(template_name, skip)
               ^^^^^^^^^^^^^^^^^^^^^^^^^^^^^^^^^^^^^^^^^
  File "C:\Users\vitya\AppData\Local\Programs\Python\Python311\Lib\site-packages\django\template\loaders\base.py", line 28, in get_template
    return Template(
           ^^^^^^^^^
  File "C:\Users\vitya\AppData\Local\Programs\Python\Python311\Lib\site-packages\django\template\base.py", line 154, in __init__
    self.nodelist = self.compile_nodelist()
                    ^^^^^^^^^^^^^^^^^^^^^^^
  File "C:\Users\vitya\AppData\Local\Programs\Python\Python311\Lib\site-packages\django\template\base.py", line 196, in compile_nodelist
    return parser.parse()
           ^^^^^^^^^^^^^^
  File "C:\Users\vitya\AppData\Local\Programs\Python\Python311\Lib\site-packages\django\template\base.py", line 510, in parse
    raise self.error(token, e)
  File "C:\Users\vitya\AppData\Local\Programs\Python\Python311\Lib\site-packages\django\template\base.py", line 508, in parse
    compiled_result = compile_func(self, token)
                      ^^^^^^^^^^^^^^^^^^^^^^^^^
  File "C:\Users\vitya\AppData\Local\Programs\Python\Python311\Lib\site-packages\django\template\loader_tags.py", line 295, in do_extends
    nodelist = parser.parse()
               ^^^^^^^^^^^^^^
  File "C:\Users\vitya\AppData\Local\Programs\Python\Python311\Lib\site-packages\django\template\base.py", line 510, in parse
    raise self.error(token, e)
  File "C:\Users\vitya\AppData\Local\Programs\Python\Python311\Lib\site-packages\django\template\base.py", line 508, in parse
    compiled_result = compile_func(self, token)
                      ^^^^^^^^^^^^^^^^^^^^^^^^^
  File "C:\Users\vitya\AppData\Local\Programs\Python\Python311\Lib\site-packages\django\template\loader_tags.py", line 234, in do_block
    nodelist = parser.parse(("endblock",))
               ^^^^^^^^^^^^^^^^^^^^^^^^^^^
  File "C:\Users\vitya\AppData\Local\Programs\Python\Python311\Lib\site-packages\django\template\base.py", line 481, in parse
    raise self.error(token, e)
  File "C:\Users\vitya\AppData\Local\Programs\Python\Python311\Lib\site-packages\django\template\base.py", line 479, in parse
    filter_expression = self.compile_filter(token.contents)
                        ^^^^^^^^^^^^^^^^^^^^^^^^^^^^^^^^^^^
  File "C:\Users\vitya\AppData\Local\Programs\Python\Python311\Lib\site-packages\django\template\base.py", line 597, in compile_filter
    return FilterExpression(token, self)
           ^^^^^^^^^^^^^^^^^^^^^^^^^^^^^
  File "C:\Users\vitya\AppData\Local\Programs\Python\Python311\Lib\site-packages\django\template\base.py", line 693, in __init__
    filter_func = parser.find_filter(filter_name)
                  ^^^^^^^^^^^^^^^^^^^^^^^^^^^^^^^
  File "C:\Users\vitya\AppData\Local\Programs\Python\Python311\Lib\site-packages\django\template\base.py", line 603, in find_filter
    raise TemplateSyntaxError("Invalid filter: '%s'" % filter_name)
django.template.exceptions.TemplateSyntaxError: Invalid filter: 'count'
2024-05-22 18:28:15,152 ERROR Internal Server Error: /profile/
Traceback (most recent call last):
  File "C:\Users\vitya\AppData\Local\Programs\Python\Python311\Lib\site-packages\django\core\handlers\exception.py", line 55, in inner
    response = get_response(request)
               ^^^^^^^^^^^^^^^^^^^^^
  File "C:\Users\vitya\AppData\Local\Programs\Python\Python311\Lib\site-packages\django\core\handlers\base.py", line 197, in _get_response
    response = wrapped_callback(request, *callback_args, **callback_kwargs)
               ^^^^^^^^^^^^^^^^^^^^^^^^^^^^^^^^^^^^^^^^^^^^^^^^^^^^^^^^^^^^
  File "C:\Users\vitya\AppData\Local\Programs\Python\Python311\Lib\site-packages\django\contrib\auth\decorators.py", line 23, in _wrapper_view
    return view_func(request, *args, **kwargs)
           ^^^^^^^^^^^^^^^^^^^^^^^^^^^^^^^^^^^
  File "C:\Users\vitya\cinema\movies\views.py", line 110, in profile
    return render(request, 'profile.html', { 'tickets' : tickets })
           ^^^^^^^^^^^^^^^^^^^^^^^^^^^^^^^^^^^^^^^^^^^^^^^^^^^^^^^^
  File "C:\Users\vitya\AppData\Local\Programs\Python\Python311\Lib\site-packages\django\shortcuts.py", line 25, in render
    content = loader.render_to_string(template_name, context, request, using=using)
              ^^^^^^^^^^^^^^^^^^^^^^^^^^^^^^^^^^^^^^^^^^^^^^^^^^^^^^^^^^^^^^^^^^^^^
  File "C:\Users\vitya\AppData\Local\Programs\Python\Python311\Lib\site-packages\django\template\loader.py", line 61, in render_to_string
    template = get_template(template_name, using=using)
               ^^^^^^^^^^^^^^^^^^^^^^^^^^^^^^^^^^^^^^^^
  File "C:\Users\vitya\AppData\Local\Programs\Python\Python311\Lib\site-packages\django\template\loader.py", line 15, in get_template
    return engine.get_template(template_name)
           ^^^^^^^^^^^^^^^^^^^^^^^^^^^^^^^^^^
  File "C:\Users\vitya\AppData\Local\Programs\Python\Python311\Lib\site-packages\django\template\backends\django.py", line 33, in get_template
    return Template(self.engine.get_template(template_name), self)
                    ^^^^^^^^^^^^^^^^^^^^^^^^^^^^^^^^^^^^^^^
  File "C:\Users\vitya\AppData\Local\Programs\Python\Python311\Lib\site-packages\django\template\engine.py", line 177, in get_template
    template, origin = self.find_template(template_name)
                       ^^^^^^^^^^^^^^^^^^^^^^^^^^^^^^^^^
  File "C:\Users\vitya\AppData\Local\Programs\Python\Python311\Lib\site-packages\django\template\engine.py", line 159, in find_template
    template = loader.get_template(name, skip=skip)
               ^^^^^^^^^^^^^^^^^^^^^^^^^^^^^^^^^^^^
  File "C:\Users\vitya\AppData\Local\Programs\Python\Python311\Lib\site-packages\django\template\loaders\cached.py", line 57, in get_template
    template = super().get_template(template_name, skip)
               ^^^^^^^^^^^^^^^^^^^^^^^^^^^^^^^^^^^^^^^^^
  File "C:\Users\vitya\AppData\Local\Programs\Python\Python311\Lib\site-packages\django\template\loaders\base.py", line 28, in get_template
    return Template(
           ^^^^^^^^^
  File "C:\Users\vitya\AppData\Local\Programs\Python\Python311\Lib\site-packages\django\template\base.py", line 154, in __init__
    self.nodelist = self.compile_nodelist()
                    ^^^^^^^^^^^^^^^^^^^^^^^
  File "C:\Users\vitya\AppData\Local\Programs\Python\Python311\Lib\site-packages\django\template\base.py", line 196, in compile_nodelist
    return parser.parse()
           ^^^^^^^^^^^^^^
  File "C:\Users\vitya\AppData\Local\Programs\Python\Python311\Lib\site-packages\django\template\base.py", line 510, in parse
    raise self.error(token, e)
  File "C:\Users\vitya\AppData\Local\Programs\Python\Python311\Lib\site-packages\django\template\base.py", line 508, in parse
    compiled_result = compile_func(self, token)
                      ^^^^^^^^^^^^^^^^^^^^^^^^^
  File "C:\Users\vitya\AppData\Local\Programs\Python\Python311\Lib\site-packages\django\template\loader_tags.py", line 295, in do_extends
    nodelist = parser.parse()
               ^^^^^^^^^^^^^^
  File "C:\Users\vitya\AppData\Local\Programs\Python\Python311\Lib\site-packages\django\template\base.py", line 510, in parse
    raise self.error(token, e)
  File "C:\Users\vitya\AppData\Local\Programs\Python\Python311\Lib\site-packages\django\template\base.py", line 508, in parse
    compiled_result = compile_func(self, token)
                      ^^^^^^^^^^^^^^^^^^^^^^^^^
  File "C:\Users\vitya\AppData\Local\Programs\Python\Python311\Lib\site-packages\django\template\loader_tags.py", line 234, in do_block
    nodelist = parser.parse(("endblock",))
               ^^^^^^^^^^^^^^^^^^^^^^^^^^^
  File "C:\Users\vitya\AppData\Local\Programs\Python\Python311\Lib\site-packages\django\template\base.py", line 481, in parse
    raise self.error(token, e)
  File "C:\Users\vitya\AppData\Local\Programs\Python\Python311\Lib\site-packages\django\template\base.py", line 479, in parse
    filter_expression = self.compile_filter(token.contents)
                        ^^^^^^^^^^^^^^^^^^^^^^^^^^^^^^^^^^^
  File "C:\Users\vitya\AppData\Local\Programs\Python\Python311\Lib\site-packages\django\template\base.py", line 597, in compile_filter
    return FilterExpression(token, self)
           ^^^^^^^^^^^^^^^^^^^^^^^^^^^^^
  File "C:\Users\vitya\AppData\Local\Programs\Python\Python311\Lib\site-packages\django\template\base.py", line 693, in __init__
    filter_func = parser.find_filter(filter_name)
                  ^^^^^^^^^^^^^^^^^^^^^^^^^^^^^^^
  File "C:\Users\vitya\AppData\Local\Programs\Python\Python311\Lib\site-packages\django\template\base.py", line 603, in find_filter
    raise TemplateSyntaxError("Invalid filter: '%s'" % filter_name)
django.template.exceptions.TemplateSyntaxError: Invalid filter: 'count'
2024-05-22 18:28:15,448 ERROR Internal Server Error: /profile/
Traceback (most recent call last):
  File "C:\Users\vitya\AppData\Local\Programs\Python\Python311\Lib\site-packages\django\core\handlers\exception.py", line 55, in inner
    response = get_response(request)
               ^^^^^^^^^^^^^^^^^^^^^
  File "C:\Users\vitya\AppData\Local\Programs\Python\Python311\Lib\site-packages\django\core\handlers\base.py", line 197, in _get_response
    response = wrapped_callback(request, *callback_args, **callback_kwargs)
               ^^^^^^^^^^^^^^^^^^^^^^^^^^^^^^^^^^^^^^^^^^^^^^^^^^^^^^^^^^^^
  File "C:\Users\vitya\AppData\Local\Programs\Python\Python311\Lib\site-packages\django\contrib\auth\decorators.py", line 23, in _wrapper_view
    return view_func(request, *args, **kwargs)
           ^^^^^^^^^^^^^^^^^^^^^^^^^^^^^^^^^^^
  File "C:\Users\vitya\cinema\movies\views.py", line 110, in profile
    return render(request, 'profile.html', { 'tickets' : tickets })
           ^^^^^^^^^^^^^^^^^^^^^^^^^^^^^^^^^^^^^^^^^^^^^^^^^^^^^^^^
  File "C:\Users\vitya\AppData\Local\Programs\Python\Python311\Lib\site-packages\django\shortcuts.py", line 25, in render
    content = loader.render_to_string(template_name, context, request, using=using)
              ^^^^^^^^^^^^^^^^^^^^^^^^^^^^^^^^^^^^^^^^^^^^^^^^^^^^^^^^^^^^^^^^^^^^^
  File "C:\Users\vitya\AppData\Local\Programs\Python\Python311\Lib\site-packages\django\template\loader.py", line 61, in render_to_string
    template = get_template(template_name, using=using)
               ^^^^^^^^^^^^^^^^^^^^^^^^^^^^^^^^^^^^^^^^
  File "C:\Users\vitya\AppData\Local\Programs\Python\Python311\Lib\site-packages\django\template\loader.py", line 15, in get_template
    return engine.get_template(template_name)
           ^^^^^^^^^^^^^^^^^^^^^^^^^^^^^^^^^^
  File "C:\Users\vitya\AppData\Local\Programs\Python\Python311\Lib\site-packages\django\template\backends\django.py", line 33, in get_template
    return Template(self.engine.get_template(template_name), self)
                    ^^^^^^^^^^^^^^^^^^^^^^^^^^^^^^^^^^^^^^^
  File "C:\Users\vitya\AppData\Local\Programs\Python\Python311\Lib\site-packages\django\template\engine.py", line 177, in get_template
    template, origin = self.find_template(template_name)
                       ^^^^^^^^^^^^^^^^^^^^^^^^^^^^^^^^^
  File "C:\Users\vitya\AppData\Local\Programs\Python\Python311\Lib\site-packages\django\template\engine.py", line 159, in find_template
    template = loader.get_template(name, skip=skip)
               ^^^^^^^^^^^^^^^^^^^^^^^^^^^^^^^^^^^^
  File "C:\Users\vitya\AppData\Local\Programs\Python\Python311\Lib\site-packages\django\template\loaders\cached.py", line 57, in get_template
    template = super().get_template(template_name, skip)
               ^^^^^^^^^^^^^^^^^^^^^^^^^^^^^^^^^^^^^^^^^
  File "C:\Users\vitya\AppData\Local\Programs\Python\Python311\Lib\site-packages\django\template\loaders\base.py", line 28, in get_template
    return Template(
           ^^^^^^^^^
  File "C:\Users\vitya\AppData\Local\Programs\Python\Python311\Lib\site-packages\django\template\base.py", line 154, in __init__
    self.nodelist = self.compile_nodelist()
                    ^^^^^^^^^^^^^^^^^^^^^^^
  File "C:\Users\vitya\AppData\Local\Programs\Python\Python311\Lib\site-packages\django\template\base.py", line 196, in compile_nodelist
    return parser.parse()
           ^^^^^^^^^^^^^^
  File "C:\Users\vitya\AppData\Local\Programs\Python\Python311\Lib\site-packages\django\template\base.py", line 510, in parse
    raise self.error(token, e)
  File "C:\Users\vitya\AppData\Local\Programs\Python\Python311\Lib\site-packages\django\template\base.py", line 508, in parse
    compiled_result = compile_func(self, token)
                      ^^^^^^^^^^^^^^^^^^^^^^^^^
  File "C:\Users\vitya\AppData\Local\Programs\Python\Python311\Lib\site-packages\django\template\loader_tags.py", line 295, in do_extends
    nodelist = parser.parse()
               ^^^^^^^^^^^^^^
  File "C:\Users\vitya\AppData\Local\Programs\Python\Python311\Lib\site-packages\django\template\base.py", line 510, in parse
    raise self.error(token, e)
  File "C:\Users\vitya\AppData\Local\Programs\Python\Python311\Lib\site-packages\django\template\base.py", line 508, in parse
    compiled_result = compile_func(self, token)
                      ^^^^^^^^^^^^^^^^^^^^^^^^^
  File "C:\Users\vitya\AppData\Local\Programs\Python\Python311\Lib\site-packages\django\template\loader_tags.py", line 234, in do_block
    nodelist = parser.parse(("endblock",))
               ^^^^^^^^^^^^^^^^^^^^^^^^^^^
  File "C:\Users\vitya\AppData\Local\Programs\Python\Python311\Lib\site-packages\django\template\base.py", line 481, in parse
    raise self.error(token, e)
  File "C:\Users\vitya\AppData\Local\Programs\Python\Python311\Lib\site-packages\django\template\base.py", line 479, in parse
    filter_expression = self.compile_filter(token.contents)
                        ^^^^^^^^^^^^^^^^^^^^^^^^^^^^^^^^^^^
  File "C:\Users\vitya\AppData\Local\Programs\Python\Python311\Lib\site-packages\django\template\base.py", line 597, in compile_filter
    return FilterExpression(token, self)
           ^^^^^^^^^^^^^^^^^^^^^^^^^^^^^
  File "C:\Users\vitya\AppData\Local\Programs\Python\Python311\Lib\site-packages\django\template\base.py", line 693, in __init__
    filter_func = parser.find_filter(filter_name)
                  ^^^^^^^^^^^^^^^^^^^^^^^^^^^^^^^
  File "C:\Users\vitya\AppData\Local\Programs\Python\Python311\Lib\site-packages\django\template\base.py", line 603, in find_filter
    raise TemplateSyntaxError("Invalid filter: '%s'" % filter_name)
django.template.exceptions.TemplateSyntaxError: Invalid filter: 'count'
2024-05-22 18:28:15,982 ERROR Internal Server Error: /profile/
Traceback (most recent call last):
  File "C:\Users\vitya\AppData\Local\Programs\Python\Python311\Lib\site-packages\django\core\handlers\exception.py", line 55, in inner
    response = get_response(request)
               ^^^^^^^^^^^^^^^^^^^^^
  File "C:\Users\vitya\AppData\Local\Programs\Python\Python311\Lib\site-packages\django\core\handlers\base.py", line 197, in _get_response
    response = wrapped_callback(request, *callback_args, **callback_kwargs)
               ^^^^^^^^^^^^^^^^^^^^^^^^^^^^^^^^^^^^^^^^^^^^^^^^^^^^^^^^^^^^
  File "C:\Users\vitya\AppData\Local\Programs\Python\Python311\Lib\site-packages\django\contrib\auth\decorators.py", line 23, in _wrapper_view
    return view_func(request, *args, **kwargs)
           ^^^^^^^^^^^^^^^^^^^^^^^^^^^^^^^^^^^
  File "C:\Users\vitya\cinema\movies\views.py", line 110, in profile
    return render(request, 'profile.html', { 'tickets' : tickets })
           ^^^^^^^^^^^^^^^^^^^^^^^^^^^^^^^^^^^^^^^^^^^^^^^^^^^^^^^^
  File "C:\Users\vitya\AppData\Local\Programs\Python\Python311\Lib\site-packages\django\shortcuts.py", line 25, in render
    content = loader.render_to_string(template_name, context, request, using=using)
              ^^^^^^^^^^^^^^^^^^^^^^^^^^^^^^^^^^^^^^^^^^^^^^^^^^^^^^^^^^^^^^^^^^^^^
  File "C:\Users\vitya\AppData\Local\Programs\Python\Python311\Lib\site-packages\django\template\loader.py", line 61, in render_to_string
    template = get_template(template_name, using=using)
               ^^^^^^^^^^^^^^^^^^^^^^^^^^^^^^^^^^^^^^^^
  File "C:\Users\vitya\AppData\Local\Programs\Python\Python311\Lib\site-packages\django\template\loader.py", line 15, in get_template
    return engine.get_template(template_name)
           ^^^^^^^^^^^^^^^^^^^^^^^^^^^^^^^^^^
  File "C:\Users\vitya\AppData\Local\Programs\Python\Python311\Lib\site-packages\django\template\backends\django.py", line 33, in get_template
    return Template(self.engine.get_template(template_name), self)
                    ^^^^^^^^^^^^^^^^^^^^^^^^^^^^^^^^^^^^^^^
  File "C:\Users\vitya\AppData\Local\Programs\Python\Python311\Lib\site-packages\django\template\engine.py", line 177, in get_template
    template, origin = self.find_template(template_name)
                       ^^^^^^^^^^^^^^^^^^^^^^^^^^^^^^^^^
  File "C:\Users\vitya\AppData\Local\Programs\Python\Python311\Lib\site-packages\django\template\engine.py", line 159, in find_template
    template = loader.get_template(name, skip=skip)
               ^^^^^^^^^^^^^^^^^^^^^^^^^^^^^^^^^^^^
  File "C:\Users\vitya\AppData\Local\Programs\Python\Python311\Lib\site-packages\django\template\loaders\cached.py", line 57, in get_template
    template = super().get_template(template_name, skip)
               ^^^^^^^^^^^^^^^^^^^^^^^^^^^^^^^^^^^^^^^^^
  File "C:\Users\vitya\AppData\Local\Programs\Python\Python311\Lib\site-packages\django\template\loaders\base.py", line 28, in get_template
    return Template(
           ^^^^^^^^^
  File "C:\Users\vitya\AppData\Local\Programs\Python\Python311\Lib\site-packages\django\template\base.py", line 154, in __init__
    self.nodelist = self.compile_nodelist()
                    ^^^^^^^^^^^^^^^^^^^^^^^
  File "C:\Users\vitya\AppData\Local\Programs\Python\Python311\Lib\site-packages\django\template\base.py", line 196, in compile_nodelist
    return parser.parse()
           ^^^^^^^^^^^^^^
  File "C:\Users\vitya\AppData\Local\Programs\Python\Python311\Lib\site-packages\django\template\base.py", line 510, in parse
    raise self.error(token, e)
  File "C:\Users\vitya\AppData\Local\Programs\Python\Python311\Lib\site-packages\django\template\base.py", line 508, in parse
    compiled_result = compile_func(self, token)
                      ^^^^^^^^^^^^^^^^^^^^^^^^^
  File "C:\Users\vitya\AppData\Local\Programs\Python\Python311\Lib\site-packages\django\template\loader_tags.py", line 295, in do_extends
    nodelist = parser.parse()
               ^^^^^^^^^^^^^^
  File "C:\Users\vitya\AppData\Local\Programs\Python\Python311\Lib\site-packages\django\template\base.py", line 510, in parse
    raise self.error(token, e)
  File "C:\Users\vitya\AppData\Local\Programs\Python\Python311\Lib\site-packages\django\template\base.py", line 508, in parse
    compiled_result = compile_func(self, token)
                      ^^^^^^^^^^^^^^^^^^^^^^^^^
  File "C:\Users\vitya\AppData\Local\Programs\Python\Python311\Lib\site-packages\django\template\loader_tags.py", line 234, in do_block
    nodelist = parser.parse(("endblock",))
               ^^^^^^^^^^^^^^^^^^^^^^^^^^^
  File "C:\Users\vitya\AppData\Local\Programs\Python\Python311\Lib\site-packages\django\template\base.py", line 481, in parse
    raise self.error(token, e)
  File "C:\Users\vitya\AppData\Local\Programs\Python\Python311\Lib\site-packages\django\template\base.py", line 479, in parse
    filter_expression = self.compile_filter(token.contents)
                        ^^^^^^^^^^^^^^^^^^^^^^^^^^^^^^^^^^^
  File "C:\Users\vitya\AppData\Local\Programs\Python\Python311\Lib\site-packages\django\template\base.py", line 597, in compile_filter
    return FilterExpression(token, self)
           ^^^^^^^^^^^^^^^^^^^^^^^^^^^^^
  File "C:\Users\vitya\AppData\Local\Programs\Python\Python311\Lib\site-packages\django\template\base.py", line 693, in __init__
    filter_func = parser.find_filter(filter_name)
                  ^^^^^^^^^^^^^^^^^^^^^^^^^^^^^^^
  File "C:\Users\vitya\AppData\Local\Programs\Python\Python311\Lib\site-packages\django\template\base.py", line 603, in find_filter
    raise TemplateSyntaxError("Invalid filter: '%s'" % filter_name)
django.template.exceptions.TemplateSyntaxError: Invalid filter: 'count'
2024-05-22 18:28:16,157 ERROR Internal Server Error: /profile/
Traceback (most recent call last):
  File "C:\Users\vitya\AppData\Local\Programs\Python\Python311\Lib\site-packages\django\core\handlers\exception.py", line 55, in inner
    response = get_response(request)
               ^^^^^^^^^^^^^^^^^^^^^
  File "C:\Users\vitya\AppData\Local\Programs\Python\Python311\Lib\site-packages\django\core\handlers\base.py", line 197, in _get_response
    response = wrapped_callback(request, *callback_args, **callback_kwargs)
               ^^^^^^^^^^^^^^^^^^^^^^^^^^^^^^^^^^^^^^^^^^^^^^^^^^^^^^^^^^^^
  File "C:\Users\vitya\AppData\Local\Programs\Python\Python311\Lib\site-packages\django\contrib\auth\decorators.py", line 23, in _wrapper_view
    return view_func(request, *args, **kwargs)
           ^^^^^^^^^^^^^^^^^^^^^^^^^^^^^^^^^^^
  File "C:\Users\vitya\cinema\movies\views.py", line 110, in profile
    return render(request, 'profile.html', { 'tickets' : tickets })
           ^^^^^^^^^^^^^^^^^^^^^^^^^^^^^^^^^^^^^^^^^^^^^^^^^^^^^^^^
  File "C:\Users\vitya\AppData\Local\Programs\Python\Python311\Lib\site-packages\django\shortcuts.py", line 25, in render
    content = loader.render_to_string(template_name, context, request, using=using)
              ^^^^^^^^^^^^^^^^^^^^^^^^^^^^^^^^^^^^^^^^^^^^^^^^^^^^^^^^^^^^^^^^^^^^^
  File "C:\Users\vitya\AppData\Local\Programs\Python\Python311\Lib\site-packages\django\template\loader.py", line 61, in render_to_string
    template = get_template(template_name, using=using)
               ^^^^^^^^^^^^^^^^^^^^^^^^^^^^^^^^^^^^^^^^
  File "C:\Users\vitya\AppData\Local\Programs\Python\Python311\Lib\site-packages\django\template\loader.py", line 15, in get_template
    return engine.get_template(template_name)
           ^^^^^^^^^^^^^^^^^^^^^^^^^^^^^^^^^^
  File "C:\Users\vitya\AppData\Local\Programs\Python\Python311\Lib\site-packages\django\template\backends\django.py", line 33, in get_template
    return Template(self.engine.get_template(template_name), self)
                    ^^^^^^^^^^^^^^^^^^^^^^^^^^^^^^^^^^^^^^^
  File "C:\Users\vitya\AppData\Local\Programs\Python\Python311\Lib\site-packages\django\template\engine.py", line 177, in get_template
    template, origin = self.find_template(template_name)
                       ^^^^^^^^^^^^^^^^^^^^^^^^^^^^^^^^^
  File "C:\Users\vitya\AppData\Local\Programs\Python\Python311\Lib\site-packages\django\template\engine.py", line 159, in find_template
    template = loader.get_template(name, skip=skip)
               ^^^^^^^^^^^^^^^^^^^^^^^^^^^^^^^^^^^^
  File "C:\Users\vitya\AppData\Local\Programs\Python\Python311\Lib\site-packages\django\template\loaders\cached.py", line 57, in get_template
    template = super().get_template(template_name, skip)
               ^^^^^^^^^^^^^^^^^^^^^^^^^^^^^^^^^^^^^^^^^
  File "C:\Users\vitya\AppData\Local\Programs\Python\Python311\Lib\site-packages\django\template\loaders\base.py", line 28, in get_template
    return Template(
           ^^^^^^^^^
  File "C:\Users\vitya\AppData\Local\Programs\Python\Python311\Lib\site-packages\django\template\base.py", line 154, in __init__
    self.nodelist = self.compile_nodelist()
                    ^^^^^^^^^^^^^^^^^^^^^^^
  File "C:\Users\vitya\AppData\Local\Programs\Python\Python311\Lib\site-packages\django\template\base.py", line 196, in compile_nodelist
    return parser.parse()
           ^^^^^^^^^^^^^^
  File "C:\Users\vitya\AppData\Local\Programs\Python\Python311\Lib\site-packages\django\template\base.py", line 510, in parse
    raise self.error(token, e)
  File "C:\Users\vitya\AppData\Local\Programs\Python\Python311\Lib\site-packages\django\template\base.py", line 508, in parse
    compiled_result = compile_func(self, token)
                      ^^^^^^^^^^^^^^^^^^^^^^^^^
  File "C:\Users\vitya\AppData\Local\Programs\Python\Python311\Lib\site-packages\django\template\loader_tags.py", line 295, in do_extends
    nodelist = parser.parse()
               ^^^^^^^^^^^^^^
  File "C:\Users\vitya\AppData\Local\Programs\Python\Python311\Lib\site-packages\django\template\base.py", line 510, in parse
    raise self.error(token, e)
  File "C:\Users\vitya\AppData\Local\Programs\Python\Python311\Lib\site-packages\django\template\base.py", line 508, in parse
    compiled_result = compile_func(self, token)
                      ^^^^^^^^^^^^^^^^^^^^^^^^^
  File "C:\Users\vitya\AppData\Local\Programs\Python\Python311\Lib\site-packages\django\template\loader_tags.py", line 234, in do_block
    nodelist = parser.parse(("endblock",))
               ^^^^^^^^^^^^^^^^^^^^^^^^^^^
  File "C:\Users\vitya\AppData\Local\Programs\Python\Python311\Lib\site-packages\django\template\base.py", line 481, in parse
    raise self.error(token, e)
  File "C:\Users\vitya\AppData\Local\Programs\Python\Python311\Lib\site-packages\django\template\base.py", line 479, in parse
    filter_expression = self.compile_filter(token.contents)
                        ^^^^^^^^^^^^^^^^^^^^^^^^^^^^^^^^^^^
  File "C:\Users\vitya\AppData\Local\Programs\Python\Python311\Lib\site-packages\django\template\base.py", line 597, in compile_filter
    return FilterExpression(token, self)
           ^^^^^^^^^^^^^^^^^^^^^^^^^^^^^
  File "C:\Users\vitya\AppData\Local\Programs\Python\Python311\Lib\site-packages\django\template\base.py", line 693, in __init__
    filter_func = parser.find_filter(filter_name)
                  ^^^^^^^^^^^^^^^^^^^^^^^^^^^^^^^
  File "C:\Users\vitya\AppData\Local\Programs\Python\Python311\Lib\site-packages\django\template\base.py", line 603, in find_filter
    raise TemplateSyntaxError("Invalid filter: '%s'" % filter_name)
django.template.exceptions.TemplateSyntaxError: Invalid filter: 'count'
2024-05-22 18:28:20,796 ERROR Internal Server Error: /profile/
Traceback (most recent call last):
  File "C:\Users\vitya\AppData\Local\Programs\Python\Python311\Lib\site-packages\django\core\handlers\exception.py", line 55, in inner
    response = get_response(request)
               ^^^^^^^^^^^^^^^^^^^^^
  File "C:\Users\vitya\AppData\Local\Programs\Python\Python311\Lib\site-packages\django\core\handlers\base.py", line 197, in _get_response
    response = wrapped_callback(request, *callback_args, **callback_kwargs)
               ^^^^^^^^^^^^^^^^^^^^^^^^^^^^^^^^^^^^^^^^^^^^^^^^^^^^^^^^^^^^
  File "C:\Users\vitya\AppData\Local\Programs\Python\Python311\Lib\site-packages\django\contrib\auth\decorators.py", line 23, in _wrapper_view
    return view_func(request, *args, **kwargs)
           ^^^^^^^^^^^^^^^^^^^^^^^^^^^^^^^^^^^
  File "C:\Users\vitya\cinema\movies\views.py", line 110, in profile
    return render(request, 'profile.html', { 'tickets' : tickets })
           ^^^^^^^^^^^^^^^^^^^^^^^^^^^^^^^^^^^^^^^^^^^^^^^^^^^^^^^^
  File "C:\Users\vitya\AppData\Local\Programs\Python\Python311\Lib\site-packages\django\shortcuts.py", line 25, in render
    content = loader.render_to_string(template_name, context, request, using=using)
              ^^^^^^^^^^^^^^^^^^^^^^^^^^^^^^^^^^^^^^^^^^^^^^^^^^^^^^^^^^^^^^^^^^^^^
  File "C:\Users\vitya\AppData\Local\Programs\Python\Python311\Lib\site-packages\django\template\loader.py", line 61, in render_to_string
    template = get_template(template_name, using=using)
               ^^^^^^^^^^^^^^^^^^^^^^^^^^^^^^^^^^^^^^^^
  File "C:\Users\vitya\AppData\Local\Programs\Python\Python311\Lib\site-packages\django\template\loader.py", line 15, in get_template
    return engine.get_template(template_name)
           ^^^^^^^^^^^^^^^^^^^^^^^^^^^^^^^^^^
  File "C:\Users\vitya\AppData\Local\Programs\Python\Python311\Lib\site-packages\django\template\backends\django.py", line 33, in get_template
    return Template(self.engine.get_template(template_name), self)
                    ^^^^^^^^^^^^^^^^^^^^^^^^^^^^^^^^^^^^^^^
  File "C:\Users\vitya\AppData\Local\Programs\Python\Python311\Lib\site-packages\django\template\engine.py", line 177, in get_template
    template, origin = self.find_template(template_name)
                       ^^^^^^^^^^^^^^^^^^^^^^^^^^^^^^^^^
  File "C:\Users\vitya\AppData\Local\Programs\Python\Python311\Lib\site-packages\django\template\engine.py", line 159, in find_template
    template = loader.get_template(name, skip=skip)
               ^^^^^^^^^^^^^^^^^^^^^^^^^^^^^^^^^^^^
  File "C:\Users\vitya\AppData\Local\Programs\Python\Python311\Lib\site-packages\django\template\loaders\cached.py", line 57, in get_template
    template = super().get_template(template_name, skip)
               ^^^^^^^^^^^^^^^^^^^^^^^^^^^^^^^^^^^^^^^^^
  File "C:\Users\vitya\AppData\Local\Programs\Python\Python311\Lib\site-packages\django\template\loaders\base.py", line 28, in get_template
    return Template(
           ^^^^^^^^^
  File "C:\Users\vitya\AppData\Local\Programs\Python\Python311\Lib\site-packages\django\template\base.py", line 154, in __init__
    self.nodelist = self.compile_nodelist()
                    ^^^^^^^^^^^^^^^^^^^^^^^
  File "C:\Users\vitya\AppData\Local\Programs\Python\Python311\Lib\site-packages\django\template\base.py", line 196, in compile_nodelist
    return parser.parse()
           ^^^^^^^^^^^^^^
  File "C:\Users\vitya\AppData\Local\Programs\Python\Python311\Lib\site-packages\django\template\base.py", line 510, in parse
    raise self.error(token, e)
  File "C:\Users\vitya\AppData\Local\Programs\Python\Python311\Lib\site-packages\django\template\base.py", line 508, in parse
    compiled_result = compile_func(self, token)
                      ^^^^^^^^^^^^^^^^^^^^^^^^^
  File "C:\Users\vitya\AppData\Local\Programs\Python\Python311\Lib\site-packages\django\template\loader_tags.py", line 295, in do_extends
    nodelist = parser.parse()
               ^^^^^^^^^^^^^^
  File "C:\Users\vitya\AppData\Local\Programs\Python\Python311\Lib\site-packages\django\template\base.py", line 510, in parse
    raise self.error(token, e)
  File "C:\Users\vitya\AppData\Local\Programs\Python\Python311\Lib\site-packages\django\template\base.py", line 508, in parse
    compiled_result = compile_func(self, token)
                      ^^^^^^^^^^^^^^^^^^^^^^^^^
  File "C:\Users\vitya\AppData\Local\Programs\Python\Python311\Lib\site-packages\django\template\loader_tags.py", line 234, in do_block
    nodelist = parser.parse(("endblock",))
               ^^^^^^^^^^^^^^^^^^^^^^^^^^^
  File "C:\Users\vitya\AppData\Local\Programs\Python\Python311\Lib\site-packages\django\template\base.py", line 481, in parse
    raise self.error(token, e)
  File "C:\Users\vitya\AppData\Local\Programs\Python\Python311\Lib\site-packages\django\template\base.py", line 479, in parse
    filter_expression = self.compile_filter(token.contents)
                        ^^^^^^^^^^^^^^^^^^^^^^^^^^^^^^^^^^^
  File "C:\Users\vitya\AppData\Local\Programs\Python\Python311\Lib\site-packages\django\template\base.py", line 597, in compile_filter
    return FilterExpression(token, self)
           ^^^^^^^^^^^^^^^^^^^^^^^^^^^^^
  File "C:\Users\vitya\AppData\Local\Programs\Python\Python311\Lib\site-packages\django\template\base.py", line 693, in __init__
    filter_func = parser.find_filter(filter_name)
                  ^^^^^^^^^^^^^^^^^^^^^^^^^^^^^^^
  File "C:\Users\vitya\AppData\Local\Programs\Python\Python311\Lib\site-packages\django\template\base.py", line 603, in find_filter
    raise TemplateSyntaxError("Invalid filter: '%s'" % filter_name)
django.template.exceptions.TemplateSyntaxError: Invalid filter: 'count'
2024-05-22 18:32:58,943 INFO C:\Users\vitya\cinema\movies\models.py changed, reloading.
2024-05-22 18:33:07,656 INFO C:\Users\vitya\cinema\movies\models.py changed, reloading.
2024-05-22 18:34:15,398 INFO C:\Users\vitya\cinema\movies\models.py changed, reloading.
2024-05-22 18:34:17,870 INFO C:\Users\vitya\cinema\movies\models.py changed, reloading.
2024-05-22 18:35:39,555 INFO C:\Users\vitya\cinema\movies\models.py changed, reloading.
2024-05-22 18:36:06,733 INFO C:\Users\vitya\cinema\movies\models.py changed, reloading.
2024-05-22 18:39:47,006 INFO C:\Users\vitya\cinema\movies\views.py changed, reloading.
2024-05-22 18:39:51,481 INFO C:\Users\vitya\cinema\movies\views.py changed, reloading.
2024-05-22 18:40:08,913 INFO C:\Users\vitya\cinema\movies\views.py changed, reloading.
2024-05-22 18:40:16,448 INFO C:\Users\vitya\cinema\movies\views.py changed, reloading.
2024-05-22 18:42:27,929 INFO C:\Users\vitya\cinema\movies\forms.py changed, reloading.
2024-05-22 18:42:33,330 INFO C:\Users\vitya\cinema\movies\forms.py changed, reloading.
2024-05-22 18:42:40,794 INFO C:\Users\vitya\cinema\movies\forms.py changed, reloading.
2024-05-22 18:47:11,877 WARNING Not Found: /users/edit
2024-05-22 18:47:21,474 INFO C:\Users\vitya\cinema\movies\urls.py changed, reloading.
2024-05-22 18:47:23,880 INFO C:\Users\vitya\cinema\movies\urls.py changed, reloading.
2024-05-22 18:47:34,330 INFO C:\Users\vitya\cinema\movies\urls.py changed, reloading.
2024-05-22 18:47:41,625 WARNING Not Found: /users/edit
2024-05-22 18:47:44,796 WARNING Not Found: /users/edit
2024-05-22 18:47:50,577 WARNING Not Found: /users/edit
2024-05-22 18:48:03,580 INFO News successful got
2024-05-22 18:48:06,915 WARNING Not Found: /users/edit
2024-05-22 18:48:15,206 WARNING Not Found: /users/edit
2024-05-22 18:48:31,875 INFO C:\Users\vitya\cinema\movies\urls.py changed, reloading.
2024-05-22 18:49:57,177 WARNING Not Found: /users/edit
2024-05-22 18:50:03,978 WARNING Not Found: /users/edit
2024-05-22 18:50:18,157 WARNING Not Found: /users/edit
2024-05-22 18:50:54,881 INFO News successful got
2024-05-22 18:51:05,743 INFO News successful got
2024-05-22 18:51:07,318 INFO News successful got
2024-05-22 18:51:12,669 INFO News successful got
2024-05-22 18:51:13,045 INFO News successful got
2024-05-22 18:51:13,866 INFO News successful got
2024-05-22 18:51:46,358 INFO News successful got
2024-05-22 18:54:03,843 INFO C:\Users\vitya\cinema\movies\views.py changed, reloading.
2024-05-22 18:55:27,528 ERROR Internal Server Error: /profile/
Traceback (most recent call last):
  File "C:\Users\vitya\AppData\Local\Programs\Python\Python311\Lib\site-packages\django\core\handlers\exception.py", line 55, in inner
    response = get_response(request)
               ^^^^^^^^^^^^^^^^^^^^^
  File "C:\Users\vitya\AppData\Local\Programs\Python\Python311\Lib\site-packages\django\core\handlers\base.py", line 197, in _get_response
    response = wrapped_callback(request, *callback_args, **callback_kwargs)
               ^^^^^^^^^^^^^^^^^^^^^^^^^^^^^^^^^^^^^^^^^^^^^^^^^^^^^^^^^^^^
  File "C:\Users\vitya\AppData\Local\Programs\Python\Python311\Lib\site-packages\django\contrib\auth\decorators.py", line 23, in _wrapper_view
    return view_func(request, *args, **kwargs)
           ^^^^^^^^^^^^^^^^^^^^^^^^^^^^^^^^^^^
  File "C:\Users\vitya\cinema\movies\views.py", line 110, in profile
    tickets = Ticket.objects.all().filter(client__user__id=request.user.id)
              ^^^^^^^^^^^^^^^^^^^^^^^^^^^^^^^^^^^^^^^^^^^^^^^^^^^^^^^^^^^^^
  File "C:\Users\vitya\AppData\Local\Programs\Python\Python311\Lib\site-packages\django\db\models\query.py", line 1476, in filter
    return self._filter_or_exclude(False, args, kwargs)
           ^^^^^^^^^^^^^^^^^^^^^^^^^^^^^^^^^^^^^^^^^^^^
  File "C:\Users\vitya\AppData\Local\Programs\Python\Python311\Lib\site-packages\django\db\models\query.py", line 1494, in _filter_or_exclude
    clone._filter_or_exclude_inplace(negate, args, kwargs)
  File "C:\Users\vitya\AppData\Local\Programs\Python\Python311\Lib\site-packages\django\db\models\query.py", line 1501, in _filter_or_exclude_inplace
    self._query.add_q(Q(*args, **kwargs))
  File "C:\Users\vitya\AppData\Local\Programs\Python\Python311\Lib\site-packages\django\db\models\sql\query.py", line 1613, in add_q
    clause, _ = self._add_q(q_object, self.used_aliases)
                ^^^^^^^^^^^^^^^^^^^^^^^^^^^^^^^^^^^^^^^^
  File "C:\Users\vitya\AppData\Local\Programs\Python\Python311\Lib\site-packages\django\db\models\sql\query.py", line 1645, in _add_q
    child_clause, needed_inner = self.build_filter(
                                 ^^^^^^^^^^^^^^^^^^
  File "C:\Users\vitya\AppData\Local\Programs\Python\Python311\Lib\site-packages\django\db\models\sql\query.py", line 1559, in build_filter
    condition = self.build_lookup(lookups, col, value)
                ^^^^^^^^^^^^^^^^^^^^^^^^^^^^^^^^^^^^^^
  File "C:\Users\vitya\AppData\Local\Programs\Python\Python311\Lib\site-packages\django\db\models\sql\query.py", line 1376, in build_lookup
    lhs = self.try_transform(lhs, name)
          ^^^^^^^^^^^^^^^^^^^^^^^^^^^^^
  File "C:\Users\vitya\AppData\Local\Programs\Python\Python311\Lib\site-packages\django\db\models\sql\query.py", line 1427, in try_transform
    raise FieldError(
django.core.exceptions.FieldError: Unsupported lookup 'user' for ForeignKey or join on the field not permitted.
2024-05-22 18:55:33,298 ERROR Internal Server Error: /profile/
Traceback (most recent call last):
  File "C:\Users\vitya\AppData\Local\Programs\Python\Python311\Lib\site-packages\django\core\handlers\exception.py", line 55, in inner
    response = get_response(request)
               ^^^^^^^^^^^^^^^^^^^^^
  File "C:\Users\vitya\AppData\Local\Programs\Python\Python311\Lib\site-packages\django\core\handlers\base.py", line 197, in _get_response
    response = wrapped_callback(request, *callback_args, **callback_kwargs)
               ^^^^^^^^^^^^^^^^^^^^^^^^^^^^^^^^^^^^^^^^^^^^^^^^^^^^^^^^^^^^
  File "C:\Users\vitya\AppData\Local\Programs\Python\Python311\Lib\site-packages\django\contrib\auth\decorators.py", line 23, in _wrapper_view
    return view_func(request, *args, **kwargs)
           ^^^^^^^^^^^^^^^^^^^^^^^^^^^^^^^^^^^
  File "C:\Users\vitya\cinema\movies\views.py", line 110, in profile
    tickets = Ticket.objects.all().filter(client__user__id=request.user.id)
              ^^^^^^^^^^^^^^^^^^^^^^^^^^^^^^^^^^^^^^^^^^^^^^^^^^^^^^^^^^^^^
  File "C:\Users\vitya\AppData\Local\Programs\Python\Python311\Lib\site-packages\django\db\models\query.py", line 1476, in filter
    return self._filter_or_exclude(False, args, kwargs)
           ^^^^^^^^^^^^^^^^^^^^^^^^^^^^^^^^^^^^^^^^^^^^
  File "C:\Users\vitya\AppData\Local\Programs\Python\Python311\Lib\site-packages\django\db\models\query.py", line 1494, in _filter_or_exclude
    clone._filter_or_exclude_inplace(negate, args, kwargs)
  File "C:\Users\vitya\AppData\Local\Programs\Python\Python311\Lib\site-packages\django\db\models\query.py", line 1501, in _filter_or_exclude_inplace
    self._query.add_q(Q(*args, **kwargs))
  File "C:\Users\vitya\AppData\Local\Programs\Python\Python311\Lib\site-packages\django\db\models\sql\query.py", line 1613, in add_q
    clause, _ = self._add_q(q_object, self.used_aliases)
                ^^^^^^^^^^^^^^^^^^^^^^^^^^^^^^^^^^^^^^^^
  File "C:\Users\vitya\AppData\Local\Programs\Python\Python311\Lib\site-packages\django\db\models\sql\query.py", line 1645, in _add_q
    child_clause, needed_inner = self.build_filter(
                                 ^^^^^^^^^^^^^^^^^^
  File "C:\Users\vitya\AppData\Local\Programs\Python\Python311\Lib\site-packages\django\db\models\sql\query.py", line 1559, in build_filter
    condition = self.build_lookup(lookups, col, value)
                ^^^^^^^^^^^^^^^^^^^^^^^^^^^^^^^^^^^^^^
  File "C:\Users\vitya\AppData\Local\Programs\Python\Python311\Lib\site-packages\django\db\models\sql\query.py", line 1376, in build_lookup
    lhs = self.try_transform(lhs, name)
          ^^^^^^^^^^^^^^^^^^^^^^^^^^^^^
  File "C:\Users\vitya\AppData\Local\Programs\Python\Python311\Lib\site-packages\django\db\models\sql\query.py", line 1427, in try_transform
    raise FieldError(
django.core.exceptions.FieldError: Unsupported lookup 'user' for ForeignKey or join on the field not permitted.
2024-05-22 18:55:35,314 ERROR Internal Server Error: /profile/
Traceback (most recent call last):
  File "C:\Users\vitya\AppData\Local\Programs\Python\Python311\Lib\site-packages\django\core\handlers\exception.py", line 55, in inner
    response = get_response(request)
               ^^^^^^^^^^^^^^^^^^^^^
  File "C:\Users\vitya\AppData\Local\Programs\Python\Python311\Lib\site-packages\django\core\handlers\base.py", line 197, in _get_response
    response = wrapped_callback(request, *callback_args, **callback_kwargs)
               ^^^^^^^^^^^^^^^^^^^^^^^^^^^^^^^^^^^^^^^^^^^^^^^^^^^^^^^^^^^^
  File "C:\Users\vitya\AppData\Local\Programs\Python\Python311\Lib\site-packages\django\contrib\auth\decorators.py", line 23, in _wrapper_view
    return view_func(request, *args, **kwargs)
           ^^^^^^^^^^^^^^^^^^^^^^^^^^^^^^^^^^^
  File "C:\Users\vitya\cinema\movies\views.py", line 110, in profile
    tickets = Ticket.objects.all().filter(client__user__id=request.user.id)
              ^^^^^^^^^^^^^^^^^^^^^^^^^^^^^^^^^^^^^^^^^^^^^^^^^^^^^^^^^^^^^
  File "C:\Users\vitya\AppData\Local\Programs\Python\Python311\Lib\site-packages\django\db\models\query.py", line 1476, in filter
    return self._filter_or_exclude(False, args, kwargs)
           ^^^^^^^^^^^^^^^^^^^^^^^^^^^^^^^^^^^^^^^^^^^^
  File "C:\Users\vitya\AppData\Local\Programs\Python\Python311\Lib\site-packages\django\db\models\query.py", line 1494, in _filter_or_exclude
    clone._filter_or_exclude_inplace(negate, args, kwargs)
  File "C:\Users\vitya\AppData\Local\Programs\Python\Python311\Lib\site-packages\django\db\models\query.py", line 1501, in _filter_or_exclude_inplace
    self._query.add_q(Q(*args, **kwargs))
  File "C:\Users\vitya\AppData\Local\Programs\Python\Python311\Lib\site-packages\django\db\models\sql\query.py", line 1613, in add_q
    clause, _ = self._add_q(q_object, self.used_aliases)
                ^^^^^^^^^^^^^^^^^^^^^^^^^^^^^^^^^^^^^^^^
  File "C:\Users\vitya\AppData\Local\Programs\Python\Python311\Lib\site-packages\django\db\models\sql\query.py", line 1645, in _add_q
    child_clause, needed_inner = self.build_filter(
                                 ^^^^^^^^^^^^^^^^^^
  File "C:\Users\vitya\AppData\Local\Programs\Python\Python311\Lib\site-packages\django\db\models\sql\query.py", line 1559, in build_filter
    condition = self.build_lookup(lookups, col, value)
                ^^^^^^^^^^^^^^^^^^^^^^^^^^^^^^^^^^^^^^
  File "C:\Users\vitya\AppData\Local\Programs\Python\Python311\Lib\site-packages\django\db\models\sql\query.py", line 1376, in build_lookup
    lhs = self.try_transform(lhs, name)
          ^^^^^^^^^^^^^^^^^^^^^^^^^^^^^
  File "C:\Users\vitya\AppData\Local\Programs\Python\Python311\Lib\site-packages\django\db\models\sql\query.py", line 1427, in try_transform
    raise FieldError(
django.core.exceptions.FieldError: Unsupported lookup 'user' for ForeignKey or join on the field not permitted.
2024-05-22 18:55:45,148 INFO C:\Users\vitya\cinema\movies\views.py changed, reloading.
2024-05-22 18:58:59,907 INFO C:\Users\vitya\cinema\movies\views.py changed, reloading.
2024-05-22 18:59:02,212 INFO C:\Users\vitya\cinema\movies\views.py changed, reloading.
2024-05-22 18:59:13,196 INFO News successful got
2024-05-22 18:59:25,587 INFO News successful got
2024-05-22 19:02:21,469 ERROR Internal Server Error: /contacts/
Traceback (most recent call last):
  File "C:\Users\vitya\AppData\Local\Programs\Python\Python311\Lib\site-packages\django\template\base.py", line 875, in _resolve_lookup
    current = current[bit]
              ~~~~~~~^^^^^
TypeError: 'ImageFieldFile' object is not subscriptable

During handling of the above exception, another exception occurred:

Traceback (most recent call last):
  File "C:\Users\vitya\AppData\Local\Programs\Python\Python311\Lib\site-packages\django\core\handlers\exception.py", line 55, in inner
    response = get_response(request)
               ^^^^^^^^^^^^^^^^^^^^^
  File "C:\Users\vitya\AppData\Local\Programs\Python\Python311\Lib\site-packages\django\core\handlers\base.py", line 197, in _get_response
    response = wrapped_callback(request, *callback_args, **callback_kwargs)
               ^^^^^^^^^^^^^^^^^^^^^^^^^^^^^^^^^^^^^^^^^^^^^^^^^^^^^^^^^^^^
  File "C:\Users\vitya\cinema\movies\views.py", line 103, in contacts
    return render(request, 'contacts.html', { 'staff' : staff })
           ^^^^^^^^^^^^^^^^^^^^^^^^^^^^^^^^^^^^^^^^^^^^^^^^^^^^^
  File "C:\Users\vitya\AppData\Local\Programs\Python\Python311\Lib\site-packages\django\shortcuts.py", line 25, in render
    content = loader.render_to_string(template_name, context, request, using=using)
              ^^^^^^^^^^^^^^^^^^^^^^^^^^^^^^^^^^^^^^^^^^^^^^^^^^^^^^^^^^^^^^^^^^^^^
  File "C:\Users\vitya\AppData\Local\Programs\Python\Python311\Lib\site-packages\django\template\loader.py", line 62, in render_to_string
    return template.render(context, request)
           ^^^^^^^^^^^^^^^^^^^^^^^^^^^^^^^^^
  File "C:\Users\vitya\AppData\Local\Programs\Python\Python311\Lib\site-packages\django\template\backends\django.py", line 61, in render
    return self.template.render(context)
           ^^^^^^^^^^^^^^^^^^^^^^^^^^^^^
  File "C:\Users\vitya\AppData\Local\Programs\Python\Python311\Lib\site-packages\django\template\base.py", line 171, in render
    return self._render(context)
           ^^^^^^^^^^^^^^^^^^^^^
  File "C:\Users\vitya\AppData\Local\Programs\Python\Python311\Lib\site-packages\django\template\base.py", line 163, in _render
    return self.nodelist.render(context)
           ^^^^^^^^^^^^^^^^^^^^^^^^^^^^^
  File "C:\Users\vitya\AppData\Local\Programs\Python\Python311\Lib\site-packages\django\template\base.py", line 1000, in render
    return SafeString("".join([node.render_annotated(context) for node in self]))
                              ^^^^^^^^^^^^^^^^^^^^^^^^^^^^^^^^^^^^^^^^^^^^^^^^^
  File "C:\Users\vitya\AppData\Local\Programs\Python\Python311\Lib\site-packages\django\template\base.py", line 1000, in <listcomp>
    return SafeString("".join([node.render_annotated(context) for node in self]))
                               ^^^^^^^^^^^^^^^^^^^^^^^^^^^^^^
  File "C:\Users\vitya\AppData\Local\Programs\Python\Python311\Lib\site-packages\django\template\base.py", line 961, in render_annotated
    return self.render(context)
           ^^^^^^^^^^^^^^^^^^^^
  File "C:\Users\vitya\AppData\Local\Programs\Python\Python311\Lib\site-packages\django\template\loader_tags.py", line 159, in render
    return compiled_parent._render(context)
           ^^^^^^^^^^^^^^^^^^^^^^^^^^^^^^^^
  File "C:\Users\vitya\AppData\Local\Programs\Python\Python311\Lib\site-packages\django\template\base.py", line 163, in _render
    return self.nodelist.render(context)
           ^^^^^^^^^^^^^^^^^^^^^^^^^^^^^
  File "C:\Users\vitya\AppData\Local\Programs\Python\Python311\Lib\site-packages\django\template\base.py", line 1000, in render
    return SafeString("".join([node.render_annotated(context) for node in self]))
                              ^^^^^^^^^^^^^^^^^^^^^^^^^^^^^^^^^^^^^^^^^^^^^^^^^
  File "C:\Users\vitya\AppData\Local\Programs\Python\Python311\Lib\site-packages\django\template\base.py", line 1000, in <listcomp>
    return SafeString("".join([node.render_annotated(context) for node in self]))
                               ^^^^^^^^^^^^^^^^^^^^^^^^^^^^^^
  File "C:\Users\vitya\AppData\Local\Programs\Python\Python311\Lib\site-packages\django\template\base.py", line 961, in render_annotated
    return self.render(context)
           ^^^^^^^^^^^^^^^^^^^^
  File "C:\Users\vitya\AppData\Local\Programs\Python\Python311\Lib\site-packages\django\template\loader_tags.py", line 65, in render
    result = block.nodelist.render(context)
             ^^^^^^^^^^^^^^^^^^^^^^^^^^^^^^
  File "C:\Users\vitya\AppData\Local\Programs\Python\Python311\Lib\site-packages\django\template\base.py", line 1000, in render
    return SafeString("".join([node.render_annotated(context) for node in self]))
                              ^^^^^^^^^^^^^^^^^^^^^^^^^^^^^^^^^^^^^^^^^^^^^^^^^
  File "C:\Users\vitya\AppData\Local\Programs\Python\Python311\Lib\site-packages\django\template\base.py", line 1000, in <listcomp>
    return SafeString("".join([node.render_annotated(context) for node in self]))
                               ^^^^^^^^^^^^^^^^^^^^^^^^^^^^^^
  File "C:\Users\vitya\AppData\Local\Programs\Python\Python311\Lib\site-packages\django\template\base.py", line 961, in render_annotated
    return self.render(context)
           ^^^^^^^^^^^^^^^^^^^^
  File "C:\Users\vitya\AppData\Local\Programs\Python\Python311\Lib\site-packages\django\template\defaulttags.py", line 242, in render
    nodelist.append(node.render_annotated(context))
                    ^^^^^^^^^^^^^^^^^^^^^^^^^^^^^^
  File "C:\Users\vitya\AppData\Local\Programs\Python\Python311\Lib\site-packages\django\template\base.py", line 961, in render_annotated
    return self.render(context)
           ^^^^^^^^^^^^^^^^^^^^
  File "C:\Users\vitya\AppData\Local\Programs\Python\Python311\Lib\site-packages\django\template\base.py", line 1059, in render
    output = self.filter_expression.resolve(context)
             ^^^^^^^^^^^^^^^^^^^^^^^^^^^^^^^^^^^^^^^
  File "C:\Users\vitya\AppData\Local\Programs\Python\Python311\Lib\site-packages\django\template\base.py", line 710, in resolve
    obj = self.var.resolve(context)
          ^^^^^^^^^^^^^^^^^^^^^^^^^
  File "C:\Users\vitya\AppData\Local\Programs\Python\Python311\Lib\site-packages\django\template\base.py", line 842, in resolve
    value = self._resolve_lookup(context)
            ^^^^^^^^^^^^^^^^^^^^^^^^^^^^^
  File "C:\Users\vitya\AppData\Local\Programs\Python\Python311\Lib\site-packages\django\template\base.py", line 885, in _resolve_lookup
    current = getattr(current, bit)
              ^^^^^^^^^^^^^^^^^^^^^
  File "C:\Users\vitya\AppData\Local\Programs\Python\Python311\Lib\site-packages\django\db\models\fields\files.py", line 66, in url
    self._require_file()
  File "C:\Users\vitya\AppData\Local\Programs\Python\Python311\Lib\site-packages\django\db\models\fields\files.py", line 41, in _require_file
    raise ValueError(
ValueError: The 'photo' attribute has no file associated with it.
2024-05-22 19:02:21,641 ERROR Internal Server Error: /contacts/
Traceback (most recent call last):
  File "C:\Users\vitya\AppData\Local\Programs\Python\Python311\Lib\site-packages\django\template\base.py", line 875, in _resolve_lookup
    current = current[bit]
              ~~~~~~~^^^^^
TypeError: 'ImageFieldFile' object is not subscriptable

During handling of the above exception, another exception occurred:

Traceback (most recent call last):
  File "C:\Users\vitya\AppData\Local\Programs\Python\Python311\Lib\site-packages\django\core\handlers\exception.py", line 55, in inner
    response = get_response(request)
               ^^^^^^^^^^^^^^^^^^^^^
  File "C:\Users\vitya\AppData\Local\Programs\Python\Python311\Lib\site-packages\django\core\handlers\base.py", line 197, in _get_response
    response = wrapped_callback(request, *callback_args, **callback_kwargs)
               ^^^^^^^^^^^^^^^^^^^^^^^^^^^^^^^^^^^^^^^^^^^^^^^^^^^^^^^^^^^^
  File "C:\Users\vitya\cinema\movies\views.py", line 103, in contacts
    return render(request, 'contacts.html', { 'staff' : staff })
           ^^^^^^^^^^^^^^^^^^^^^^^^^^^^^^^^^^^^^^^^^^^^^^^^^^^^^
  File "C:\Users\vitya\AppData\Local\Programs\Python\Python311\Lib\site-packages\django\shortcuts.py", line 25, in render
    content = loader.render_to_string(template_name, context, request, using=using)
              ^^^^^^^^^^^^^^^^^^^^^^^^^^^^^^^^^^^^^^^^^^^^^^^^^^^^^^^^^^^^^^^^^^^^^
  File "C:\Users\vitya\AppData\Local\Programs\Python\Python311\Lib\site-packages\django\template\loader.py", line 62, in render_to_string
    return template.render(context, request)
           ^^^^^^^^^^^^^^^^^^^^^^^^^^^^^^^^^
  File "C:\Users\vitya\AppData\Local\Programs\Python\Python311\Lib\site-packages\django\template\backends\django.py", line 61, in render
    return self.template.render(context)
           ^^^^^^^^^^^^^^^^^^^^^^^^^^^^^
  File "C:\Users\vitya\AppData\Local\Programs\Python\Python311\Lib\site-packages\django\template\base.py", line 171, in render
    return self._render(context)
           ^^^^^^^^^^^^^^^^^^^^^
  File "C:\Users\vitya\AppData\Local\Programs\Python\Python311\Lib\site-packages\django\template\base.py", line 163, in _render
    return self.nodelist.render(context)
           ^^^^^^^^^^^^^^^^^^^^^^^^^^^^^
  File "C:\Users\vitya\AppData\Local\Programs\Python\Python311\Lib\site-packages\django\template\base.py", line 1000, in render
    return SafeString("".join([node.render_annotated(context) for node in self]))
                              ^^^^^^^^^^^^^^^^^^^^^^^^^^^^^^^^^^^^^^^^^^^^^^^^^
  File "C:\Users\vitya\AppData\Local\Programs\Python\Python311\Lib\site-packages\django\template\base.py", line 1000, in <listcomp>
    return SafeString("".join([node.render_annotated(context) for node in self]))
                               ^^^^^^^^^^^^^^^^^^^^^^^^^^^^^^
  File "C:\Users\vitya\AppData\Local\Programs\Python\Python311\Lib\site-packages\django\template\base.py", line 961, in render_annotated
    return self.render(context)
           ^^^^^^^^^^^^^^^^^^^^
  File "C:\Users\vitya\AppData\Local\Programs\Python\Python311\Lib\site-packages\django\template\loader_tags.py", line 159, in render
    return compiled_parent._render(context)
           ^^^^^^^^^^^^^^^^^^^^^^^^^^^^^^^^
  File "C:\Users\vitya\AppData\Local\Programs\Python\Python311\Lib\site-packages\django\template\base.py", line 163, in _render
    return self.nodelist.render(context)
           ^^^^^^^^^^^^^^^^^^^^^^^^^^^^^
  File "C:\Users\vitya\AppData\Local\Programs\Python\Python311\Lib\site-packages\django\template\base.py", line 1000, in render
    return SafeString("".join([node.render_annotated(context) for node in self]))
                              ^^^^^^^^^^^^^^^^^^^^^^^^^^^^^^^^^^^^^^^^^^^^^^^^^
  File "C:\Users\vitya\AppData\Local\Programs\Python\Python311\Lib\site-packages\django\template\base.py", line 1000, in <listcomp>
    return SafeString("".join([node.render_annotated(context) for node in self]))
                               ^^^^^^^^^^^^^^^^^^^^^^^^^^^^^^
  File "C:\Users\vitya\AppData\Local\Programs\Python\Python311\Lib\site-packages\django\template\base.py", line 961, in render_annotated
    return self.render(context)
           ^^^^^^^^^^^^^^^^^^^^
  File "C:\Users\vitya\AppData\Local\Programs\Python\Python311\Lib\site-packages\django\template\loader_tags.py", line 65, in render
    result = block.nodelist.render(context)
             ^^^^^^^^^^^^^^^^^^^^^^^^^^^^^^
  File "C:\Users\vitya\AppData\Local\Programs\Python\Python311\Lib\site-packages\django\template\base.py", line 1000, in render
    return SafeString("".join([node.render_annotated(context) for node in self]))
                              ^^^^^^^^^^^^^^^^^^^^^^^^^^^^^^^^^^^^^^^^^^^^^^^^^
  File "C:\Users\vitya\AppData\Local\Programs\Python\Python311\Lib\site-packages\django\template\base.py", line 1000, in <listcomp>
    return SafeString("".join([node.render_annotated(context) for node in self]))
                               ^^^^^^^^^^^^^^^^^^^^^^^^^^^^^^
  File "C:\Users\vitya\AppData\Local\Programs\Python\Python311\Lib\site-packages\django\template\base.py", line 961, in render_annotated
    return self.render(context)
           ^^^^^^^^^^^^^^^^^^^^
  File "C:\Users\vitya\AppData\Local\Programs\Python\Python311\Lib\site-packages\django\template\defaulttags.py", line 242, in render
    nodelist.append(node.render_annotated(context))
                    ^^^^^^^^^^^^^^^^^^^^^^^^^^^^^^
  File "C:\Users\vitya\AppData\Local\Programs\Python\Python311\Lib\site-packages\django\template\base.py", line 961, in render_annotated
    return self.render(context)
           ^^^^^^^^^^^^^^^^^^^^
  File "C:\Users\vitya\AppData\Local\Programs\Python\Python311\Lib\site-packages\django\template\base.py", line 1059, in render
    output = self.filter_expression.resolve(context)
             ^^^^^^^^^^^^^^^^^^^^^^^^^^^^^^^^^^^^^^^
  File "C:\Users\vitya\AppData\Local\Programs\Python\Python311\Lib\site-packages\django\template\base.py", line 710, in resolve
    obj = self.var.resolve(context)
          ^^^^^^^^^^^^^^^^^^^^^^^^^
  File "C:\Users\vitya\AppData\Local\Programs\Python\Python311\Lib\site-packages\django\template\base.py", line 842, in resolve
    value = self._resolve_lookup(context)
            ^^^^^^^^^^^^^^^^^^^^^^^^^^^^^
  File "C:\Users\vitya\AppData\Local\Programs\Python\Python311\Lib\site-packages\django\template\base.py", line 885, in _resolve_lookup
    current = getattr(current, bit)
              ^^^^^^^^^^^^^^^^^^^^^
  File "C:\Users\vitya\AppData\Local\Programs\Python\Python311\Lib\site-packages\django\db\models\fields\files.py", line 66, in url
    self._require_file()
  File "C:\Users\vitya\AppData\Local\Programs\Python\Python311\Lib\site-packages\django\db\models\fields\files.py", line 41, in _require_file
    raise ValueError(
ValueError: The 'photo' attribute has no file associated with it.
2024-05-22 19:02:21,803 ERROR Internal Server Error: /contacts/
Traceback (most recent call last):
  File "C:\Users\vitya\AppData\Local\Programs\Python\Python311\Lib\site-packages\django\template\base.py", line 875, in _resolve_lookup
    current = current[bit]
              ~~~~~~~^^^^^
TypeError: 'ImageFieldFile' object is not subscriptable

During handling of the above exception, another exception occurred:

Traceback (most recent call last):
  File "C:\Users\vitya\AppData\Local\Programs\Python\Python311\Lib\site-packages\django\core\handlers\exception.py", line 55, in inner
    response = get_response(request)
               ^^^^^^^^^^^^^^^^^^^^^
  File "C:\Users\vitya\AppData\Local\Programs\Python\Python311\Lib\site-packages\django\core\handlers\base.py", line 197, in _get_response
    response = wrapped_callback(request, *callback_args, **callback_kwargs)
               ^^^^^^^^^^^^^^^^^^^^^^^^^^^^^^^^^^^^^^^^^^^^^^^^^^^^^^^^^^^^
  File "C:\Users\vitya\cinema\movies\views.py", line 103, in contacts
    return render(request, 'contacts.html', { 'staff' : staff })
           ^^^^^^^^^^^^^^^^^^^^^^^^^^^^^^^^^^^^^^^^^^^^^^^^^^^^^
  File "C:\Users\vitya\AppData\Local\Programs\Python\Python311\Lib\site-packages\django\shortcuts.py", line 25, in render
    content = loader.render_to_string(template_name, context, request, using=using)
              ^^^^^^^^^^^^^^^^^^^^^^^^^^^^^^^^^^^^^^^^^^^^^^^^^^^^^^^^^^^^^^^^^^^^^
  File "C:\Users\vitya\AppData\Local\Programs\Python\Python311\Lib\site-packages\django\template\loader.py", line 62, in render_to_string
    return template.render(context, request)
           ^^^^^^^^^^^^^^^^^^^^^^^^^^^^^^^^^
  File "C:\Users\vitya\AppData\Local\Programs\Python\Python311\Lib\site-packages\django\template\backends\django.py", line 61, in render
    return self.template.render(context)
           ^^^^^^^^^^^^^^^^^^^^^^^^^^^^^
  File "C:\Users\vitya\AppData\Local\Programs\Python\Python311\Lib\site-packages\django\template\base.py", line 171, in render
    return self._render(context)
           ^^^^^^^^^^^^^^^^^^^^^
  File "C:\Users\vitya\AppData\Local\Programs\Python\Python311\Lib\site-packages\django\template\base.py", line 163, in _render
    return self.nodelist.render(context)
           ^^^^^^^^^^^^^^^^^^^^^^^^^^^^^
  File "C:\Users\vitya\AppData\Local\Programs\Python\Python311\Lib\site-packages\django\template\base.py", line 1000, in render
    return SafeString("".join([node.render_annotated(context) for node in self]))
                              ^^^^^^^^^^^^^^^^^^^^^^^^^^^^^^^^^^^^^^^^^^^^^^^^^
  File "C:\Users\vitya\AppData\Local\Programs\Python\Python311\Lib\site-packages\django\template\base.py", line 1000, in <listcomp>
    return SafeString("".join([node.render_annotated(context) for node in self]))
                               ^^^^^^^^^^^^^^^^^^^^^^^^^^^^^^
  File "C:\Users\vitya\AppData\Local\Programs\Python\Python311\Lib\site-packages\django\template\base.py", line 961, in render_annotated
    return self.render(context)
           ^^^^^^^^^^^^^^^^^^^^
  File "C:\Users\vitya\AppData\Local\Programs\Python\Python311\Lib\site-packages\django\template\loader_tags.py", line 159, in render
    return compiled_parent._render(context)
           ^^^^^^^^^^^^^^^^^^^^^^^^^^^^^^^^
  File "C:\Users\vitya\AppData\Local\Programs\Python\Python311\Lib\site-packages\django\template\base.py", line 163, in _render
    return self.nodelist.render(context)
           ^^^^^^^^^^^^^^^^^^^^^^^^^^^^^
  File "C:\Users\vitya\AppData\Local\Programs\Python\Python311\Lib\site-packages\django\template\base.py", line 1000, in render
    return SafeString("".join([node.render_annotated(context) for node in self]))
                              ^^^^^^^^^^^^^^^^^^^^^^^^^^^^^^^^^^^^^^^^^^^^^^^^^
  File "C:\Users\vitya\AppData\Local\Programs\Python\Python311\Lib\site-packages\django\template\base.py", line 1000, in <listcomp>
    return SafeString("".join([node.render_annotated(context) for node in self]))
                               ^^^^^^^^^^^^^^^^^^^^^^^^^^^^^^
  File "C:\Users\vitya\AppData\Local\Programs\Python\Python311\Lib\site-packages\django\template\base.py", line 961, in render_annotated
    return self.render(context)
           ^^^^^^^^^^^^^^^^^^^^
  File "C:\Users\vitya\AppData\Local\Programs\Python\Python311\Lib\site-packages\django\template\loader_tags.py", line 65, in render
    result = block.nodelist.render(context)
             ^^^^^^^^^^^^^^^^^^^^^^^^^^^^^^
  File "C:\Users\vitya\AppData\Local\Programs\Python\Python311\Lib\site-packages\django\template\base.py", line 1000, in render
    return SafeString("".join([node.render_annotated(context) for node in self]))
                              ^^^^^^^^^^^^^^^^^^^^^^^^^^^^^^^^^^^^^^^^^^^^^^^^^
  File "C:\Users\vitya\AppData\Local\Programs\Python\Python311\Lib\site-packages\django\template\base.py", line 1000, in <listcomp>
    return SafeString("".join([node.render_annotated(context) for node in self]))
                               ^^^^^^^^^^^^^^^^^^^^^^^^^^^^^^
  File "C:\Users\vitya\AppData\Local\Programs\Python\Python311\Lib\site-packages\django\template\base.py", line 961, in render_annotated
    return self.render(context)
           ^^^^^^^^^^^^^^^^^^^^
  File "C:\Users\vitya\AppData\Local\Programs\Python\Python311\Lib\site-packages\django\template\defaulttags.py", line 242, in render
    nodelist.append(node.render_annotated(context))
                    ^^^^^^^^^^^^^^^^^^^^^^^^^^^^^^
  File "C:\Users\vitya\AppData\Local\Programs\Python\Python311\Lib\site-packages\django\template\base.py", line 961, in render_annotated
    return self.render(context)
           ^^^^^^^^^^^^^^^^^^^^
  File "C:\Users\vitya\AppData\Local\Programs\Python\Python311\Lib\site-packages\django\template\base.py", line 1059, in render
    output = self.filter_expression.resolve(context)
             ^^^^^^^^^^^^^^^^^^^^^^^^^^^^^^^^^^^^^^^
  File "C:\Users\vitya\AppData\Local\Programs\Python\Python311\Lib\site-packages\django\template\base.py", line 710, in resolve
    obj = self.var.resolve(context)
          ^^^^^^^^^^^^^^^^^^^^^^^^^
  File "C:\Users\vitya\AppData\Local\Programs\Python\Python311\Lib\site-packages\django\template\base.py", line 842, in resolve
    value = self._resolve_lookup(context)
            ^^^^^^^^^^^^^^^^^^^^^^^^^^^^^
  File "C:\Users\vitya\AppData\Local\Programs\Python\Python311\Lib\site-packages\django\template\base.py", line 885, in _resolve_lookup
    current = getattr(current, bit)
              ^^^^^^^^^^^^^^^^^^^^^
  File "C:\Users\vitya\AppData\Local\Programs\Python\Python311\Lib\site-packages\django\db\models\fields\files.py", line 66, in url
    self._require_file()
  File "C:\Users\vitya\AppData\Local\Programs\Python\Python311\Lib\site-packages\django\db\models\fields\files.py", line 41, in _require_file
    raise ValueError(
ValueError: The 'photo' attribute has no file associated with it.
2024-05-22 19:02:37,033 ERROR Internal Server Error: /contacts/
Traceback (most recent call last):
  File "C:\Users\vitya\AppData\Local\Programs\Python\Python311\Lib\site-packages\django\template\base.py", line 875, in _resolve_lookup
    current = current[bit]
              ~~~~~~~^^^^^
TypeError: 'ImageFieldFile' object is not subscriptable

During handling of the above exception, another exception occurred:

Traceback (most recent call last):
  File "C:\Users\vitya\AppData\Local\Programs\Python\Python311\Lib\site-packages\django\core\handlers\exception.py", line 55, in inner
    response = get_response(request)
               ^^^^^^^^^^^^^^^^^^^^^
  File "C:\Users\vitya\AppData\Local\Programs\Python\Python311\Lib\site-packages\django\core\handlers\base.py", line 197, in _get_response
    response = wrapped_callback(request, *callback_args, **callback_kwargs)
               ^^^^^^^^^^^^^^^^^^^^^^^^^^^^^^^^^^^^^^^^^^^^^^^^^^^^^^^^^^^^
  File "C:\Users\vitya\cinema\movies\views.py", line 103, in contacts
    return render(request, 'contacts.html', { 'staff' : staff })
           ^^^^^^^^^^^^^^^^^^^^^^^^^^^^^^^^^^^^^^^^^^^^^^^^^^^^^
  File "C:\Users\vitya\AppData\Local\Programs\Python\Python311\Lib\site-packages\django\shortcuts.py", line 25, in render
    content = loader.render_to_string(template_name, context, request, using=using)
              ^^^^^^^^^^^^^^^^^^^^^^^^^^^^^^^^^^^^^^^^^^^^^^^^^^^^^^^^^^^^^^^^^^^^^
  File "C:\Users\vitya\AppData\Local\Programs\Python\Python311\Lib\site-packages\django\template\loader.py", line 62, in render_to_string
    return template.render(context, request)
           ^^^^^^^^^^^^^^^^^^^^^^^^^^^^^^^^^
  File "C:\Users\vitya\AppData\Local\Programs\Python\Python311\Lib\site-packages\django\template\backends\django.py", line 61, in render
    return self.template.render(context)
           ^^^^^^^^^^^^^^^^^^^^^^^^^^^^^
  File "C:\Users\vitya\AppData\Local\Programs\Python\Python311\Lib\site-packages\django\template\base.py", line 171, in render
    return self._render(context)
           ^^^^^^^^^^^^^^^^^^^^^
  File "C:\Users\vitya\AppData\Local\Programs\Python\Python311\Lib\site-packages\django\template\base.py", line 163, in _render
    return self.nodelist.render(context)
           ^^^^^^^^^^^^^^^^^^^^^^^^^^^^^
  File "C:\Users\vitya\AppData\Local\Programs\Python\Python311\Lib\site-packages\django\template\base.py", line 1000, in render
    return SafeString("".join([node.render_annotated(context) for node in self]))
                              ^^^^^^^^^^^^^^^^^^^^^^^^^^^^^^^^^^^^^^^^^^^^^^^^^
  File "C:\Users\vitya\AppData\Local\Programs\Python\Python311\Lib\site-packages\django\template\base.py", line 1000, in <listcomp>
    return SafeString("".join([node.render_annotated(context) for node in self]))
                               ^^^^^^^^^^^^^^^^^^^^^^^^^^^^^^
  File "C:\Users\vitya\AppData\Local\Programs\Python\Python311\Lib\site-packages\django\template\base.py", line 961, in render_annotated
    return self.render(context)
           ^^^^^^^^^^^^^^^^^^^^
  File "C:\Users\vitya\AppData\Local\Programs\Python\Python311\Lib\site-packages\django\template\loader_tags.py", line 159, in render
    return compiled_parent._render(context)
           ^^^^^^^^^^^^^^^^^^^^^^^^^^^^^^^^
  File "C:\Users\vitya\AppData\Local\Programs\Python\Python311\Lib\site-packages\django\template\base.py", line 163, in _render
    return self.nodelist.render(context)
           ^^^^^^^^^^^^^^^^^^^^^^^^^^^^^
  File "C:\Users\vitya\AppData\Local\Programs\Python\Python311\Lib\site-packages\django\template\base.py", line 1000, in render
    return SafeString("".join([node.render_annotated(context) for node in self]))
                              ^^^^^^^^^^^^^^^^^^^^^^^^^^^^^^^^^^^^^^^^^^^^^^^^^
  File "C:\Users\vitya\AppData\Local\Programs\Python\Python311\Lib\site-packages\django\template\base.py", line 1000, in <listcomp>
    return SafeString("".join([node.render_annotated(context) for node in self]))
                               ^^^^^^^^^^^^^^^^^^^^^^^^^^^^^^
  File "C:\Users\vitya\AppData\Local\Programs\Python\Python311\Lib\site-packages\django\template\base.py", line 961, in render_annotated
    return self.render(context)
           ^^^^^^^^^^^^^^^^^^^^
  File "C:\Users\vitya\AppData\Local\Programs\Python\Python311\Lib\site-packages\django\template\loader_tags.py", line 65, in render
    result = block.nodelist.render(context)
             ^^^^^^^^^^^^^^^^^^^^^^^^^^^^^^
  File "C:\Users\vitya\AppData\Local\Programs\Python\Python311\Lib\site-packages\django\template\base.py", line 1000, in render
    return SafeString("".join([node.render_annotated(context) for node in self]))
                              ^^^^^^^^^^^^^^^^^^^^^^^^^^^^^^^^^^^^^^^^^^^^^^^^^
  File "C:\Users\vitya\AppData\Local\Programs\Python\Python311\Lib\site-packages\django\template\base.py", line 1000, in <listcomp>
    return SafeString("".join([node.render_annotated(context) for node in self]))
                               ^^^^^^^^^^^^^^^^^^^^^^^^^^^^^^
  File "C:\Users\vitya\AppData\Local\Programs\Python\Python311\Lib\site-packages\django\template\base.py", line 961, in render_annotated
    return self.render(context)
           ^^^^^^^^^^^^^^^^^^^^
  File "C:\Users\vitya\AppData\Local\Programs\Python\Python311\Lib\site-packages\django\template\defaulttags.py", line 242, in render
    nodelist.append(node.render_annotated(context))
                    ^^^^^^^^^^^^^^^^^^^^^^^^^^^^^^
  File "C:\Users\vitya\AppData\Local\Programs\Python\Python311\Lib\site-packages\django\template\base.py", line 961, in render_annotated
    return self.render(context)
           ^^^^^^^^^^^^^^^^^^^^
  File "C:\Users\vitya\AppData\Local\Programs\Python\Python311\Lib\site-packages\django\template\base.py", line 1059, in render
    output = self.filter_expression.resolve(context)
             ^^^^^^^^^^^^^^^^^^^^^^^^^^^^^^^^^^^^^^^
  File "C:\Users\vitya\AppData\Local\Programs\Python\Python311\Lib\site-packages\django\template\base.py", line 710, in resolve
    obj = self.var.resolve(context)
          ^^^^^^^^^^^^^^^^^^^^^^^^^
  File "C:\Users\vitya\AppData\Local\Programs\Python\Python311\Lib\site-packages\django\template\base.py", line 842, in resolve
    value = self._resolve_lookup(context)
            ^^^^^^^^^^^^^^^^^^^^^^^^^^^^^
  File "C:\Users\vitya\AppData\Local\Programs\Python\Python311\Lib\site-packages\django\template\base.py", line 885, in _resolve_lookup
    current = getattr(current, bit)
              ^^^^^^^^^^^^^^^^^^^^^
  File "C:\Users\vitya\AppData\Local\Programs\Python\Python311\Lib\site-packages\django\db\models\fields\files.py", line 66, in url
    self._require_file()
  File "C:\Users\vitya\AppData\Local\Programs\Python\Python311\Lib\site-packages\django\db\models\fields\files.py", line 41, in _require_file
    raise ValueError(
ValueError: The 'photo' attribute has no file associated with it.
2024-05-22 19:02:37,480 ERROR Internal Server Error: /contacts/
Traceback (most recent call last):
  File "C:\Users\vitya\AppData\Local\Programs\Python\Python311\Lib\site-packages\django\template\base.py", line 875, in _resolve_lookup
    current = current[bit]
              ~~~~~~~^^^^^
TypeError: 'ImageFieldFile' object is not subscriptable

During handling of the above exception, another exception occurred:

Traceback (most recent call last):
  File "C:\Users\vitya\AppData\Local\Programs\Python\Python311\Lib\site-packages\django\core\handlers\exception.py", line 55, in inner
    response = get_response(request)
               ^^^^^^^^^^^^^^^^^^^^^
  File "C:\Users\vitya\AppData\Local\Programs\Python\Python311\Lib\site-packages\django\core\handlers\base.py", line 197, in _get_response
    response = wrapped_callback(request, *callback_args, **callback_kwargs)
               ^^^^^^^^^^^^^^^^^^^^^^^^^^^^^^^^^^^^^^^^^^^^^^^^^^^^^^^^^^^^
  File "C:\Users\vitya\cinema\movies\views.py", line 103, in contacts
    return render(request, 'contacts.html', { 'staff' : staff })
           ^^^^^^^^^^^^^^^^^^^^^^^^^^^^^^^^^^^^^^^^^^^^^^^^^^^^^
  File "C:\Users\vitya\AppData\Local\Programs\Python\Python311\Lib\site-packages\django\shortcuts.py", line 25, in render
    content = loader.render_to_string(template_name, context, request, using=using)
              ^^^^^^^^^^^^^^^^^^^^^^^^^^^^^^^^^^^^^^^^^^^^^^^^^^^^^^^^^^^^^^^^^^^^^
  File "C:\Users\vitya\AppData\Local\Programs\Python\Python311\Lib\site-packages\django\template\loader.py", line 62, in render_to_string
    return template.render(context, request)
           ^^^^^^^^^^^^^^^^^^^^^^^^^^^^^^^^^
  File "C:\Users\vitya\AppData\Local\Programs\Python\Python311\Lib\site-packages\django\template\backends\django.py", line 61, in render
    return self.template.render(context)
           ^^^^^^^^^^^^^^^^^^^^^^^^^^^^^
  File "C:\Users\vitya\AppData\Local\Programs\Python\Python311\Lib\site-packages\django\template\base.py", line 171, in render
    return self._render(context)
           ^^^^^^^^^^^^^^^^^^^^^
  File "C:\Users\vitya\AppData\Local\Programs\Python\Python311\Lib\site-packages\django\template\base.py", line 163, in _render
    return self.nodelist.render(context)
           ^^^^^^^^^^^^^^^^^^^^^^^^^^^^^
  File "C:\Users\vitya\AppData\Local\Programs\Python\Python311\Lib\site-packages\django\template\base.py", line 1000, in render
    return SafeString("".join([node.render_annotated(context) for node in self]))
                              ^^^^^^^^^^^^^^^^^^^^^^^^^^^^^^^^^^^^^^^^^^^^^^^^^
  File "C:\Users\vitya\AppData\Local\Programs\Python\Python311\Lib\site-packages\django\template\base.py", line 1000, in <listcomp>
    return SafeString("".join([node.render_annotated(context) for node in self]))
                               ^^^^^^^^^^^^^^^^^^^^^^^^^^^^^^
  File "C:\Users\vitya\AppData\Local\Programs\Python\Python311\Lib\site-packages\django\template\base.py", line 961, in render_annotated
    return self.render(context)
           ^^^^^^^^^^^^^^^^^^^^
  File "C:\Users\vitya\AppData\Local\Programs\Python\Python311\Lib\site-packages\django\template\loader_tags.py", line 159, in render
    return compiled_parent._render(context)
           ^^^^^^^^^^^^^^^^^^^^^^^^^^^^^^^^
  File "C:\Users\vitya\AppData\Local\Programs\Python\Python311\Lib\site-packages\django\template\base.py", line 163, in _render
    return self.nodelist.render(context)
           ^^^^^^^^^^^^^^^^^^^^^^^^^^^^^
  File "C:\Users\vitya\AppData\Local\Programs\Python\Python311\Lib\site-packages\django\template\base.py", line 1000, in render
    return SafeString("".join([node.render_annotated(context) for node in self]))
                              ^^^^^^^^^^^^^^^^^^^^^^^^^^^^^^^^^^^^^^^^^^^^^^^^^
  File "C:\Users\vitya\AppData\Local\Programs\Python\Python311\Lib\site-packages\django\template\base.py", line 1000, in <listcomp>
    return SafeString("".join([node.render_annotated(context) for node in self]))
                               ^^^^^^^^^^^^^^^^^^^^^^^^^^^^^^
  File "C:\Users\vitya\AppData\Local\Programs\Python\Python311\Lib\site-packages\django\template\base.py", line 961, in render_annotated
    return self.render(context)
           ^^^^^^^^^^^^^^^^^^^^
  File "C:\Users\vitya\AppData\Local\Programs\Python\Python311\Lib\site-packages\django\template\loader_tags.py", line 65, in render
    result = block.nodelist.render(context)
             ^^^^^^^^^^^^^^^^^^^^^^^^^^^^^^
  File "C:\Users\vitya\AppData\Local\Programs\Python\Python311\Lib\site-packages\django\template\base.py", line 1000, in render
    return SafeString("".join([node.render_annotated(context) for node in self]))
                              ^^^^^^^^^^^^^^^^^^^^^^^^^^^^^^^^^^^^^^^^^^^^^^^^^
  File "C:\Users\vitya\AppData\Local\Programs\Python\Python311\Lib\site-packages\django\template\base.py", line 1000, in <listcomp>
    return SafeString("".join([node.render_annotated(context) for node in self]))
                               ^^^^^^^^^^^^^^^^^^^^^^^^^^^^^^
  File "C:\Users\vitya\AppData\Local\Programs\Python\Python311\Lib\site-packages\django\template\base.py", line 961, in render_annotated
    return self.render(context)
           ^^^^^^^^^^^^^^^^^^^^
  File "C:\Users\vitya\AppData\Local\Programs\Python\Python311\Lib\site-packages\django\template\defaulttags.py", line 242, in render
    nodelist.append(node.render_annotated(context))
                    ^^^^^^^^^^^^^^^^^^^^^^^^^^^^^^
  File "C:\Users\vitya\AppData\Local\Programs\Python\Python311\Lib\site-packages\django\template\base.py", line 961, in render_annotated
    return self.render(context)
           ^^^^^^^^^^^^^^^^^^^^
  File "C:\Users\vitya\AppData\Local\Programs\Python\Python311\Lib\site-packages\django\template\base.py", line 1059, in render
    output = self.filter_expression.resolve(context)
             ^^^^^^^^^^^^^^^^^^^^^^^^^^^^^^^^^^^^^^^
  File "C:\Users\vitya\AppData\Local\Programs\Python\Python311\Lib\site-packages\django\template\base.py", line 710, in resolve
    obj = self.var.resolve(context)
          ^^^^^^^^^^^^^^^^^^^^^^^^^
  File "C:\Users\vitya\AppData\Local\Programs\Python\Python311\Lib\site-packages\django\template\base.py", line 842, in resolve
    value = self._resolve_lookup(context)
            ^^^^^^^^^^^^^^^^^^^^^^^^^^^^^
  File "C:\Users\vitya\AppData\Local\Programs\Python\Python311\Lib\site-packages\django\template\base.py", line 885, in _resolve_lookup
    current = getattr(current, bit)
              ^^^^^^^^^^^^^^^^^^^^^
  File "C:\Users\vitya\AppData\Local\Programs\Python\Python311\Lib\site-packages\django\db\models\fields\files.py", line 66, in url
    self._require_file()
  File "C:\Users\vitya\AppData\Local\Programs\Python\Python311\Lib\site-packages\django\db\models\fields\files.py", line 41, in _require_file
    raise ValueError(
ValueError: The 'photo' attribute has no file associated with it.
2024-05-22 19:02:37,903 ERROR Internal Server Error: /contacts/
Traceback (most recent call last):
  File "C:\Users\vitya\AppData\Local\Programs\Python\Python311\Lib\site-packages\django\template\base.py", line 875, in _resolve_lookup
    current = current[bit]
              ~~~~~~~^^^^^
TypeError: 'ImageFieldFile' object is not subscriptable

During handling of the above exception, another exception occurred:

Traceback (most recent call last):
  File "C:\Users\vitya\AppData\Local\Programs\Python\Python311\Lib\site-packages\django\core\handlers\exception.py", line 55, in inner
    response = get_response(request)
               ^^^^^^^^^^^^^^^^^^^^^
  File "C:\Users\vitya\AppData\Local\Programs\Python\Python311\Lib\site-packages\django\core\handlers\base.py", line 197, in _get_response
    response = wrapped_callback(request, *callback_args, **callback_kwargs)
               ^^^^^^^^^^^^^^^^^^^^^^^^^^^^^^^^^^^^^^^^^^^^^^^^^^^^^^^^^^^^
  File "C:\Users\vitya\cinema\movies\views.py", line 103, in contacts
    return render(request, 'contacts.html', { 'staff' : staff })
           ^^^^^^^^^^^^^^^^^^^^^^^^^^^^^^^^^^^^^^^^^^^^^^^^^^^^^
  File "C:\Users\vitya\AppData\Local\Programs\Python\Python311\Lib\site-packages\django\shortcuts.py", line 25, in render
    content = loader.render_to_string(template_name, context, request, using=using)
              ^^^^^^^^^^^^^^^^^^^^^^^^^^^^^^^^^^^^^^^^^^^^^^^^^^^^^^^^^^^^^^^^^^^^^
  File "C:\Users\vitya\AppData\Local\Programs\Python\Python311\Lib\site-packages\django\template\loader.py", line 62, in render_to_string
    return template.render(context, request)
           ^^^^^^^^^^^^^^^^^^^^^^^^^^^^^^^^^
  File "C:\Users\vitya\AppData\Local\Programs\Python\Python311\Lib\site-packages\django\template\backends\django.py", line 61, in render
    return self.template.render(context)
           ^^^^^^^^^^^^^^^^^^^^^^^^^^^^^
  File "C:\Users\vitya\AppData\Local\Programs\Python\Python311\Lib\site-packages\django\template\base.py", line 171, in render
    return self._render(context)
           ^^^^^^^^^^^^^^^^^^^^^
  File "C:\Users\vitya\AppData\Local\Programs\Python\Python311\Lib\site-packages\django\template\base.py", line 163, in _render
    return self.nodelist.render(context)
           ^^^^^^^^^^^^^^^^^^^^^^^^^^^^^
  File "C:\Users\vitya\AppData\Local\Programs\Python\Python311\Lib\site-packages\django\template\base.py", line 1000, in render
    return SafeString("".join([node.render_annotated(context) for node in self]))
                              ^^^^^^^^^^^^^^^^^^^^^^^^^^^^^^^^^^^^^^^^^^^^^^^^^
  File "C:\Users\vitya\AppData\Local\Programs\Python\Python311\Lib\site-packages\django\template\base.py", line 1000, in <listcomp>
    return SafeString("".join([node.render_annotated(context) for node in self]))
                               ^^^^^^^^^^^^^^^^^^^^^^^^^^^^^^
  File "C:\Users\vitya\AppData\Local\Programs\Python\Python311\Lib\site-packages\django\template\base.py", line 961, in render_annotated
    return self.render(context)
           ^^^^^^^^^^^^^^^^^^^^
  File "C:\Users\vitya\AppData\Local\Programs\Python\Python311\Lib\site-packages\django\template\loader_tags.py", line 159, in render
    return compiled_parent._render(context)
           ^^^^^^^^^^^^^^^^^^^^^^^^^^^^^^^^
  File "C:\Users\vitya\AppData\Local\Programs\Python\Python311\Lib\site-packages\django\template\base.py", line 163, in _render
    return self.nodelist.render(context)
           ^^^^^^^^^^^^^^^^^^^^^^^^^^^^^
  File "C:\Users\vitya\AppData\Local\Programs\Python\Python311\Lib\site-packages\django\template\base.py", line 1000, in render
    return SafeString("".join([node.render_annotated(context) for node in self]))
                              ^^^^^^^^^^^^^^^^^^^^^^^^^^^^^^^^^^^^^^^^^^^^^^^^^
  File "C:\Users\vitya\AppData\Local\Programs\Python\Python311\Lib\site-packages\django\template\base.py", line 1000, in <listcomp>
    return SafeString("".join([node.render_annotated(context) for node in self]))
                               ^^^^^^^^^^^^^^^^^^^^^^^^^^^^^^
  File "C:\Users\vitya\AppData\Local\Programs\Python\Python311\Lib\site-packages\django\template\base.py", line 961, in render_annotated
    return self.render(context)
           ^^^^^^^^^^^^^^^^^^^^
  File "C:\Users\vitya\AppData\Local\Programs\Python\Python311\Lib\site-packages\django\template\loader_tags.py", line 65, in render
    result = block.nodelist.render(context)
             ^^^^^^^^^^^^^^^^^^^^^^^^^^^^^^
  File "C:\Users\vitya\AppData\Local\Programs\Python\Python311\Lib\site-packages\django\template\base.py", line 1000, in render
    return SafeString("".join([node.render_annotated(context) for node in self]))
                              ^^^^^^^^^^^^^^^^^^^^^^^^^^^^^^^^^^^^^^^^^^^^^^^^^
  File "C:\Users\vitya\AppData\Local\Programs\Python\Python311\Lib\site-packages\django\template\base.py", line 1000, in <listcomp>
    return SafeString("".join([node.render_annotated(context) for node in self]))
                               ^^^^^^^^^^^^^^^^^^^^^^^^^^^^^^
  File "C:\Users\vitya\AppData\Local\Programs\Python\Python311\Lib\site-packages\django\template\base.py", line 961, in render_annotated
    return self.render(context)
           ^^^^^^^^^^^^^^^^^^^^
  File "C:\Users\vitya\AppData\Local\Programs\Python\Python311\Lib\site-packages\django\template\defaulttags.py", line 242, in render
    nodelist.append(node.render_annotated(context))
                    ^^^^^^^^^^^^^^^^^^^^^^^^^^^^^^
  File "C:\Users\vitya\AppData\Local\Programs\Python\Python311\Lib\site-packages\django\template\base.py", line 961, in render_annotated
    return self.render(context)
           ^^^^^^^^^^^^^^^^^^^^
  File "C:\Users\vitya\AppData\Local\Programs\Python\Python311\Lib\site-packages\django\template\base.py", line 1059, in render
    output = self.filter_expression.resolve(context)
             ^^^^^^^^^^^^^^^^^^^^^^^^^^^^^^^^^^^^^^^
  File "C:\Users\vitya\AppData\Local\Programs\Python\Python311\Lib\site-packages\django\template\base.py", line 710, in resolve
    obj = self.var.resolve(context)
          ^^^^^^^^^^^^^^^^^^^^^^^^^
  File "C:\Users\vitya\AppData\Local\Programs\Python\Python311\Lib\site-packages\django\template\base.py", line 842, in resolve
    value = self._resolve_lookup(context)
            ^^^^^^^^^^^^^^^^^^^^^^^^^^^^^
  File "C:\Users\vitya\AppData\Local\Programs\Python\Python311\Lib\site-packages\django\template\base.py", line 885, in _resolve_lookup
    current = getattr(current, bit)
              ^^^^^^^^^^^^^^^^^^^^^
  File "C:\Users\vitya\AppData\Local\Programs\Python\Python311\Lib\site-packages\django\db\models\fields\files.py", line 66, in url
    self._require_file()
  File "C:\Users\vitya\AppData\Local\Programs\Python\Python311\Lib\site-packages\django\db\models\fields\files.py", line 41, in _require_file
    raise ValueError(
ValueError: The 'photo' attribute has no file associated with it.
2024-05-22 19:02:38,224 ERROR Internal Server Error: /contacts/
Traceback (most recent call last):
  File "C:\Users\vitya\AppData\Local\Programs\Python\Python311\Lib\site-packages\django\template\base.py", line 875, in _resolve_lookup
    current = current[bit]
              ~~~~~~~^^^^^
TypeError: 'ImageFieldFile' object is not subscriptable

During handling of the above exception, another exception occurred:

Traceback (most recent call last):
  File "C:\Users\vitya\AppData\Local\Programs\Python\Python311\Lib\site-packages\django\core\handlers\exception.py", line 55, in inner
    response = get_response(request)
               ^^^^^^^^^^^^^^^^^^^^^
  File "C:\Users\vitya\AppData\Local\Programs\Python\Python311\Lib\site-packages\django\core\handlers\base.py", line 197, in _get_response
    response = wrapped_callback(request, *callback_args, **callback_kwargs)
               ^^^^^^^^^^^^^^^^^^^^^^^^^^^^^^^^^^^^^^^^^^^^^^^^^^^^^^^^^^^^
  File "C:\Users\vitya\cinema\movies\views.py", line 103, in contacts
    return render(request, 'contacts.html', { 'staff' : staff })
           ^^^^^^^^^^^^^^^^^^^^^^^^^^^^^^^^^^^^^^^^^^^^^^^^^^^^^
  File "C:\Users\vitya\AppData\Local\Programs\Python\Python311\Lib\site-packages\django\shortcuts.py", line 25, in render
    content = loader.render_to_string(template_name, context, request, using=using)
              ^^^^^^^^^^^^^^^^^^^^^^^^^^^^^^^^^^^^^^^^^^^^^^^^^^^^^^^^^^^^^^^^^^^^^
  File "C:\Users\vitya\AppData\Local\Programs\Python\Python311\Lib\site-packages\django\template\loader.py", line 62, in render_to_string
    return template.render(context, request)
           ^^^^^^^^^^^^^^^^^^^^^^^^^^^^^^^^^
  File "C:\Users\vitya\AppData\Local\Programs\Python\Python311\Lib\site-packages\django\template\backends\django.py", line 61, in render
    return self.template.render(context)
           ^^^^^^^^^^^^^^^^^^^^^^^^^^^^^
  File "C:\Users\vitya\AppData\Local\Programs\Python\Python311\Lib\site-packages\django\template\base.py", line 171, in render
    return self._render(context)
           ^^^^^^^^^^^^^^^^^^^^^
  File "C:\Users\vitya\AppData\Local\Programs\Python\Python311\Lib\site-packages\django\template\base.py", line 163, in _render
    return self.nodelist.render(context)
           ^^^^^^^^^^^^^^^^^^^^^^^^^^^^^
  File "C:\Users\vitya\AppData\Local\Programs\Python\Python311\Lib\site-packages\django\template\base.py", line 1000, in render
    return SafeString("".join([node.render_annotated(context) for node in self]))
                              ^^^^^^^^^^^^^^^^^^^^^^^^^^^^^^^^^^^^^^^^^^^^^^^^^
  File "C:\Users\vitya\AppData\Local\Programs\Python\Python311\Lib\site-packages\django\template\base.py", line 1000, in <listcomp>
    return SafeString("".join([node.render_annotated(context) for node in self]))
                               ^^^^^^^^^^^^^^^^^^^^^^^^^^^^^^
  File "C:\Users\vitya\AppData\Local\Programs\Python\Python311\Lib\site-packages\django\template\base.py", line 961, in render_annotated
    return self.render(context)
           ^^^^^^^^^^^^^^^^^^^^
  File "C:\Users\vitya\AppData\Local\Programs\Python\Python311\Lib\site-packages\django\template\loader_tags.py", line 159, in render
    return compiled_parent._render(context)
           ^^^^^^^^^^^^^^^^^^^^^^^^^^^^^^^^
  File "C:\Users\vitya\AppData\Local\Programs\Python\Python311\Lib\site-packages\django\template\base.py", line 163, in _render
    return self.nodelist.render(context)
           ^^^^^^^^^^^^^^^^^^^^^^^^^^^^^
  File "C:\Users\vitya\AppData\Local\Programs\Python\Python311\Lib\site-packages\django\template\base.py", line 1000, in render
    return SafeString("".join([node.render_annotated(context) for node in self]))
                              ^^^^^^^^^^^^^^^^^^^^^^^^^^^^^^^^^^^^^^^^^^^^^^^^^
  File "C:\Users\vitya\AppData\Local\Programs\Python\Python311\Lib\site-packages\django\template\base.py", line 1000, in <listcomp>
    return SafeString("".join([node.render_annotated(context) for node in self]))
                               ^^^^^^^^^^^^^^^^^^^^^^^^^^^^^^
  File "C:\Users\vitya\AppData\Local\Programs\Python\Python311\Lib\site-packages\django\template\base.py", line 961, in render_annotated
    return self.render(context)
           ^^^^^^^^^^^^^^^^^^^^
  File "C:\Users\vitya\AppData\Local\Programs\Python\Python311\Lib\site-packages\django\template\loader_tags.py", line 65, in render
    result = block.nodelist.render(context)
             ^^^^^^^^^^^^^^^^^^^^^^^^^^^^^^
  File "C:\Users\vitya\AppData\Local\Programs\Python\Python311\Lib\site-packages\django\template\base.py", line 1000, in render
    return SafeString("".join([node.render_annotated(context) for node in self]))
                              ^^^^^^^^^^^^^^^^^^^^^^^^^^^^^^^^^^^^^^^^^^^^^^^^^
  File "C:\Users\vitya\AppData\Local\Programs\Python\Python311\Lib\site-packages\django\template\base.py", line 1000, in <listcomp>
    return SafeString("".join([node.render_annotated(context) for node in self]))
                               ^^^^^^^^^^^^^^^^^^^^^^^^^^^^^^
  File "C:\Users\vitya\AppData\Local\Programs\Python\Python311\Lib\site-packages\django\template\base.py", line 961, in render_annotated
    return self.render(context)
           ^^^^^^^^^^^^^^^^^^^^
  File "C:\Users\vitya\AppData\Local\Programs\Python\Python311\Lib\site-packages\django\template\defaulttags.py", line 242, in render
    nodelist.append(node.render_annotated(context))
                    ^^^^^^^^^^^^^^^^^^^^^^^^^^^^^^
  File "C:\Users\vitya\AppData\Local\Programs\Python\Python311\Lib\site-packages\django\template\base.py", line 961, in render_annotated
    return self.render(context)
           ^^^^^^^^^^^^^^^^^^^^
  File "C:\Users\vitya\AppData\Local\Programs\Python\Python311\Lib\site-packages\django\template\base.py", line 1059, in render
    output = self.filter_expression.resolve(context)
             ^^^^^^^^^^^^^^^^^^^^^^^^^^^^^^^^^^^^^^^
  File "C:\Users\vitya\AppData\Local\Programs\Python\Python311\Lib\site-packages\django\template\base.py", line 710, in resolve
    obj = self.var.resolve(context)
          ^^^^^^^^^^^^^^^^^^^^^^^^^
  File "C:\Users\vitya\AppData\Local\Programs\Python\Python311\Lib\site-packages\django\template\base.py", line 842, in resolve
    value = self._resolve_lookup(context)
            ^^^^^^^^^^^^^^^^^^^^^^^^^^^^^
  File "C:\Users\vitya\AppData\Local\Programs\Python\Python311\Lib\site-packages\django\template\base.py", line 885, in _resolve_lookup
    current = getattr(current, bit)
              ^^^^^^^^^^^^^^^^^^^^^
  File "C:\Users\vitya\AppData\Local\Programs\Python\Python311\Lib\site-packages\django\db\models\fields\files.py", line 66, in url
    self._require_file()
  File "C:\Users\vitya\AppData\Local\Programs\Python\Python311\Lib\site-packages\django\db\models\fields\files.py", line 41, in _require_file
    raise ValueError(
ValueError: The 'photo' attribute has no file associated with it.
2024-05-22 19:10:37,148 ERROR Internal Server Error: /contacts/
Traceback (most recent call last):
  File "C:\Users\vitya\AppData\Local\Programs\Python\Python311\Lib\site-packages\django\template\base.py", line 502, in parse
    compile_func = self.tags[command]
                   ~~~~~~~~~^^^^^^^^^
KeyError: 'static'

During handling of the above exception, another exception occurred:

Traceback (most recent call last):
  File "C:\Users\vitya\AppData\Local\Programs\Python\Python311\Lib\site-packages\django\core\handlers\exception.py", line 55, in inner
    response = get_response(request)
               ^^^^^^^^^^^^^^^^^^^^^
  File "C:\Users\vitya\AppData\Local\Programs\Python\Python311\Lib\site-packages\django\core\handlers\base.py", line 197, in _get_response
    response = wrapped_callback(request, *callback_args, **callback_kwargs)
               ^^^^^^^^^^^^^^^^^^^^^^^^^^^^^^^^^^^^^^^^^^^^^^^^^^^^^^^^^^^^
  File "C:\Users\vitya\cinema\movies\views.py", line 103, in contacts
    return render(request, 'contacts.html', { 'staff' : staff })
           ^^^^^^^^^^^^^^^^^^^^^^^^^^^^^^^^^^^^^^^^^^^^^^^^^^^^^
  File "C:\Users\vitya\AppData\Local\Programs\Python\Python311\Lib\site-packages\django\shortcuts.py", line 25, in render
    content = loader.render_to_string(template_name, context, request, using=using)
              ^^^^^^^^^^^^^^^^^^^^^^^^^^^^^^^^^^^^^^^^^^^^^^^^^^^^^^^^^^^^^^^^^^^^^
  File "C:\Users\vitya\AppData\Local\Programs\Python\Python311\Lib\site-packages\django\template\loader.py", line 61, in render_to_string
    template = get_template(template_name, using=using)
               ^^^^^^^^^^^^^^^^^^^^^^^^^^^^^^^^^^^^^^^^
  File "C:\Users\vitya\AppData\Local\Programs\Python\Python311\Lib\site-packages\django\template\loader.py", line 15, in get_template
    return engine.get_template(template_name)
           ^^^^^^^^^^^^^^^^^^^^^^^^^^^^^^^^^^
  File "C:\Users\vitya\AppData\Local\Programs\Python\Python311\Lib\site-packages\django\template\backends\django.py", line 33, in get_template
    return Template(self.engine.get_template(template_name), self)
                    ^^^^^^^^^^^^^^^^^^^^^^^^^^^^^^^^^^^^^^^
  File "C:\Users\vitya\AppData\Local\Programs\Python\Python311\Lib\site-packages\django\template\engine.py", line 177, in get_template
    template, origin = self.find_template(template_name)
                       ^^^^^^^^^^^^^^^^^^^^^^^^^^^^^^^^^
  File "C:\Users\vitya\AppData\Local\Programs\Python\Python311\Lib\site-packages\django\template\engine.py", line 159, in find_template
    template = loader.get_template(name, skip=skip)
               ^^^^^^^^^^^^^^^^^^^^^^^^^^^^^^^^^^^^
  File "C:\Users\vitya\AppData\Local\Programs\Python\Python311\Lib\site-packages\django\template\loaders\cached.py", line 57, in get_template
    template = super().get_template(template_name, skip)
               ^^^^^^^^^^^^^^^^^^^^^^^^^^^^^^^^^^^^^^^^^
  File "C:\Users\vitya\AppData\Local\Programs\Python\Python311\Lib\site-packages\django\template\loaders\base.py", line 28, in get_template
    return Template(
           ^^^^^^^^^
  File "C:\Users\vitya\AppData\Local\Programs\Python\Python311\Lib\site-packages\django\template\base.py", line 154, in __init__
    self.nodelist = self.compile_nodelist()
                    ^^^^^^^^^^^^^^^^^^^^^^^
  File "C:\Users\vitya\AppData\Local\Programs\Python\Python311\Lib\site-packages\django\template\base.py", line 196, in compile_nodelist
    return parser.parse()
           ^^^^^^^^^^^^^^
  File "C:\Users\vitya\AppData\Local\Programs\Python\Python311\Lib\site-packages\django\template\base.py", line 510, in parse
    raise self.error(token, e)
  File "C:\Users\vitya\AppData\Local\Programs\Python\Python311\Lib\site-packages\django\template\base.py", line 508, in parse
    compiled_result = compile_func(self, token)
                      ^^^^^^^^^^^^^^^^^^^^^^^^^
  File "C:\Users\vitya\AppData\Local\Programs\Python\Python311\Lib\site-packages\django\template\loader_tags.py", line 295, in do_extends
    nodelist = parser.parse()
               ^^^^^^^^^^^^^^
  File "C:\Users\vitya\AppData\Local\Programs\Python\Python311\Lib\site-packages\django\template\base.py", line 510, in parse
    raise self.error(token, e)
  File "C:\Users\vitya\AppData\Local\Programs\Python\Python311\Lib\site-packages\django\template\base.py", line 508, in parse
    compiled_result = compile_func(self, token)
                      ^^^^^^^^^^^^^^^^^^^^^^^^^
  File "C:\Users\vitya\AppData\Local\Programs\Python\Python311\Lib\site-packages\django\template\loader_tags.py", line 234, in do_block
    nodelist = parser.parse(("endblock",))
               ^^^^^^^^^^^^^^^^^^^^^^^^^^^
  File "C:\Users\vitya\AppData\Local\Programs\Python\Python311\Lib\site-packages\django\template\base.py", line 510, in parse
    raise self.error(token, e)
  File "C:\Users\vitya\AppData\Local\Programs\Python\Python311\Lib\site-packages\django\template\base.py", line 508, in parse
    compiled_result = compile_func(self, token)
                      ^^^^^^^^^^^^^^^^^^^^^^^^^
  File "C:\Users\vitya\AppData\Local\Programs\Python\Python311\Lib\site-packages\django\template\defaulttags.py", line 861, in do_for
    nodelist_loop = parser.parse(
                    ^^^^^^^^^^^^^
  File "C:\Users\vitya\AppData\Local\Programs\Python\Python311\Lib\site-packages\django\template\base.py", line 510, in parse
    raise self.error(token, e)
  File "C:\Users\vitya\AppData\Local\Programs\Python\Python311\Lib\site-packages\django\template\base.py", line 508, in parse
    compiled_result = compile_func(self, token)
                      ^^^^^^^^^^^^^^^^^^^^^^^^^
  File "C:\Users\vitya\AppData\Local\Programs\Python\Python311\Lib\site-packages\django\template\defaulttags.py", line 975, in do_if
    nodelist = parser.parse(("endif",))
               ^^^^^^^^^^^^^^^^^^^^^^^^
  File "C:\Users\vitya\AppData\Local\Programs\Python\Python311\Lib\site-packages\django\template\base.py", line 504, in parse
    self.invalid_block_tag(token, command, parse_until)
  File "C:\Users\vitya\AppData\Local\Programs\Python\Python311\Lib\site-packages\django\template\base.py", line 555, in invalid_block_tag
    raise self.error(
django.template.exceptions.TemplateSyntaxError: Invalid block tag on line 18: 'static', expected 'endif'. Did you forget to register or load this tag?
2024-05-22 19:10:37,879 ERROR Internal Server Error: /contacts/
Traceback (most recent call last):
  File "C:\Users\vitya\AppData\Local\Programs\Python\Python311\Lib\site-packages\django\template\base.py", line 502, in parse
    compile_func = self.tags[command]
                   ~~~~~~~~~^^^^^^^^^
KeyError: 'static'

During handling of the above exception, another exception occurred:

Traceback (most recent call last):
  File "C:\Users\vitya\AppData\Local\Programs\Python\Python311\Lib\site-packages\django\core\handlers\exception.py", line 55, in inner
    response = get_response(request)
               ^^^^^^^^^^^^^^^^^^^^^
  File "C:\Users\vitya\AppData\Local\Programs\Python\Python311\Lib\site-packages\django\core\handlers\base.py", line 197, in _get_response
    response = wrapped_callback(request, *callback_args, **callback_kwargs)
               ^^^^^^^^^^^^^^^^^^^^^^^^^^^^^^^^^^^^^^^^^^^^^^^^^^^^^^^^^^^^
  File "C:\Users\vitya\cinema\movies\views.py", line 103, in contacts
    return render(request, 'contacts.html', { 'staff' : staff })
           ^^^^^^^^^^^^^^^^^^^^^^^^^^^^^^^^^^^^^^^^^^^^^^^^^^^^^
  File "C:\Users\vitya\AppData\Local\Programs\Python\Python311\Lib\site-packages\django\shortcuts.py", line 25, in render
    content = loader.render_to_string(template_name, context, request, using=using)
              ^^^^^^^^^^^^^^^^^^^^^^^^^^^^^^^^^^^^^^^^^^^^^^^^^^^^^^^^^^^^^^^^^^^^^
  File "C:\Users\vitya\AppData\Local\Programs\Python\Python311\Lib\site-packages\django\template\loader.py", line 61, in render_to_string
    template = get_template(template_name, using=using)
               ^^^^^^^^^^^^^^^^^^^^^^^^^^^^^^^^^^^^^^^^
  File "C:\Users\vitya\AppData\Local\Programs\Python\Python311\Lib\site-packages\django\template\loader.py", line 15, in get_template
    return engine.get_template(template_name)
           ^^^^^^^^^^^^^^^^^^^^^^^^^^^^^^^^^^
  File "C:\Users\vitya\AppData\Local\Programs\Python\Python311\Lib\site-packages\django\template\backends\django.py", line 33, in get_template
    return Template(self.engine.get_template(template_name), self)
                    ^^^^^^^^^^^^^^^^^^^^^^^^^^^^^^^^^^^^^^^
  File "C:\Users\vitya\AppData\Local\Programs\Python\Python311\Lib\site-packages\django\template\engine.py", line 177, in get_template
    template, origin = self.find_template(template_name)
                       ^^^^^^^^^^^^^^^^^^^^^^^^^^^^^^^^^
  File "C:\Users\vitya\AppData\Local\Programs\Python\Python311\Lib\site-packages\django\template\engine.py", line 159, in find_template
    template = loader.get_template(name, skip=skip)
               ^^^^^^^^^^^^^^^^^^^^^^^^^^^^^^^^^^^^
  File "C:\Users\vitya\AppData\Local\Programs\Python\Python311\Lib\site-packages\django\template\loaders\cached.py", line 57, in get_template
    template = super().get_template(template_name, skip)
               ^^^^^^^^^^^^^^^^^^^^^^^^^^^^^^^^^^^^^^^^^
  File "C:\Users\vitya\AppData\Local\Programs\Python\Python311\Lib\site-packages\django\template\loaders\base.py", line 28, in get_template
    return Template(
           ^^^^^^^^^
  File "C:\Users\vitya\AppData\Local\Programs\Python\Python311\Lib\site-packages\django\template\base.py", line 154, in __init__
    self.nodelist = self.compile_nodelist()
                    ^^^^^^^^^^^^^^^^^^^^^^^
  File "C:\Users\vitya\AppData\Local\Programs\Python\Python311\Lib\site-packages\django\template\base.py", line 196, in compile_nodelist
    return parser.parse()
           ^^^^^^^^^^^^^^
  File "C:\Users\vitya\AppData\Local\Programs\Python\Python311\Lib\site-packages\django\template\base.py", line 510, in parse
    raise self.error(token, e)
  File "C:\Users\vitya\AppData\Local\Programs\Python\Python311\Lib\site-packages\django\template\base.py", line 508, in parse
    compiled_result = compile_func(self, token)
                      ^^^^^^^^^^^^^^^^^^^^^^^^^
  File "C:\Users\vitya\AppData\Local\Programs\Python\Python311\Lib\site-packages\django\template\loader_tags.py", line 295, in do_extends
    nodelist = parser.parse()
               ^^^^^^^^^^^^^^
  File "C:\Users\vitya\AppData\Local\Programs\Python\Python311\Lib\site-packages\django\template\base.py", line 510, in parse
    raise self.error(token, e)
  File "C:\Users\vitya\AppData\Local\Programs\Python\Python311\Lib\site-packages\django\template\base.py", line 508, in parse
    compiled_result = compile_func(self, token)
                      ^^^^^^^^^^^^^^^^^^^^^^^^^
  File "C:\Users\vitya\AppData\Local\Programs\Python\Python311\Lib\site-packages\django\template\loader_tags.py", line 234, in do_block
    nodelist = parser.parse(("endblock",))
               ^^^^^^^^^^^^^^^^^^^^^^^^^^^
  File "C:\Users\vitya\AppData\Local\Programs\Python\Python311\Lib\site-packages\django\template\base.py", line 510, in parse
    raise self.error(token, e)
  File "C:\Users\vitya\AppData\Local\Programs\Python\Python311\Lib\site-packages\django\template\base.py", line 508, in parse
    compiled_result = compile_func(self, token)
                      ^^^^^^^^^^^^^^^^^^^^^^^^^
  File "C:\Users\vitya\AppData\Local\Programs\Python\Python311\Lib\site-packages\django\template\defaulttags.py", line 861, in do_for
    nodelist_loop = parser.parse(
                    ^^^^^^^^^^^^^
  File "C:\Users\vitya\AppData\Local\Programs\Python\Python311\Lib\site-packages\django\template\base.py", line 510, in parse
    raise self.error(token, e)
  File "C:\Users\vitya\AppData\Local\Programs\Python\Python311\Lib\site-packages\django\template\base.py", line 508, in parse
    compiled_result = compile_func(self, token)
                      ^^^^^^^^^^^^^^^^^^^^^^^^^
  File "C:\Users\vitya\AppData\Local\Programs\Python\Python311\Lib\site-packages\django\template\defaulttags.py", line 975, in do_if
    nodelist = parser.parse(("endif",))
               ^^^^^^^^^^^^^^^^^^^^^^^^
  File "C:\Users\vitya\AppData\Local\Programs\Python\Python311\Lib\site-packages\django\template\base.py", line 504, in parse
    self.invalid_block_tag(token, command, parse_until)
  File "C:\Users\vitya\AppData\Local\Programs\Python\Python311\Lib\site-packages\django\template\base.py", line 555, in invalid_block_tag
    raise self.error(
django.template.exceptions.TemplateSyntaxError: Invalid block tag on line 18: 'static', expected 'endif'. Did you forget to register or load this tag?
2024-05-22 19:10:38,071 ERROR Internal Server Error: /contacts/
Traceback (most recent call last):
  File "C:\Users\vitya\AppData\Local\Programs\Python\Python311\Lib\site-packages\django\template\base.py", line 502, in parse
    compile_func = self.tags[command]
                   ~~~~~~~~~^^^^^^^^^
KeyError: 'static'

During handling of the above exception, another exception occurred:

Traceback (most recent call last):
  File "C:\Users\vitya\AppData\Local\Programs\Python\Python311\Lib\site-packages\django\core\handlers\exception.py", line 55, in inner
    response = get_response(request)
               ^^^^^^^^^^^^^^^^^^^^^
  File "C:\Users\vitya\AppData\Local\Programs\Python\Python311\Lib\site-packages\django\core\handlers\base.py", line 197, in _get_response
    response = wrapped_callback(request, *callback_args, **callback_kwargs)
               ^^^^^^^^^^^^^^^^^^^^^^^^^^^^^^^^^^^^^^^^^^^^^^^^^^^^^^^^^^^^
  File "C:\Users\vitya\cinema\movies\views.py", line 103, in contacts
    return render(request, 'contacts.html', { 'staff' : staff })
           ^^^^^^^^^^^^^^^^^^^^^^^^^^^^^^^^^^^^^^^^^^^^^^^^^^^^^
  File "C:\Users\vitya\AppData\Local\Programs\Python\Python311\Lib\site-packages\django\shortcuts.py", line 25, in render
    content = loader.render_to_string(template_name, context, request, using=using)
              ^^^^^^^^^^^^^^^^^^^^^^^^^^^^^^^^^^^^^^^^^^^^^^^^^^^^^^^^^^^^^^^^^^^^^
  File "C:\Users\vitya\AppData\Local\Programs\Python\Python311\Lib\site-packages\django\template\loader.py", line 61, in render_to_string
    template = get_template(template_name, using=using)
               ^^^^^^^^^^^^^^^^^^^^^^^^^^^^^^^^^^^^^^^^
  File "C:\Users\vitya\AppData\Local\Programs\Python\Python311\Lib\site-packages\django\template\loader.py", line 15, in get_template
    return engine.get_template(template_name)
           ^^^^^^^^^^^^^^^^^^^^^^^^^^^^^^^^^^
  File "C:\Users\vitya\AppData\Local\Programs\Python\Python311\Lib\site-packages\django\template\backends\django.py", line 33, in get_template
    return Template(self.engine.get_template(template_name), self)
                    ^^^^^^^^^^^^^^^^^^^^^^^^^^^^^^^^^^^^^^^
  File "C:\Users\vitya\AppData\Local\Programs\Python\Python311\Lib\site-packages\django\template\engine.py", line 177, in get_template
    template, origin = self.find_template(template_name)
                       ^^^^^^^^^^^^^^^^^^^^^^^^^^^^^^^^^
  File "C:\Users\vitya\AppData\Local\Programs\Python\Python311\Lib\site-packages\django\template\engine.py", line 159, in find_template
    template = loader.get_template(name, skip=skip)
               ^^^^^^^^^^^^^^^^^^^^^^^^^^^^^^^^^^^^
  File "C:\Users\vitya\AppData\Local\Programs\Python\Python311\Lib\site-packages\django\template\loaders\cached.py", line 57, in get_template
    template = super().get_template(template_name, skip)
               ^^^^^^^^^^^^^^^^^^^^^^^^^^^^^^^^^^^^^^^^^
  File "C:\Users\vitya\AppData\Local\Programs\Python\Python311\Lib\site-packages\django\template\loaders\base.py", line 28, in get_template
    return Template(
           ^^^^^^^^^
  File "C:\Users\vitya\AppData\Local\Programs\Python\Python311\Lib\site-packages\django\template\base.py", line 154, in __init__
    self.nodelist = self.compile_nodelist()
                    ^^^^^^^^^^^^^^^^^^^^^^^
  File "C:\Users\vitya\AppData\Local\Programs\Python\Python311\Lib\site-packages\django\template\base.py", line 196, in compile_nodelist
    return parser.parse()
           ^^^^^^^^^^^^^^
  File "C:\Users\vitya\AppData\Local\Programs\Python\Python311\Lib\site-packages\django\template\base.py", line 510, in parse
    raise self.error(token, e)
  File "C:\Users\vitya\AppData\Local\Programs\Python\Python311\Lib\site-packages\django\template\base.py", line 508, in parse
    compiled_result = compile_func(self, token)
                      ^^^^^^^^^^^^^^^^^^^^^^^^^
  File "C:\Users\vitya\AppData\Local\Programs\Python\Python311\Lib\site-packages\django\template\loader_tags.py", line 295, in do_extends
    nodelist = parser.parse()
               ^^^^^^^^^^^^^^
  File "C:\Users\vitya\AppData\Local\Programs\Python\Python311\Lib\site-packages\django\template\base.py", line 510, in parse
    raise self.error(token, e)
  File "C:\Users\vitya\AppData\Local\Programs\Python\Python311\Lib\site-packages\django\template\base.py", line 508, in parse
    compiled_result = compile_func(self, token)
                      ^^^^^^^^^^^^^^^^^^^^^^^^^
  File "C:\Users\vitya\AppData\Local\Programs\Python\Python311\Lib\site-packages\django\template\loader_tags.py", line 234, in do_block
    nodelist = parser.parse(("endblock",))
               ^^^^^^^^^^^^^^^^^^^^^^^^^^^
  File "C:\Users\vitya\AppData\Local\Programs\Python\Python311\Lib\site-packages\django\template\base.py", line 510, in parse
    raise self.error(token, e)
  File "C:\Users\vitya\AppData\Local\Programs\Python\Python311\Lib\site-packages\django\template\base.py", line 508, in parse
    compiled_result = compile_func(self, token)
                      ^^^^^^^^^^^^^^^^^^^^^^^^^
  File "C:\Users\vitya\AppData\Local\Programs\Python\Python311\Lib\site-packages\django\template\defaulttags.py", line 861, in do_for
    nodelist_loop = parser.parse(
                    ^^^^^^^^^^^^^
  File "C:\Users\vitya\AppData\Local\Programs\Python\Python311\Lib\site-packages\django\template\base.py", line 510, in parse
    raise self.error(token, e)
  File "C:\Users\vitya\AppData\Local\Programs\Python\Python311\Lib\site-packages\django\template\base.py", line 508, in parse
    compiled_result = compile_func(self, token)
                      ^^^^^^^^^^^^^^^^^^^^^^^^^
  File "C:\Users\vitya\AppData\Local\Programs\Python\Python311\Lib\site-packages\django\template\defaulttags.py", line 975, in do_if
    nodelist = parser.parse(("endif",))
               ^^^^^^^^^^^^^^^^^^^^^^^^
  File "C:\Users\vitya\AppData\Local\Programs\Python\Python311\Lib\site-packages\django\template\base.py", line 504, in parse
    self.invalid_block_tag(token, command, parse_until)
  File "C:\Users\vitya\AppData\Local\Programs\Python\Python311\Lib\site-packages\django\template\base.py", line 555, in invalid_block_tag
    raise self.error(
django.template.exceptions.TemplateSyntaxError: Invalid block tag on line 18: 'static', expected 'endif'. Did you forget to register or load this tag?
2024-05-22 19:10:38,244 ERROR Internal Server Error: /contacts/
Traceback (most recent call last):
  File "C:\Users\vitya\AppData\Local\Programs\Python\Python311\Lib\site-packages\django\template\base.py", line 502, in parse
    compile_func = self.tags[command]
                   ~~~~~~~~~^^^^^^^^^
KeyError: 'static'

During handling of the above exception, another exception occurred:

Traceback (most recent call last):
  File "C:\Users\vitya\AppData\Local\Programs\Python\Python311\Lib\site-packages\django\core\handlers\exception.py", line 55, in inner
    response = get_response(request)
               ^^^^^^^^^^^^^^^^^^^^^
  File "C:\Users\vitya\AppData\Local\Programs\Python\Python311\Lib\site-packages\django\core\handlers\base.py", line 197, in _get_response
    response = wrapped_callback(request, *callback_args, **callback_kwargs)
               ^^^^^^^^^^^^^^^^^^^^^^^^^^^^^^^^^^^^^^^^^^^^^^^^^^^^^^^^^^^^
  File "C:\Users\vitya\cinema\movies\views.py", line 103, in contacts
    return render(request, 'contacts.html', { 'staff' : staff })
           ^^^^^^^^^^^^^^^^^^^^^^^^^^^^^^^^^^^^^^^^^^^^^^^^^^^^^
  File "C:\Users\vitya\AppData\Local\Programs\Python\Python311\Lib\site-packages\django\shortcuts.py", line 25, in render
    content = loader.render_to_string(template_name, context, request, using=using)
              ^^^^^^^^^^^^^^^^^^^^^^^^^^^^^^^^^^^^^^^^^^^^^^^^^^^^^^^^^^^^^^^^^^^^^
  File "C:\Users\vitya\AppData\Local\Programs\Python\Python311\Lib\site-packages\django\template\loader.py", line 61, in render_to_string
    template = get_template(template_name, using=using)
               ^^^^^^^^^^^^^^^^^^^^^^^^^^^^^^^^^^^^^^^^
  File "C:\Users\vitya\AppData\Local\Programs\Python\Python311\Lib\site-packages\django\template\loader.py", line 15, in get_template
    return engine.get_template(template_name)
           ^^^^^^^^^^^^^^^^^^^^^^^^^^^^^^^^^^
  File "C:\Users\vitya\AppData\Local\Programs\Python\Python311\Lib\site-packages\django\template\backends\django.py", line 33, in get_template
    return Template(self.engine.get_template(template_name), self)
                    ^^^^^^^^^^^^^^^^^^^^^^^^^^^^^^^^^^^^^^^
  File "C:\Users\vitya\AppData\Local\Programs\Python\Python311\Lib\site-packages\django\template\engine.py", line 177, in get_template
    template, origin = self.find_template(template_name)
                       ^^^^^^^^^^^^^^^^^^^^^^^^^^^^^^^^^
  File "C:\Users\vitya\AppData\Local\Programs\Python\Python311\Lib\site-packages\django\template\engine.py", line 159, in find_template
    template = loader.get_template(name, skip=skip)
               ^^^^^^^^^^^^^^^^^^^^^^^^^^^^^^^^^^^^
  File "C:\Users\vitya\AppData\Local\Programs\Python\Python311\Lib\site-packages\django\template\loaders\cached.py", line 57, in get_template
    template = super().get_template(template_name, skip)
               ^^^^^^^^^^^^^^^^^^^^^^^^^^^^^^^^^^^^^^^^^
  File "C:\Users\vitya\AppData\Local\Programs\Python\Python311\Lib\site-packages\django\template\loaders\base.py", line 28, in get_template
    return Template(
           ^^^^^^^^^
  File "C:\Users\vitya\AppData\Local\Programs\Python\Python311\Lib\site-packages\django\template\base.py", line 154, in __init__
    self.nodelist = self.compile_nodelist()
                    ^^^^^^^^^^^^^^^^^^^^^^^
  File "C:\Users\vitya\AppData\Local\Programs\Python\Python311\Lib\site-packages\django\template\base.py", line 196, in compile_nodelist
    return parser.parse()
           ^^^^^^^^^^^^^^
  File "C:\Users\vitya\AppData\Local\Programs\Python\Python311\Lib\site-packages\django\template\base.py", line 510, in parse
    raise self.error(token, e)
  File "C:\Users\vitya\AppData\Local\Programs\Python\Python311\Lib\site-packages\django\template\base.py", line 508, in parse
    compiled_result = compile_func(self, token)
                      ^^^^^^^^^^^^^^^^^^^^^^^^^
  File "C:\Users\vitya\AppData\Local\Programs\Python\Python311\Lib\site-packages\django\template\loader_tags.py", line 295, in do_extends
    nodelist = parser.parse()
               ^^^^^^^^^^^^^^
  File "C:\Users\vitya\AppData\Local\Programs\Python\Python311\Lib\site-packages\django\template\base.py", line 510, in parse
    raise self.error(token, e)
  File "C:\Users\vitya\AppData\Local\Programs\Python\Python311\Lib\site-packages\django\template\base.py", line 508, in parse
    compiled_result = compile_func(self, token)
                      ^^^^^^^^^^^^^^^^^^^^^^^^^
  File "C:\Users\vitya\AppData\Local\Programs\Python\Python311\Lib\site-packages\django\template\loader_tags.py", line 234, in do_block
    nodelist = parser.parse(("endblock",))
               ^^^^^^^^^^^^^^^^^^^^^^^^^^^
  File "C:\Users\vitya\AppData\Local\Programs\Python\Python311\Lib\site-packages\django\template\base.py", line 510, in parse
    raise self.error(token, e)
  File "C:\Users\vitya\AppData\Local\Programs\Python\Python311\Lib\site-packages\django\template\base.py", line 508, in parse
    compiled_result = compile_func(self, token)
                      ^^^^^^^^^^^^^^^^^^^^^^^^^
  File "C:\Users\vitya\AppData\Local\Programs\Python\Python311\Lib\site-packages\django\template\defaulttags.py", line 861, in do_for
    nodelist_loop = parser.parse(
                    ^^^^^^^^^^^^^
  File "C:\Users\vitya\AppData\Local\Programs\Python\Python311\Lib\site-packages\django\template\base.py", line 510, in parse
    raise self.error(token, e)
  File "C:\Users\vitya\AppData\Local\Programs\Python\Python311\Lib\site-packages\django\template\base.py", line 508, in parse
    compiled_result = compile_func(self, token)
                      ^^^^^^^^^^^^^^^^^^^^^^^^^
  File "C:\Users\vitya\AppData\Local\Programs\Python\Python311\Lib\site-packages\django\template\defaulttags.py", line 975, in do_if
    nodelist = parser.parse(("endif",))
               ^^^^^^^^^^^^^^^^^^^^^^^^
  File "C:\Users\vitya\AppData\Local\Programs\Python\Python311\Lib\site-packages\django\template\base.py", line 504, in parse
    self.invalid_block_tag(token, command, parse_until)
  File "C:\Users\vitya\AppData\Local\Programs\Python\Python311\Lib\site-packages\django\template\base.py", line 555, in invalid_block_tag
    raise self.error(
django.template.exceptions.TemplateSyntaxError: Invalid block tag on line 18: 'static', expected 'endif'. Did you forget to register or load this tag?
2024-05-22 19:10:46,060 ERROR Internal Server Error: /contacts/
Traceback (most recent call last):
  File "C:\Users\vitya\AppData\Local\Programs\Python\Python311\Lib\site-packages\django\template\base.py", line 502, in parse
    compile_func = self.tags[command]
                   ~~~~~~~~~^^^^^^^^^
KeyError: 'static'

During handling of the above exception, another exception occurred:

Traceback (most recent call last):
  File "C:\Users\vitya\AppData\Local\Programs\Python\Python311\Lib\site-packages\django\core\handlers\exception.py", line 55, in inner
    response = get_response(request)
               ^^^^^^^^^^^^^^^^^^^^^
  File "C:\Users\vitya\AppData\Local\Programs\Python\Python311\Lib\site-packages\django\core\handlers\base.py", line 197, in _get_response
    response = wrapped_callback(request, *callback_args, **callback_kwargs)
               ^^^^^^^^^^^^^^^^^^^^^^^^^^^^^^^^^^^^^^^^^^^^^^^^^^^^^^^^^^^^
  File "C:\Users\vitya\cinema\movies\views.py", line 103, in contacts
    return render(request, 'contacts.html', { 'staff' : staff })
           ^^^^^^^^^^^^^^^^^^^^^^^^^^^^^^^^^^^^^^^^^^^^^^^^^^^^^
  File "C:\Users\vitya\AppData\Local\Programs\Python\Python311\Lib\site-packages\django\shortcuts.py", line 25, in render
    content = loader.render_to_string(template_name, context, request, using=using)
              ^^^^^^^^^^^^^^^^^^^^^^^^^^^^^^^^^^^^^^^^^^^^^^^^^^^^^^^^^^^^^^^^^^^^^
  File "C:\Users\vitya\AppData\Local\Programs\Python\Python311\Lib\site-packages\django\template\loader.py", line 61, in render_to_string
    template = get_template(template_name, using=using)
               ^^^^^^^^^^^^^^^^^^^^^^^^^^^^^^^^^^^^^^^^
  File "C:\Users\vitya\AppData\Local\Programs\Python\Python311\Lib\site-packages\django\template\loader.py", line 15, in get_template
    return engine.get_template(template_name)
           ^^^^^^^^^^^^^^^^^^^^^^^^^^^^^^^^^^
  File "C:\Users\vitya\AppData\Local\Programs\Python\Python311\Lib\site-packages\django\template\backends\django.py", line 33, in get_template
    return Template(self.engine.get_template(template_name), self)
                    ^^^^^^^^^^^^^^^^^^^^^^^^^^^^^^^^^^^^^^^
  File "C:\Users\vitya\AppData\Local\Programs\Python\Python311\Lib\site-packages\django\template\engine.py", line 177, in get_template
    template, origin = self.find_template(template_name)
                       ^^^^^^^^^^^^^^^^^^^^^^^^^^^^^^^^^
  File "C:\Users\vitya\AppData\Local\Programs\Python\Python311\Lib\site-packages\django\template\engine.py", line 159, in find_template
    template = loader.get_template(name, skip=skip)
               ^^^^^^^^^^^^^^^^^^^^^^^^^^^^^^^^^^^^
  File "C:\Users\vitya\AppData\Local\Programs\Python\Python311\Lib\site-packages\django\template\loaders\cached.py", line 57, in get_template
    template = super().get_template(template_name, skip)
               ^^^^^^^^^^^^^^^^^^^^^^^^^^^^^^^^^^^^^^^^^
  File "C:\Users\vitya\AppData\Local\Programs\Python\Python311\Lib\site-packages\django\template\loaders\base.py", line 28, in get_template
    return Template(
           ^^^^^^^^^
  File "C:\Users\vitya\AppData\Local\Programs\Python\Python311\Lib\site-packages\django\template\base.py", line 154, in __init__
    self.nodelist = self.compile_nodelist()
                    ^^^^^^^^^^^^^^^^^^^^^^^
  File "C:\Users\vitya\AppData\Local\Programs\Python\Python311\Lib\site-packages\django\template\base.py", line 196, in compile_nodelist
    return parser.parse()
           ^^^^^^^^^^^^^^
  File "C:\Users\vitya\AppData\Local\Programs\Python\Python311\Lib\site-packages\django\template\base.py", line 510, in parse
    raise self.error(token, e)
  File "C:\Users\vitya\AppData\Local\Programs\Python\Python311\Lib\site-packages\django\template\base.py", line 508, in parse
    compiled_result = compile_func(self, token)
                      ^^^^^^^^^^^^^^^^^^^^^^^^^
  File "C:\Users\vitya\AppData\Local\Programs\Python\Python311\Lib\site-packages\django\template\loader_tags.py", line 295, in do_extends
    nodelist = parser.parse()
               ^^^^^^^^^^^^^^
  File "C:\Users\vitya\AppData\Local\Programs\Python\Python311\Lib\site-packages\django\template\base.py", line 510, in parse
    raise self.error(token, e)
  File "C:\Users\vitya\AppData\Local\Programs\Python\Python311\Lib\site-packages\django\template\base.py", line 508, in parse
    compiled_result = compile_func(self, token)
                      ^^^^^^^^^^^^^^^^^^^^^^^^^
  File "C:\Users\vitya\AppData\Local\Programs\Python\Python311\Lib\site-packages\django\template\loader_tags.py", line 234, in do_block
    nodelist = parser.parse(("endblock",))
               ^^^^^^^^^^^^^^^^^^^^^^^^^^^
  File "C:\Users\vitya\AppData\Local\Programs\Python\Python311\Lib\site-packages\django\template\base.py", line 510, in parse
    raise self.error(token, e)
  File "C:\Users\vitya\AppData\Local\Programs\Python\Python311\Lib\site-packages\django\template\base.py", line 508, in parse
    compiled_result = compile_func(self, token)
                      ^^^^^^^^^^^^^^^^^^^^^^^^^
  File "C:\Users\vitya\AppData\Local\Programs\Python\Python311\Lib\site-packages\django\template\defaulttags.py", line 861, in do_for
    nodelist_loop = parser.parse(
                    ^^^^^^^^^^^^^
  File "C:\Users\vitya\AppData\Local\Programs\Python\Python311\Lib\site-packages\django\template\base.py", line 510, in parse
    raise self.error(token, e)
  File "C:\Users\vitya\AppData\Local\Programs\Python\Python311\Lib\site-packages\django\template\base.py", line 508, in parse
    compiled_result = compile_func(self, token)
                      ^^^^^^^^^^^^^^^^^^^^^^^^^
  File "C:\Users\vitya\AppData\Local\Programs\Python\Python311\Lib\site-packages\django\template\defaulttags.py", line 975, in do_if
    nodelist = parser.parse(("endif",))
               ^^^^^^^^^^^^^^^^^^^^^^^^
  File "C:\Users\vitya\AppData\Local\Programs\Python\Python311\Lib\site-packages\django\template\base.py", line 504, in parse
    self.invalid_block_tag(token, command, parse_until)
  File "C:\Users\vitya\AppData\Local\Programs\Python\Python311\Lib\site-packages\django\template\base.py", line 555, in invalid_block_tag
    raise self.error(
django.template.exceptions.TemplateSyntaxError: Invalid block tag on line 18: 'static', expected 'endif'. Did you forget to register or load this tag?
2024-05-22 19:10:46,460 ERROR Internal Server Error: /contacts/
Traceback (most recent call last):
  File "C:\Users\vitya\AppData\Local\Programs\Python\Python311\Lib\site-packages\django\core\handlers\exception.py", line 55, in inner
    response = get_response(request)
               ^^^^^^^^^^^^^^^^^^^^^
  File "C:\Users\vitya\AppData\Local\Programs\Python\Python311\Lib\site-packages\django\core\handlers\base.py", line 197, in _get_response
    response = wrapped_callback(request, *callback_args, **callback_kwargs)
               ^^^^^^^^^^^^^^^^^^^^^^^^^^^^^^^^^^^^^^^^^^^^^^^^^^^^^^^^^^^^
  File "C:\Users\vitya\cinema\movies\views.py", line 103, in contacts
    return render(request, 'contacts.html', { 'staff' : staff })
           ^^^^^^^^^^^^^^^^^^^^^^^^^^^^^^^^^^^^^^^^^^^^^^^^^^^^^
  File "C:\Users\vitya\AppData\Local\Programs\Python\Python311\Lib\site-packages\django\shortcuts.py", line 25, in render
    content = loader.render_to_string(template_name, context, request, using=using)
              ^^^^^^^^^^^^^^^^^^^^^^^^^^^^^^^^^^^^^^^^^^^^^^^^^^^^^^^^^^^^^^^^^^^^^
  File "C:\Users\vitya\AppData\Local\Programs\Python\Python311\Lib\site-packages\django\template\loader.py", line 61, in render_to_string
    template = get_template(template_name, using=using)
               ^^^^^^^^^^^^^^^^^^^^^^^^^^^^^^^^^^^^^^^^
  File "C:\Users\vitya\AppData\Local\Programs\Python\Python311\Lib\site-packages\django\template\loader.py", line 15, in get_template
    return engine.get_template(template_name)
           ^^^^^^^^^^^^^^^^^^^^^^^^^^^^^^^^^^
  File "C:\Users\vitya\AppData\Local\Programs\Python\Python311\Lib\site-packages\django\template\backends\django.py", line 33, in get_template
    return Template(self.engine.get_template(template_name), self)
                    ^^^^^^^^^^^^^^^^^^^^^^^^^^^^^^^^^^^^^^^
  File "C:\Users\vitya\AppData\Local\Programs\Python\Python311\Lib\site-packages\django\template\engine.py", line 177, in get_template
    template, origin = self.find_template(template_name)
                       ^^^^^^^^^^^^^^^^^^^^^^^^^^^^^^^^^
  File "C:\Users\vitya\AppData\Local\Programs\Python\Python311\Lib\site-packages\django\template\engine.py", line 159, in find_template
    template = loader.get_template(name, skip=skip)
               ^^^^^^^^^^^^^^^^^^^^^^^^^^^^^^^^^^^^
  File "C:\Users\vitya\AppData\Local\Programs\Python\Python311\Lib\site-packages\django\template\loaders\cached.py", line 57, in get_template
    template = super().get_template(template_name, skip)
               ^^^^^^^^^^^^^^^^^^^^^^^^^^^^^^^^^^^^^^^^^
  File "C:\Users\vitya\AppData\Local\Programs\Python\Python311\Lib\site-packages\django\template\loaders\base.py", line 28, in get_template
    return Template(
           ^^^^^^^^^
  File "C:\Users\vitya\AppData\Local\Programs\Python\Python311\Lib\site-packages\django\template\base.py", line 154, in __init__
    self.nodelist = self.compile_nodelist()
                    ^^^^^^^^^^^^^^^^^^^^^^^
  File "C:\Users\vitya\AppData\Local\Programs\Python\Python311\Lib\site-packages\django\template\base.py", line 196, in compile_nodelist
    return parser.parse()
           ^^^^^^^^^^^^^^
  File "C:\Users\vitya\AppData\Local\Programs\Python\Python311\Lib\site-packages\django\template\base.py", line 511, in parse
    self.extend_nodelist(nodelist, compiled_result, token)
  File "C:\Users\vitya\AppData\Local\Programs\Python\Python311\Lib\site-packages\django\template\base.py", line 528, in extend_nodelist
    raise self.error(
django.template.exceptions.TemplateSyntaxError: <ExtendsNode: extends "base_generic.html"> must be the first tag in the template.
2024-05-22 19:10:46,716 ERROR Internal Server Error: /contacts/
Traceback (most recent call last):
  File "C:\Users\vitya\AppData\Local\Programs\Python\Python311\Lib\site-packages\django\core\handlers\exception.py", line 55, in inner
    response = get_response(request)
               ^^^^^^^^^^^^^^^^^^^^^
  File "C:\Users\vitya\AppData\Local\Programs\Python\Python311\Lib\site-packages\django\core\handlers\base.py", line 197, in _get_response
    response = wrapped_callback(request, *callback_args, **callback_kwargs)
               ^^^^^^^^^^^^^^^^^^^^^^^^^^^^^^^^^^^^^^^^^^^^^^^^^^^^^^^^^^^^
  File "C:\Users\vitya\cinema\movies\views.py", line 103, in contacts
    return render(request, 'contacts.html', { 'staff' : staff })
           ^^^^^^^^^^^^^^^^^^^^^^^^^^^^^^^^^^^^^^^^^^^^^^^^^^^^^
  File "C:\Users\vitya\AppData\Local\Programs\Python\Python311\Lib\site-packages\django\shortcuts.py", line 25, in render
    content = loader.render_to_string(template_name, context, request, using=using)
              ^^^^^^^^^^^^^^^^^^^^^^^^^^^^^^^^^^^^^^^^^^^^^^^^^^^^^^^^^^^^^^^^^^^^^
  File "C:\Users\vitya\AppData\Local\Programs\Python\Python311\Lib\site-packages\django\template\loader.py", line 61, in render_to_string
    template = get_template(template_name, using=using)
               ^^^^^^^^^^^^^^^^^^^^^^^^^^^^^^^^^^^^^^^^
  File "C:\Users\vitya\AppData\Local\Programs\Python\Python311\Lib\site-packages\django\template\loader.py", line 15, in get_template
    return engine.get_template(template_name)
           ^^^^^^^^^^^^^^^^^^^^^^^^^^^^^^^^^^
  File "C:\Users\vitya\AppData\Local\Programs\Python\Python311\Lib\site-packages\django\template\backends\django.py", line 33, in get_template
    return Template(self.engine.get_template(template_name), self)
                    ^^^^^^^^^^^^^^^^^^^^^^^^^^^^^^^^^^^^^^^
  File "C:\Users\vitya\AppData\Local\Programs\Python\Python311\Lib\site-packages\django\template\engine.py", line 177, in get_template
    template, origin = self.find_template(template_name)
                       ^^^^^^^^^^^^^^^^^^^^^^^^^^^^^^^^^
  File "C:\Users\vitya\AppData\Local\Programs\Python\Python311\Lib\site-packages\django\template\engine.py", line 159, in find_template
    template = loader.get_template(name, skip=skip)
               ^^^^^^^^^^^^^^^^^^^^^^^^^^^^^^^^^^^^
  File "C:\Users\vitya\AppData\Local\Programs\Python\Python311\Lib\site-packages\django\template\loaders\cached.py", line 57, in get_template
    template = super().get_template(template_name, skip)
               ^^^^^^^^^^^^^^^^^^^^^^^^^^^^^^^^^^^^^^^^^
  File "C:\Users\vitya\AppData\Local\Programs\Python\Python311\Lib\site-packages\django\template\loaders\base.py", line 28, in get_template
    return Template(
           ^^^^^^^^^
  File "C:\Users\vitya\AppData\Local\Programs\Python\Python311\Lib\site-packages\django\template\base.py", line 154, in __init__
    self.nodelist = self.compile_nodelist()
                    ^^^^^^^^^^^^^^^^^^^^^^^
  File "C:\Users\vitya\AppData\Local\Programs\Python\Python311\Lib\site-packages\django\template\base.py", line 196, in compile_nodelist
    return parser.parse()
           ^^^^^^^^^^^^^^
  File "C:\Users\vitya\AppData\Local\Programs\Python\Python311\Lib\site-packages\django\template\base.py", line 511, in parse
    self.extend_nodelist(nodelist, compiled_result, token)
  File "C:\Users\vitya\AppData\Local\Programs\Python\Python311\Lib\site-packages\django\template\base.py", line 528, in extend_nodelist
    raise self.error(
django.template.exceptions.TemplateSyntaxError: <ExtendsNode: extends "base_generic.html"> must be the first tag in the template.
2024-05-22 19:10:46,966 ERROR Internal Server Error: /contacts/
Traceback (most recent call last):
  File "C:\Users\vitya\AppData\Local\Programs\Python\Python311\Lib\site-packages\django\core\handlers\exception.py", line 55, in inner
    response = get_response(request)
               ^^^^^^^^^^^^^^^^^^^^^
  File "C:\Users\vitya\AppData\Local\Programs\Python\Python311\Lib\site-packages\django\core\handlers\base.py", line 197, in _get_response
    response = wrapped_callback(request, *callback_args, **callback_kwargs)
               ^^^^^^^^^^^^^^^^^^^^^^^^^^^^^^^^^^^^^^^^^^^^^^^^^^^^^^^^^^^^
  File "C:\Users\vitya\cinema\movies\views.py", line 103, in contacts
    return render(request, 'contacts.html', { 'staff' : staff })
           ^^^^^^^^^^^^^^^^^^^^^^^^^^^^^^^^^^^^^^^^^^^^^^^^^^^^^
  File "C:\Users\vitya\AppData\Local\Programs\Python\Python311\Lib\site-packages\django\shortcuts.py", line 25, in render
    content = loader.render_to_string(template_name, context, request, using=using)
              ^^^^^^^^^^^^^^^^^^^^^^^^^^^^^^^^^^^^^^^^^^^^^^^^^^^^^^^^^^^^^^^^^^^^^
  File "C:\Users\vitya\AppData\Local\Programs\Python\Python311\Lib\site-packages\django\template\loader.py", line 61, in render_to_string
    template = get_template(template_name, using=using)
               ^^^^^^^^^^^^^^^^^^^^^^^^^^^^^^^^^^^^^^^^
  File "C:\Users\vitya\AppData\Local\Programs\Python\Python311\Lib\site-packages\django\template\loader.py", line 15, in get_template
    return engine.get_template(template_name)
           ^^^^^^^^^^^^^^^^^^^^^^^^^^^^^^^^^^
  File "C:\Users\vitya\AppData\Local\Programs\Python\Python311\Lib\site-packages\django\template\backends\django.py", line 33, in get_template
    return Template(self.engine.get_template(template_name), self)
                    ^^^^^^^^^^^^^^^^^^^^^^^^^^^^^^^^^^^^^^^
  File "C:\Users\vitya\AppData\Local\Programs\Python\Python311\Lib\site-packages\django\template\engine.py", line 177, in get_template
    template, origin = self.find_template(template_name)
                       ^^^^^^^^^^^^^^^^^^^^^^^^^^^^^^^^^
  File "C:\Users\vitya\AppData\Local\Programs\Python\Python311\Lib\site-packages\django\template\engine.py", line 159, in find_template
    template = loader.get_template(name, skip=skip)
               ^^^^^^^^^^^^^^^^^^^^^^^^^^^^^^^^^^^^
  File "C:\Users\vitya\AppData\Local\Programs\Python\Python311\Lib\site-packages\django\template\loaders\cached.py", line 57, in get_template
    template = super().get_template(template_name, skip)
               ^^^^^^^^^^^^^^^^^^^^^^^^^^^^^^^^^^^^^^^^^
  File "C:\Users\vitya\AppData\Local\Programs\Python\Python311\Lib\site-packages\django\template\loaders\base.py", line 28, in get_template
    return Template(
           ^^^^^^^^^
  File "C:\Users\vitya\AppData\Local\Programs\Python\Python311\Lib\site-packages\django\template\base.py", line 154, in __init__
    self.nodelist = self.compile_nodelist()
                    ^^^^^^^^^^^^^^^^^^^^^^^
  File "C:\Users\vitya\AppData\Local\Programs\Python\Python311\Lib\site-packages\django\template\base.py", line 196, in compile_nodelist
    return parser.parse()
           ^^^^^^^^^^^^^^
  File "C:\Users\vitya\AppData\Local\Programs\Python\Python311\Lib\site-packages\django\template\base.py", line 511, in parse
    self.extend_nodelist(nodelist, compiled_result, token)
  File "C:\Users\vitya\AppData\Local\Programs\Python\Python311\Lib\site-packages\django\template\base.py", line 528, in extend_nodelist
    raise self.error(
django.template.exceptions.TemplateSyntaxError: <ExtendsNode: extends "base_generic.html"> must be the first tag in the template.
2024-05-22 19:10:47,177 ERROR Internal Server Error: /contacts/
Traceback (most recent call last):
  File "C:\Users\vitya\AppData\Local\Programs\Python\Python311\Lib\site-packages\django\core\handlers\exception.py", line 55, in inner
    response = get_response(request)
               ^^^^^^^^^^^^^^^^^^^^^
  File "C:\Users\vitya\AppData\Local\Programs\Python\Python311\Lib\site-packages\django\core\handlers\base.py", line 197, in _get_response
    response = wrapped_callback(request, *callback_args, **callback_kwargs)
               ^^^^^^^^^^^^^^^^^^^^^^^^^^^^^^^^^^^^^^^^^^^^^^^^^^^^^^^^^^^^
  File "C:\Users\vitya\cinema\movies\views.py", line 103, in contacts
    return render(request, 'contacts.html', { 'staff' : staff })
           ^^^^^^^^^^^^^^^^^^^^^^^^^^^^^^^^^^^^^^^^^^^^^^^^^^^^^
  File "C:\Users\vitya\AppData\Local\Programs\Python\Python311\Lib\site-packages\django\shortcuts.py", line 25, in render
    content = loader.render_to_string(template_name, context, request, using=using)
              ^^^^^^^^^^^^^^^^^^^^^^^^^^^^^^^^^^^^^^^^^^^^^^^^^^^^^^^^^^^^^^^^^^^^^
  File "C:\Users\vitya\AppData\Local\Programs\Python\Python311\Lib\site-packages\django\template\loader.py", line 61, in render_to_string
    template = get_template(template_name, using=using)
               ^^^^^^^^^^^^^^^^^^^^^^^^^^^^^^^^^^^^^^^^
  File "C:\Users\vitya\AppData\Local\Programs\Python\Python311\Lib\site-packages\django\template\loader.py", line 15, in get_template
    return engine.get_template(template_name)
           ^^^^^^^^^^^^^^^^^^^^^^^^^^^^^^^^^^
  File "C:\Users\vitya\AppData\Local\Programs\Python\Python311\Lib\site-packages\django\template\backends\django.py", line 33, in get_template
    return Template(self.engine.get_template(template_name), self)
                    ^^^^^^^^^^^^^^^^^^^^^^^^^^^^^^^^^^^^^^^
  File "C:\Users\vitya\AppData\Local\Programs\Python\Python311\Lib\site-packages\django\template\engine.py", line 177, in get_template
    template, origin = self.find_template(template_name)
                       ^^^^^^^^^^^^^^^^^^^^^^^^^^^^^^^^^
  File "C:\Users\vitya\AppData\Local\Programs\Python\Python311\Lib\site-packages\django\template\engine.py", line 159, in find_template
    template = loader.get_template(name, skip=skip)
               ^^^^^^^^^^^^^^^^^^^^^^^^^^^^^^^^^^^^
  File "C:\Users\vitya\AppData\Local\Programs\Python\Python311\Lib\site-packages\django\template\loaders\cached.py", line 57, in get_template
    template = super().get_template(template_name, skip)
               ^^^^^^^^^^^^^^^^^^^^^^^^^^^^^^^^^^^^^^^^^
  File "C:\Users\vitya\AppData\Local\Programs\Python\Python311\Lib\site-packages\django\template\loaders\base.py", line 28, in get_template
    return Template(
           ^^^^^^^^^
  File "C:\Users\vitya\AppData\Local\Programs\Python\Python311\Lib\site-packages\django\template\base.py", line 154, in __init__
    self.nodelist = self.compile_nodelist()
                    ^^^^^^^^^^^^^^^^^^^^^^^
  File "C:\Users\vitya\AppData\Local\Programs\Python\Python311\Lib\site-packages\django\template\base.py", line 196, in compile_nodelist
    return parser.parse()
           ^^^^^^^^^^^^^^
  File "C:\Users\vitya\AppData\Local\Programs\Python\Python311\Lib\site-packages\django\template\base.py", line 511, in parse
    self.extend_nodelist(nodelist, compiled_result, token)
  File "C:\Users\vitya\AppData\Local\Programs\Python\Python311\Lib\site-packages\django\template\base.py", line 528, in extend_nodelist
    raise self.error(
django.template.exceptions.TemplateSyntaxError: <ExtendsNode: extends "base_generic.html"> must be the first tag in the template.
2024-05-22 19:10:47,314 ERROR Internal Server Error: /contacts/
Traceback (most recent call last):
  File "C:\Users\vitya\AppData\Local\Programs\Python\Python311\Lib\site-packages\django\core\handlers\exception.py", line 55, in inner
    response = get_response(request)
               ^^^^^^^^^^^^^^^^^^^^^
  File "C:\Users\vitya\AppData\Local\Programs\Python\Python311\Lib\site-packages\django\core\handlers\base.py", line 197, in _get_response
    response = wrapped_callback(request, *callback_args, **callback_kwargs)
               ^^^^^^^^^^^^^^^^^^^^^^^^^^^^^^^^^^^^^^^^^^^^^^^^^^^^^^^^^^^^
  File "C:\Users\vitya\cinema\movies\views.py", line 103, in contacts
    return render(request, 'contacts.html', { 'staff' : staff })
           ^^^^^^^^^^^^^^^^^^^^^^^^^^^^^^^^^^^^^^^^^^^^^^^^^^^^^
  File "C:\Users\vitya\AppData\Local\Programs\Python\Python311\Lib\site-packages\django\shortcuts.py", line 25, in render
    content = loader.render_to_string(template_name, context, request, using=using)
              ^^^^^^^^^^^^^^^^^^^^^^^^^^^^^^^^^^^^^^^^^^^^^^^^^^^^^^^^^^^^^^^^^^^^^
  File "C:\Users\vitya\AppData\Local\Programs\Python\Python311\Lib\site-packages\django\template\loader.py", line 61, in render_to_string
    template = get_template(template_name, using=using)
               ^^^^^^^^^^^^^^^^^^^^^^^^^^^^^^^^^^^^^^^^
  File "C:\Users\vitya\AppData\Local\Programs\Python\Python311\Lib\site-packages\django\template\loader.py", line 15, in get_template
    return engine.get_template(template_name)
           ^^^^^^^^^^^^^^^^^^^^^^^^^^^^^^^^^^
  File "C:\Users\vitya\AppData\Local\Programs\Python\Python311\Lib\site-packages\django\template\backends\django.py", line 33, in get_template
    return Template(self.engine.get_template(template_name), self)
                    ^^^^^^^^^^^^^^^^^^^^^^^^^^^^^^^^^^^^^^^
  File "C:\Users\vitya\AppData\Local\Programs\Python\Python311\Lib\site-packages\django\template\engine.py", line 177, in get_template
    template, origin = self.find_template(template_name)
                       ^^^^^^^^^^^^^^^^^^^^^^^^^^^^^^^^^
  File "C:\Users\vitya\AppData\Local\Programs\Python\Python311\Lib\site-packages\django\template\engine.py", line 159, in find_template
    template = loader.get_template(name, skip=skip)
               ^^^^^^^^^^^^^^^^^^^^^^^^^^^^^^^^^^^^
  File "C:\Users\vitya\AppData\Local\Programs\Python\Python311\Lib\site-packages\django\template\loaders\cached.py", line 57, in get_template
    template = super().get_template(template_name, skip)
               ^^^^^^^^^^^^^^^^^^^^^^^^^^^^^^^^^^^^^^^^^
  File "C:\Users\vitya\AppData\Local\Programs\Python\Python311\Lib\site-packages\django\template\loaders\base.py", line 28, in get_template
    return Template(
           ^^^^^^^^^
  File "C:\Users\vitya\AppData\Local\Programs\Python\Python311\Lib\site-packages\django\template\base.py", line 154, in __init__
    self.nodelist = self.compile_nodelist()
                    ^^^^^^^^^^^^^^^^^^^^^^^
  File "C:\Users\vitya\AppData\Local\Programs\Python\Python311\Lib\site-packages\django\template\base.py", line 196, in compile_nodelist
    return parser.parse()
           ^^^^^^^^^^^^^^
  File "C:\Users\vitya\AppData\Local\Programs\Python\Python311\Lib\site-packages\django\template\base.py", line 511, in parse
    self.extend_nodelist(nodelist, compiled_result, token)
  File "C:\Users\vitya\AppData\Local\Programs\Python\Python311\Lib\site-packages\django\template\base.py", line 528, in extend_nodelist
    raise self.error(
django.template.exceptions.TemplateSyntaxError: <ExtendsNode: extends "base_generic.html"> must be the first tag in the template.
2024-05-22 19:10:47,486 ERROR Internal Server Error: /contacts/
Traceback (most recent call last):
  File "C:\Users\vitya\AppData\Local\Programs\Python\Python311\Lib\site-packages\django\core\handlers\exception.py", line 55, in inner
    response = get_response(request)
               ^^^^^^^^^^^^^^^^^^^^^
  File "C:\Users\vitya\AppData\Local\Programs\Python\Python311\Lib\site-packages\django\core\handlers\base.py", line 197, in _get_response
    response = wrapped_callback(request, *callback_args, **callback_kwargs)
               ^^^^^^^^^^^^^^^^^^^^^^^^^^^^^^^^^^^^^^^^^^^^^^^^^^^^^^^^^^^^
  File "C:\Users\vitya\cinema\movies\views.py", line 103, in contacts
    return render(request, 'contacts.html', { 'staff' : staff })
           ^^^^^^^^^^^^^^^^^^^^^^^^^^^^^^^^^^^^^^^^^^^^^^^^^^^^^
  File "C:\Users\vitya\AppData\Local\Programs\Python\Python311\Lib\site-packages\django\shortcuts.py", line 25, in render
    content = loader.render_to_string(template_name, context, request, using=using)
              ^^^^^^^^^^^^^^^^^^^^^^^^^^^^^^^^^^^^^^^^^^^^^^^^^^^^^^^^^^^^^^^^^^^^^
  File "C:\Users\vitya\AppData\Local\Programs\Python\Python311\Lib\site-packages\django\template\loader.py", line 61, in render_to_string
    template = get_template(template_name, using=using)
               ^^^^^^^^^^^^^^^^^^^^^^^^^^^^^^^^^^^^^^^^
  File "C:\Users\vitya\AppData\Local\Programs\Python\Python311\Lib\site-packages\django\template\loader.py", line 15, in get_template
    return engine.get_template(template_name)
           ^^^^^^^^^^^^^^^^^^^^^^^^^^^^^^^^^^
  File "C:\Users\vitya\AppData\Local\Programs\Python\Python311\Lib\site-packages\django\template\backends\django.py", line 33, in get_template
    return Template(self.engine.get_template(template_name), self)
                    ^^^^^^^^^^^^^^^^^^^^^^^^^^^^^^^^^^^^^^^
  File "C:\Users\vitya\AppData\Local\Programs\Python\Python311\Lib\site-packages\django\template\engine.py", line 177, in get_template
    template, origin = self.find_template(template_name)
                       ^^^^^^^^^^^^^^^^^^^^^^^^^^^^^^^^^
  File "C:\Users\vitya\AppData\Local\Programs\Python\Python311\Lib\site-packages\django\template\engine.py", line 159, in find_template
    template = loader.get_template(name, skip=skip)
               ^^^^^^^^^^^^^^^^^^^^^^^^^^^^^^^^^^^^
  File "C:\Users\vitya\AppData\Local\Programs\Python\Python311\Lib\site-packages\django\template\loaders\cached.py", line 57, in get_template
    template = super().get_template(template_name, skip)
               ^^^^^^^^^^^^^^^^^^^^^^^^^^^^^^^^^^^^^^^^^
  File "C:\Users\vitya\AppData\Local\Programs\Python\Python311\Lib\site-packages\django\template\loaders\base.py", line 28, in get_template
    return Template(
           ^^^^^^^^^
  File "C:\Users\vitya\AppData\Local\Programs\Python\Python311\Lib\site-packages\django\template\base.py", line 154, in __init__
    self.nodelist = self.compile_nodelist()
                    ^^^^^^^^^^^^^^^^^^^^^^^
  File "C:\Users\vitya\AppData\Local\Programs\Python\Python311\Lib\site-packages\django\template\base.py", line 196, in compile_nodelist
    return parser.parse()
           ^^^^^^^^^^^^^^
  File "C:\Users\vitya\AppData\Local\Programs\Python\Python311\Lib\site-packages\django\template\base.py", line 511, in parse
    self.extend_nodelist(nodelist, compiled_result, token)
  File "C:\Users\vitya\AppData\Local\Programs\Python\Python311\Lib\site-packages\django\template\base.py", line 528, in extend_nodelist
    raise self.error(
django.template.exceptions.TemplateSyntaxError: <ExtendsNode: extends "base_generic.html"> must be the first tag in the template.
2024-05-22 19:10:47,667 ERROR Internal Server Error: /contacts/
Traceback (most recent call last):
  File "C:\Users\vitya\AppData\Local\Programs\Python\Python311\Lib\site-packages\django\core\handlers\exception.py", line 55, in inner
    response = get_response(request)
               ^^^^^^^^^^^^^^^^^^^^^
  File "C:\Users\vitya\AppData\Local\Programs\Python\Python311\Lib\site-packages\django\core\handlers\base.py", line 197, in _get_response
    response = wrapped_callback(request, *callback_args, **callback_kwargs)
               ^^^^^^^^^^^^^^^^^^^^^^^^^^^^^^^^^^^^^^^^^^^^^^^^^^^^^^^^^^^^
  File "C:\Users\vitya\cinema\movies\views.py", line 103, in contacts
    return render(request, 'contacts.html', { 'staff' : staff })
           ^^^^^^^^^^^^^^^^^^^^^^^^^^^^^^^^^^^^^^^^^^^^^^^^^^^^^
  File "C:\Users\vitya\AppData\Local\Programs\Python\Python311\Lib\site-packages\django\shortcuts.py", line 25, in render
    content = loader.render_to_string(template_name, context, request, using=using)
              ^^^^^^^^^^^^^^^^^^^^^^^^^^^^^^^^^^^^^^^^^^^^^^^^^^^^^^^^^^^^^^^^^^^^^
  File "C:\Users\vitya\AppData\Local\Programs\Python\Python311\Lib\site-packages\django\template\loader.py", line 61, in render_to_string
    template = get_template(template_name, using=using)
               ^^^^^^^^^^^^^^^^^^^^^^^^^^^^^^^^^^^^^^^^
  File "C:\Users\vitya\AppData\Local\Programs\Python\Python311\Lib\site-packages\django\template\loader.py", line 15, in get_template
    return engine.get_template(template_name)
           ^^^^^^^^^^^^^^^^^^^^^^^^^^^^^^^^^^
  File "C:\Users\vitya\AppData\Local\Programs\Python\Python311\Lib\site-packages\django\template\backends\django.py", line 33, in get_template
    return Template(self.engine.get_template(template_name), self)
                    ^^^^^^^^^^^^^^^^^^^^^^^^^^^^^^^^^^^^^^^
  File "C:\Users\vitya\AppData\Local\Programs\Python\Python311\Lib\site-packages\django\template\engine.py", line 177, in get_template
    template, origin = self.find_template(template_name)
                       ^^^^^^^^^^^^^^^^^^^^^^^^^^^^^^^^^
  File "C:\Users\vitya\AppData\Local\Programs\Python\Python311\Lib\site-packages\django\template\engine.py", line 159, in find_template
    template = loader.get_template(name, skip=skip)
               ^^^^^^^^^^^^^^^^^^^^^^^^^^^^^^^^^^^^
  File "C:\Users\vitya\AppData\Local\Programs\Python\Python311\Lib\site-packages\django\template\loaders\cached.py", line 57, in get_template
    template = super().get_template(template_name, skip)
               ^^^^^^^^^^^^^^^^^^^^^^^^^^^^^^^^^^^^^^^^^
  File "C:\Users\vitya\AppData\Local\Programs\Python\Python311\Lib\site-packages\django\template\loaders\base.py", line 28, in get_template
    return Template(
           ^^^^^^^^^
  File "C:\Users\vitya\AppData\Local\Programs\Python\Python311\Lib\site-packages\django\template\base.py", line 154, in __init__
    self.nodelist = self.compile_nodelist()
                    ^^^^^^^^^^^^^^^^^^^^^^^
  File "C:\Users\vitya\AppData\Local\Programs\Python\Python311\Lib\site-packages\django\template\base.py", line 196, in compile_nodelist
    return parser.parse()
           ^^^^^^^^^^^^^^
  File "C:\Users\vitya\AppData\Local\Programs\Python\Python311\Lib\site-packages\django\template\base.py", line 511, in parse
    self.extend_nodelist(nodelist, compiled_result, token)
  File "C:\Users\vitya\AppData\Local\Programs\Python\Python311\Lib\site-packages\django\template\base.py", line 528, in extend_nodelist
    raise self.error(
django.template.exceptions.TemplateSyntaxError: <ExtendsNode: extends "base_generic.html"> must be the first tag in the template.
2024-05-22 19:11:06,946 ERROR Internal Server Error: /contacts/
Traceback (most recent call last):
  File "C:\Users\vitya\AppData\Local\Programs\Python\Python311\Lib\site-packages\django\template\base.py", line 502, in parse
    compile_func = self.tags[command]
                   ~~~~~~~~~^^^^^^^^^
KeyError: 'static'

During handling of the above exception, another exception occurred:

Traceback (most recent call last):
  File "C:\Users\vitya\AppData\Local\Programs\Python\Python311\Lib\site-packages\django\core\handlers\exception.py", line 55, in inner
    response = get_response(request)
               ^^^^^^^^^^^^^^^^^^^^^
  File "C:\Users\vitya\AppData\Local\Programs\Python\Python311\Lib\site-packages\django\core\handlers\base.py", line 197, in _get_response
    response = wrapped_callback(request, *callback_args, **callback_kwargs)
               ^^^^^^^^^^^^^^^^^^^^^^^^^^^^^^^^^^^^^^^^^^^^^^^^^^^^^^^^^^^^
  File "C:\Users\vitya\cinema\movies\views.py", line 103, in contacts
    return render(request, 'contacts.html', { 'staff' : staff })
           ^^^^^^^^^^^^^^^^^^^^^^^^^^^^^^^^^^^^^^^^^^^^^^^^^^^^^
  File "C:\Users\vitya\AppData\Local\Programs\Python\Python311\Lib\site-packages\django\shortcuts.py", line 25, in render
    content = loader.render_to_string(template_name, context, request, using=using)
              ^^^^^^^^^^^^^^^^^^^^^^^^^^^^^^^^^^^^^^^^^^^^^^^^^^^^^^^^^^^^^^^^^^^^^
  File "C:\Users\vitya\AppData\Local\Programs\Python\Python311\Lib\site-packages\django\template\loader.py", line 61, in render_to_string
    template = get_template(template_name, using=using)
               ^^^^^^^^^^^^^^^^^^^^^^^^^^^^^^^^^^^^^^^^
  File "C:\Users\vitya\AppData\Local\Programs\Python\Python311\Lib\site-packages\django\template\loader.py", line 15, in get_template
    return engine.get_template(template_name)
           ^^^^^^^^^^^^^^^^^^^^^^^^^^^^^^^^^^
  File "C:\Users\vitya\AppData\Local\Programs\Python\Python311\Lib\site-packages\django\template\backends\django.py", line 33, in get_template
    return Template(self.engine.get_template(template_name), self)
                    ^^^^^^^^^^^^^^^^^^^^^^^^^^^^^^^^^^^^^^^
  File "C:\Users\vitya\AppData\Local\Programs\Python\Python311\Lib\site-packages\django\template\engine.py", line 177, in get_template
    template, origin = self.find_template(template_name)
                       ^^^^^^^^^^^^^^^^^^^^^^^^^^^^^^^^^
  File "C:\Users\vitya\AppData\Local\Programs\Python\Python311\Lib\site-packages\django\template\engine.py", line 159, in find_template
    template = loader.get_template(name, skip=skip)
               ^^^^^^^^^^^^^^^^^^^^^^^^^^^^^^^^^^^^
  File "C:\Users\vitya\AppData\Local\Programs\Python\Python311\Lib\site-packages\django\template\loaders\cached.py", line 57, in get_template
    template = super().get_template(template_name, skip)
               ^^^^^^^^^^^^^^^^^^^^^^^^^^^^^^^^^^^^^^^^^
  File "C:\Users\vitya\AppData\Local\Programs\Python\Python311\Lib\site-packages\django\template\loaders\base.py", line 28, in get_template
    return Template(
           ^^^^^^^^^
  File "C:\Users\vitya\AppData\Local\Programs\Python\Python311\Lib\site-packages\django\template\base.py", line 154, in __init__
    self.nodelist = self.compile_nodelist()
                    ^^^^^^^^^^^^^^^^^^^^^^^
  File "C:\Users\vitya\AppData\Local\Programs\Python\Python311\Lib\site-packages\django\template\base.py", line 196, in compile_nodelist
    return parser.parse()
           ^^^^^^^^^^^^^^
  File "C:\Users\vitya\AppData\Local\Programs\Python\Python311\Lib\site-packages\django\template\base.py", line 510, in parse
    raise self.error(token, e)
  File "C:\Users\vitya\AppData\Local\Programs\Python\Python311\Lib\site-packages\django\template\base.py", line 508, in parse
    compiled_result = compile_func(self, token)
                      ^^^^^^^^^^^^^^^^^^^^^^^^^
  File "C:\Users\vitya\AppData\Local\Programs\Python\Python311\Lib\site-packages\django\template\loader_tags.py", line 295, in do_extends
    nodelist = parser.parse()
               ^^^^^^^^^^^^^^
  File "C:\Users\vitya\AppData\Local\Programs\Python\Python311\Lib\site-packages\django\template\base.py", line 510, in parse
    raise self.error(token, e)
  File "C:\Users\vitya\AppData\Local\Programs\Python\Python311\Lib\site-packages\django\template\base.py", line 508, in parse
    compiled_result = compile_func(self, token)
                      ^^^^^^^^^^^^^^^^^^^^^^^^^
  File "C:\Users\vitya\AppData\Local\Programs\Python\Python311\Lib\site-packages\django\template\loader_tags.py", line 234, in do_block
    nodelist = parser.parse(("endblock",))
               ^^^^^^^^^^^^^^^^^^^^^^^^^^^
  File "C:\Users\vitya\AppData\Local\Programs\Python\Python311\Lib\site-packages\django\template\base.py", line 510, in parse
    raise self.error(token, e)
  File "C:\Users\vitya\AppData\Local\Programs\Python\Python311\Lib\site-packages\django\template\base.py", line 508, in parse
    compiled_result = compile_func(self, token)
                      ^^^^^^^^^^^^^^^^^^^^^^^^^
  File "C:\Users\vitya\AppData\Local\Programs\Python\Python311\Lib\site-packages\django\template\defaulttags.py", line 861, in do_for
    nodelist_loop = parser.parse(
                    ^^^^^^^^^^^^^
  File "C:\Users\vitya\AppData\Local\Programs\Python\Python311\Lib\site-packages\django\template\base.py", line 510, in parse
    raise self.error(token, e)
  File "C:\Users\vitya\AppData\Local\Programs\Python\Python311\Lib\site-packages\django\template\base.py", line 508, in parse
    compiled_result = compile_func(self, token)
                      ^^^^^^^^^^^^^^^^^^^^^^^^^
  File "C:\Users\vitya\AppData\Local\Programs\Python\Python311\Lib\site-packages\django\template\defaulttags.py", line 975, in do_if
    nodelist = parser.parse(("endif",))
               ^^^^^^^^^^^^^^^^^^^^^^^^
  File "C:\Users\vitya\AppData\Local\Programs\Python\Python311\Lib\site-packages\django\template\base.py", line 504, in parse
    self.invalid_block_tag(token, command, parse_until)
  File "C:\Users\vitya\AppData\Local\Programs\Python\Python311\Lib\site-packages\django\template\base.py", line 555, in invalid_block_tag
    raise self.error(
django.template.exceptions.TemplateSyntaxError: Invalid block tag on line 18: 'static', expected 'endif'. Did you forget to register or load this tag?
2024-05-22 19:11:07,350 ERROR Internal Server Error: /contacts/
Traceback (most recent call last):
  File "C:\Users\vitya\AppData\Local\Programs\Python\Python311\Lib\site-packages\django\template\base.py", line 502, in parse
    compile_func = self.tags[command]
                   ~~~~~~~~~^^^^^^^^^
KeyError: 'static'

During handling of the above exception, another exception occurred:

Traceback (most recent call last):
  File "C:\Users\vitya\AppData\Local\Programs\Python\Python311\Lib\site-packages\django\core\handlers\exception.py", line 55, in inner
    response = get_response(request)
               ^^^^^^^^^^^^^^^^^^^^^
  File "C:\Users\vitya\AppData\Local\Programs\Python\Python311\Lib\site-packages\django\core\handlers\base.py", line 197, in _get_response
    response = wrapped_callback(request, *callback_args, **callback_kwargs)
               ^^^^^^^^^^^^^^^^^^^^^^^^^^^^^^^^^^^^^^^^^^^^^^^^^^^^^^^^^^^^
  File "C:\Users\vitya\cinema\movies\views.py", line 103, in contacts
    return render(request, 'contacts.html', { 'staff' : staff })
           ^^^^^^^^^^^^^^^^^^^^^^^^^^^^^^^^^^^^^^^^^^^^^^^^^^^^^
  File "C:\Users\vitya\AppData\Local\Programs\Python\Python311\Lib\site-packages\django\shortcuts.py", line 25, in render
    content = loader.render_to_string(template_name, context, request, using=using)
              ^^^^^^^^^^^^^^^^^^^^^^^^^^^^^^^^^^^^^^^^^^^^^^^^^^^^^^^^^^^^^^^^^^^^^
  File "C:\Users\vitya\AppData\Local\Programs\Python\Python311\Lib\site-packages\django\template\loader.py", line 61, in render_to_string
    template = get_template(template_name, using=using)
               ^^^^^^^^^^^^^^^^^^^^^^^^^^^^^^^^^^^^^^^^
  File "C:\Users\vitya\AppData\Local\Programs\Python\Python311\Lib\site-packages\django\template\loader.py", line 15, in get_template
    return engine.get_template(template_name)
           ^^^^^^^^^^^^^^^^^^^^^^^^^^^^^^^^^^
  File "C:\Users\vitya\AppData\Local\Programs\Python\Python311\Lib\site-packages\django\template\backends\django.py", line 33, in get_template
    return Template(self.engine.get_template(template_name), self)
                    ^^^^^^^^^^^^^^^^^^^^^^^^^^^^^^^^^^^^^^^
  File "C:\Users\vitya\AppData\Local\Programs\Python\Python311\Lib\site-packages\django\template\engine.py", line 177, in get_template
    template, origin = self.find_template(template_name)
                       ^^^^^^^^^^^^^^^^^^^^^^^^^^^^^^^^^
  File "C:\Users\vitya\AppData\Local\Programs\Python\Python311\Lib\site-packages\django\template\engine.py", line 159, in find_template
    template = loader.get_template(name, skip=skip)
               ^^^^^^^^^^^^^^^^^^^^^^^^^^^^^^^^^^^^
  File "C:\Users\vitya\AppData\Local\Programs\Python\Python311\Lib\site-packages\django\template\loaders\cached.py", line 57, in get_template
    template = super().get_template(template_name, skip)
               ^^^^^^^^^^^^^^^^^^^^^^^^^^^^^^^^^^^^^^^^^
  File "C:\Users\vitya\AppData\Local\Programs\Python\Python311\Lib\site-packages\django\template\loaders\base.py", line 28, in get_template
    return Template(
           ^^^^^^^^^
  File "C:\Users\vitya\AppData\Local\Programs\Python\Python311\Lib\site-packages\django\template\base.py", line 154, in __init__
    self.nodelist = self.compile_nodelist()
                    ^^^^^^^^^^^^^^^^^^^^^^^
  File "C:\Users\vitya\AppData\Local\Programs\Python\Python311\Lib\site-packages\django\template\base.py", line 196, in compile_nodelist
    return parser.parse()
           ^^^^^^^^^^^^^^
  File "C:\Users\vitya\AppData\Local\Programs\Python\Python311\Lib\site-packages\django\template\base.py", line 510, in parse
    raise self.error(token, e)
  File "C:\Users\vitya\AppData\Local\Programs\Python\Python311\Lib\site-packages\django\template\base.py", line 508, in parse
    compiled_result = compile_func(self, token)
                      ^^^^^^^^^^^^^^^^^^^^^^^^^
  File "C:\Users\vitya\AppData\Local\Programs\Python\Python311\Lib\site-packages\django\template\loader_tags.py", line 295, in do_extends
    nodelist = parser.parse()
               ^^^^^^^^^^^^^^
  File "C:\Users\vitya\AppData\Local\Programs\Python\Python311\Lib\site-packages\django\template\base.py", line 510, in parse
    raise self.error(token, e)
  File "C:\Users\vitya\AppData\Local\Programs\Python\Python311\Lib\site-packages\django\template\base.py", line 508, in parse
    compiled_result = compile_func(self, token)
                      ^^^^^^^^^^^^^^^^^^^^^^^^^
  File "C:\Users\vitya\AppData\Local\Programs\Python\Python311\Lib\site-packages\django\template\loader_tags.py", line 234, in do_block
    nodelist = parser.parse(("endblock",))
               ^^^^^^^^^^^^^^^^^^^^^^^^^^^
  File "C:\Users\vitya\AppData\Local\Programs\Python\Python311\Lib\site-packages\django\template\base.py", line 510, in parse
    raise self.error(token, e)
  File "C:\Users\vitya\AppData\Local\Programs\Python\Python311\Lib\site-packages\django\template\base.py", line 508, in parse
    compiled_result = compile_func(self, token)
                      ^^^^^^^^^^^^^^^^^^^^^^^^^
  File "C:\Users\vitya\AppData\Local\Programs\Python\Python311\Lib\site-packages\django\template\defaulttags.py", line 861, in do_for
    nodelist_loop = parser.parse(
                    ^^^^^^^^^^^^^
  File "C:\Users\vitya\AppData\Local\Programs\Python\Python311\Lib\site-packages\django\template\base.py", line 510, in parse
    raise self.error(token, e)
  File "C:\Users\vitya\AppData\Local\Programs\Python\Python311\Lib\site-packages\django\template\base.py", line 508, in parse
    compiled_result = compile_func(self, token)
                      ^^^^^^^^^^^^^^^^^^^^^^^^^
  File "C:\Users\vitya\AppData\Local\Programs\Python\Python311\Lib\site-packages\django\template\defaulttags.py", line 975, in do_if
    nodelist = parser.parse(("endif",))
               ^^^^^^^^^^^^^^^^^^^^^^^^
  File "C:\Users\vitya\AppData\Local\Programs\Python\Python311\Lib\site-packages\django\template\base.py", line 504, in parse
    self.invalid_block_tag(token, command, parse_until)
  File "C:\Users\vitya\AppData\Local\Programs\Python\Python311\Lib\site-packages\django\template\base.py", line 555, in invalid_block_tag
    raise self.error(
django.template.exceptions.TemplateSyntaxError: Invalid block tag on line 18: 'static', expected 'endif'. Did you forget to register or load this tag?
2024-05-22 19:11:07,719 ERROR Internal Server Error: /contacts/
Traceback (most recent call last):
  File "C:\Users\vitya\AppData\Local\Programs\Python\Python311\Lib\site-packages\django\template\base.py", line 502, in parse
    compile_func = self.tags[command]
                   ~~~~~~~~~^^^^^^^^^
KeyError: 'static'

During handling of the above exception, another exception occurred:

Traceback (most recent call last):
  File "C:\Users\vitya\AppData\Local\Programs\Python\Python311\Lib\site-packages\django\core\handlers\exception.py", line 55, in inner
    response = get_response(request)
               ^^^^^^^^^^^^^^^^^^^^^
  File "C:\Users\vitya\AppData\Local\Programs\Python\Python311\Lib\site-packages\django\core\handlers\base.py", line 197, in _get_response
    response = wrapped_callback(request, *callback_args, **callback_kwargs)
               ^^^^^^^^^^^^^^^^^^^^^^^^^^^^^^^^^^^^^^^^^^^^^^^^^^^^^^^^^^^^
  File "C:\Users\vitya\cinema\movies\views.py", line 103, in contacts
    return render(request, 'contacts.html', { 'staff' : staff })
           ^^^^^^^^^^^^^^^^^^^^^^^^^^^^^^^^^^^^^^^^^^^^^^^^^^^^^
  File "C:\Users\vitya\AppData\Local\Programs\Python\Python311\Lib\site-packages\django\shortcuts.py", line 25, in render
    content = loader.render_to_string(template_name, context, request, using=using)
              ^^^^^^^^^^^^^^^^^^^^^^^^^^^^^^^^^^^^^^^^^^^^^^^^^^^^^^^^^^^^^^^^^^^^^
  File "C:\Users\vitya\AppData\Local\Programs\Python\Python311\Lib\site-packages\django\template\loader.py", line 61, in render_to_string
    template = get_template(template_name, using=using)
               ^^^^^^^^^^^^^^^^^^^^^^^^^^^^^^^^^^^^^^^^
  File "C:\Users\vitya\AppData\Local\Programs\Python\Python311\Lib\site-packages\django\template\loader.py", line 15, in get_template
    return engine.get_template(template_name)
           ^^^^^^^^^^^^^^^^^^^^^^^^^^^^^^^^^^
  File "C:\Users\vitya\AppData\Local\Programs\Python\Python311\Lib\site-packages\django\template\backends\django.py", line 33, in get_template
    return Template(self.engine.get_template(template_name), self)
                    ^^^^^^^^^^^^^^^^^^^^^^^^^^^^^^^^^^^^^^^
  File "C:\Users\vitya\AppData\Local\Programs\Python\Python311\Lib\site-packages\django\template\engine.py", line 177, in get_template
    template, origin = self.find_template(template_name)
                       ^^^^^^^^^^^^^^^^^^^^^^^^^^^^^^^^^
  File "C:\Users\vitya\AppData\Local\Programs\Python\Python311\Lib\site-packages\django\template\engine.py", line 159, in find_template
    template = loader.get_template(name, skip=skip)
               ^^^^^^^^^^^^^^^^^^^^^^^^^^^^^^^^^^^^
  File "C:\Users\vitya\AppData\Local\Programs\Python\Python311\Lib\site-packages\django\template\loaders\cached.py", line 57, in get_template
    template = super().get_template(template_name, skip)
               ^^^^^^^^^^^^^^^^^^^^^^^^^^^^^^^^^^^^^^^^^
  File "C:\Users\vitya\AppData\Local\Programs\Python\Python311\Lib\site-packages\django\template\loaders\base.py", line 28, in get_template
    return Template(
           ^^^^^^^^^
  File "C:\Users\vitya\AppData\Local\Programs\Python\Python311\Lib\site-packages\django\template\base.py", line 154, in __init__
    self.nodelist = self.compile_nodelist()
                    ^^^^^^^^^^^^^^^^^^^^^^^
  File "C:\Users\vitya\AppData\Local\Programs\Python\Python311\Lib\site-packages\django\template\base.py", line 196, in compile_nodelist
    return parser.parse()
           ^^^^^^^^^^^^^^
  File "C:\Users\vitya\AppData\Local\Programs\Python\Python311\Lib\site-packages\django\template\base.py", line 510, in parse
    raise self.error(token, e)
  File "C:\Users\vitya\AppData\Local\Programs\Python\Python311\Lib\site-packages\django\template\base.py", line 508, in parse
    compiled_result = compile_func(self, token)
                      ^^^^^^^^^^^^^^^^^^^^^^^^^
  File "C:\Users\vitya\AppData\Local\Programs\Python\Python311\Lib\site-packages\django\template\loader_tags.py", line 295, in do_extends
    nodelist = parser.parse()
               ^^^^^^^^^^^^^^
  File "C:\Users\vitya\AppData\Local\Programs\Python\Python311\Lib\site-packages\django\template\base.py", line 510, in parse
    raise self.error(token, e)
  File "C:\Users\vitya\AppData\Local\Programs\Python\Python311\Lib\site-packages\django\template\base.py", line 508, in parse
    compiled_result = compile_func(self, token)
                      ^^^^^^^^^^^^^^^^^^^^^^^^^
  File "C:\Users\vitya\AppData\Local\Programs\Python\Python311\Lib\site-packages\django\template\loader_tags.py", line 234, in do_block
    nodelist = parser.parse(("endblock",))
               ^^^^^^^^^^^^^^^^^^^^^^^^^^^
  File "C:\Users\vitya\AppData\Local\Programs\Python\Python311\Lib\site-packages\django\template\base.py", line 510, in parse
    raise self.error(token, e)
  File "C:\Users\vitya\AppData\Local\Programs\Python\Python311\Lib\site-packages\django\template\base.py", line 508, in parse
    compiled_result = compile_func(self, token)
                      ^^^^^^^^^^^^^^^^^^^^^^^^^
  File "C:\Users\vitya\AppData\Local\Programs\Python\Python311\Lib\site-packages\django\template\defaulttags.py", line 861, in do_for
    nodelist_loop = parser.parse(
                    ^^^^^^^^^^^^^
  File "C:\Users\vitya\AppData\Local\Programs\Python\Python311\Lib\site-packages\django\template\base.py", line 510, in parse
    raise self.error(token, e)
  File "C:\Users\vitya\AppData\Local\Programs\Python\Python311\Lib\site-packages\django\template\base.py", line 508, in parse
    compiled_result = compile_func(self, token)
                      ^^^^^^^^^^^^^^^^^^^^^^^^^
  File "C:\Users\vitya\AppData\Local\Programs\Python\Python311\Lib\site-packages\django\template\defaulttags.py", line 975, in do_if
    nodelist = parser.parse(("endif",))
               ^^^^^^^^^^^^^^^^^^^^^^^^
  File "C:\Users\vitya\AppData\Local\Programs\Python\Python311\Lib\site-packages\django\template\base.py", line 504, in parse
    self.invalid_block_tag(token, command, parse_until)
  File "C:\Users\vitya\AppData\Local\Programs\Python\Python311\Lib\site-packages\django\template\base.py", line 555, in invalid_block_tag
    raise self.error(
django.template.exceptions.TemplateSyntaxError: Invalid block tag on line 18: 'static', expected 'endif'. Did you forget to register or load this tag?
2024-05-22 19:11:08,066 ERROR Internal Server Error: /contacts/
Traceback (most recent call last):
  File "C:\Users\vitya\AppData\Local\Programs\Python\Python311\Lib\site-packages\django\template\base.py", line 502, in parse
    compile_func = self.tags[command]
                   ~~~~~~~~~^^^^^^^^^
KeyError: 'static'

During handling of the above exception, another exception occurred:

Traceback (most recent call last):
  File "C:\Users\vitya\AppData\Local\Programs\Python\Python311\Lib\site-packages\django\core\handlers\exception.py", line 55, in inner
    response = get_response(request)
               ^^^^^^^^^^^^^^^^^^^^^
  File "C:\Users\vitya\AppData\Local\Programs\Python\Python311\Lib\site-packages\django\core\handlers\base.py", line 197, in _get_response
    response = wrapped_callback(request, *callback_args, **callback_kwargs)
               ^^^^^^^^^^^^^^^^^^^^^^^^^^^^^^^^^^^^^^^^^^^^^^^^^^^^^^^^^^^^
  File "C:\Users\vitya\cinema\movies\views.py", line 103, in contacts
    return render(request, 'contacts.html', { 'staff' : staff })
           ^^^^^^^^^^^^^^^^^^^^^^^^^^^^^^^^^^^^^^^^^^^^^^^^^^^^^
  File "C:\Users\vitya\AppData\Local\Programs\Python\Python311\Lib\site-packages\django\shortcuts.py", line 25, in render
    content = loader.render_to_string(template_name, context, request, using=using)
              ^^^^^^^^^^^^^^^^^^^^^^^^^^^^^^^^^^^^^^^^^^^^^^^^^^^^^^^^^^^^^^^^^^^^^
  File "C:\Users\vitya\AppData\Local\Programs\Python\Python311\Lib\site-packages\django\template\loader.py", line 61, in render_to_string
    template = get_template(template_name, using=using)
               ^^^^^^^^^^^^^^^^^^^^^^^^^^^^^^^^^^^^^^^^
  File "C:\Users\vitya\AppData\Local\Programs\Python\Python311\Lib\site-packages\django\template\loader.py", line 15, in get_template
    return engine.get_template(template_name)
           ^^^^^^^^^^^^^^^^^^^^^^^^^^^^^^^^^^
  File "C:\Users\vitya\AppData\Local\Programs\Python\Python311\Lib\site-packages\django\template\backends\django.py", line 33, in get_template
    return Template(self.engine.get_template(template_name), self)
                    ^^^^^^^^^^^^^^^^^^^^^^^^^^^^^^^^^^^^^^^
  File "C:\Users\vitya\AppData\Local\Programs\Python\Python311\Lib\site-packages\django\template\engine.py", line 177, in get_template
    template, origin = self.find_template(template_name)
                       ^^^^^^^^^^^^^^^^^^^^^^^^^^^^^^^^^
  File "C:\Users\vitya\AppData\Local\Programs\Python\Python311\Lib\site-packages\django\template\engine.py", line 159, in find_template
    template = loader.get_template(name, skip=skip)
               ^^^^^^^^^^^^^^^^^^^^^^^^^^^^^^^^^^^^
  File "C:\Users\vitya\AppData\Local\Programs\Python\Python311\Lib\site-packages\django\template\loaders\cached.py", line 57, in get_template
    template = super().get_template(template_name, skip)
               ^^^^^^^^^^^^^^^^^^^^^^^^^^^^^^^^^^^^^^^^^
  File "C:\Users\vitya\AppData\Local\Programs\Python\Python311\Lib\site-packages\django\template\loaders\base.py", line 28, in get_template
    return Template(
           ^^^^^^^^^
  File "C:\Users\vitya\AppData\Local\Programs\Python\Python311\Lib\site-packages\django\template\base.py", line 154, in __init__
    self.nodelist = self.compile_nodelist()
                    ^^^^^^^^^^^^^^^^^^^^^^^
  File "C:\Users\vitya\AppData\Local\Programs\Python\Python311\Lib\site-packages\django\template\base.py", line 196, in compile_nodelist
    return parser.parse()
           ^^^^^^^^^^^^^^
  File "C:\Users\vitya\AppData\Local\Programs\Python\Python311\Lib\site-packages\django\template\base.py", line 510, in parse
    raise self.error(token, e)
  File "C:\Users\vitya\AppData\Local\Programs\Python\Python311\Lib\site-packages\django\template\base.py", line 508, in parse
    compiled_result = compile_func(self, token)
                      ^^^^^^^^^^^^^^^^^^^^^^^^^
  File "C:\Users\vitya\AppData\Local\Programs\Python\Python311\Lib\site-packages\django\template\loader_tags.py", line 295, in do_extends
    nodelist = parser.parse()
               ^^^^^^^^^^^^^^
  File "C:\Users\vitya\AppData\Local\Programs\Python\Python311\Lib\site-packages\django\template\base.py", line 510, in parse
    raise self.error(token, e)
  File "C:\Users\vitya\AppData\Local\Programs\Python\Python311\Lib\site-packages\django\template\base.py", line 508, in parse
    compiled_result = compile_func(self, token)
                      ^^^^^^^^^^^^^^^^^^^^^^^^^
  File "C:\Users\vitya\AppData\Local\Programs\Python\Python311\Lib\site-packages\django\template\loader_tags.py", line 234, in do_block
    nodelist = parser.parse(("endblock",))
               ^^^^^^^^^^^^^^^^^^^^^^^^^^^
  File "C:\Users\vitya\AppData\Local\Programs\Python\Python311\Lib\site-packages\django\template\base.py", line 510, in parse
    raise self.error(token, e)
  File "C:\Users\vitya\AppData\Local\Programs\Python\Python311\Lib\site-packages\django\template\base.py", line 508, in parse
    compiled_result = compile_func(self, token)
                      ^^^^^^^^^^^^^^^^^^^^^^^^^
  File "C:\Users\vitya\AppData\Local\Programs\Python\Python311\Lib\site-packages\django\template\defaulttags.py", line 861, in do_for
    nodelist_loop = parser.parse(
                    ^^^^^^^^^^^^^
  File "C:\Users\vitya\AppData\Local\Programs\Python\Python311\Lib\site-packages\django\template\base.py", line 510, in parse
    raise self.error(token, e)
  File "C:\Users\vitya\AppData\Local\Programs\Python\Python311\Lib\site-packages\django\template\base.py", line 508, in parse
    compiled_result = compile_func(self, token)
                      ^^^^^^^^^^^^^^^^^^^^^^^^^
  File "C:\Users\vitya\AppData\Local\Programs\Python\Python311\Lib\site-packages\django\template\defaulttags.py", line 975, in do_if
    nodelist = parser.parse(("endif",))
               ^^^^^^^^^^^^^^^^^^^^^^^^
  File "C:\Users\vitya\AppData\Local\Programs\Python\Python311\Lib\site-packages\django\template\base.py", line 504, in parse
    self.invalid_block_tag(token, command, parse_until)
  File "C:\Users\vitya\AppData\Local\Programs\Python\Python311\Lib\site-packages\django\template\base.py", line 555, in invalid_block_tag
    raise self.error(
django.template.exceptions.TemplateSyntaxError: Invalid block tag on line 18: 'static', expected 'endif'. Did you forget to register or load this tag?
2024-05-22 19:11:08,260 ERROR Internal Server Error: /contacts/
Traceback (most recent call last):
  File "C:\Users\vitya\AppData\Local\Programs\Python\Python311\Lib\site-packages\django\template\base.py", line 502, in parse
    compile_func = self.tags[command]
                   ~~~~~~~~~^^^^^^^^^
KeyError: 'static'

During handling of the above exception, another exception occurred:

Traceback (most recent call last):
  File "C:\Users\vitya\AppData\Local\Programs\Python\Python311\Lib\site-packages\django\core\handlers\exception.py", line 55, in inner
    response = get_response(request)
               ^^^^^^^^^^^^^^^^^^^^^
  File "C:\Users\vitya\AppData\Local\Programs\Python\Python311\Lib\site-packages\django\core\handlers\base.py", line 197, in _get_response
    response = wrapped_callback(request, *callback_args, **callback_kwargs)
               ^^^^^^^^^^^^^^^^^^^^^^^^^^^^^^^^^^^^^^^^^^^^^^^^^^^^^^^^^^^^
  File "C:\Users\vitya\cinema\movies\views.py", line 103, in contacts
    return render(request, 'contacts.html', { 'staff' : staff })
           ^^^^^^^^^^^^^^^^^^^^^^^^^^^^^^^^^^^^^^^^^^^^^^^^^^^^^
  File "C:\Users\vitya\AppData\Local\Programs\Python\Python311\Lib\site-packages\django\shortcuts.py", line 25, in render
    content = loader.render_to_string(template_name, context, request, using=using)
              ^^^^^^^^^^^^^^^^^^^^^^^^^^^^^^^^^^^^^^^^^^^^^^^^^^^^^^^^^^^^^^^^^^^^^
  File "C:\Users\vitya\AppData\Local\Programs\Python\Python311\Lib\site-packages\django\template\loader.py", line 61, in render_to_string
    template = get_template(template_name, using=using)
               ^^^^^^^^^^^^^^^^^^^^^^^^^^^^^^^^^^^^^^^^
  File "C:\Users\vitya\AppData\Local\Programs\Python\Python311\Lib\site-packages\django\template\loader.py", line 15, in get_template
    return engine.get_template(template_name)
           ^^^^^^^^^^^^^^^^^^^^^^^^^^^^^^^^^^
  File "C:\Users\vitya\AppData\Local\Programs\Python\Python311\Lib\site-packages\django\template\backends\django.py", line 33, in get_template
    return Template(self.engine.get_template(template_name), self)
                    ^^^^^^^^^^^^^^^^^^^^^^^^^^^^^^^^^^^^^^^
  File "C:\Users\vitya\AppData\Local\Programs\Python\Python311\Lib\site-packages\django\template\engine.py", line 177, in get_template
    template, origin = self.find_template(template_name)
                       ^^^^^^^^^^^^^^^^^^^^^^^^^^^^^^^^^
  File "C:\Users\vitya\AppData\Local\Programs\Python\Python311\Lib\site-packages\django\template\engine.py", line 159, in find_template
    template = loader.get_template(name, skip=skip)
               ^^^^^^^^^^^^^^^^^^^^^^^^^^^^^^^^^^^^
  File "C:\Users\vitya\AppData\Local\Programs\Python\Python311\Lib\site-packages\django\template\loaders\cached.py", line 57, in get_template
    template = super().get_template(template_name, skip)
               ^^^^^^^^^^^^^^^^^^^^^^^^^^^^^^^^^^^^^^^^^
  File "C:\Users\vitya\AppData\Local\Programs\Python\Python311\Lib\site-packages\django\template\loaders\base.py", line 28, in get_template
    return Template(
           ^^^^^^^^^
  File "C:\Users\vitya\AppData\Local\Programs\Python\Python311\Lib\site-packages\django\template\base.py", line 154, in __init__
    self.nodelist = self.compile_nodelist()
                    ^^^^^^^^^^^^^^^^^^^^^^^
  File "C:\Users\vitya\AppData\Local\Programs\Python\Python311\Lib\site-packages\django\template\base.py", line 196, in compile_nodelist
    return parser.parse()
           ^^^^^^^^^^^^^^
  File "C:\Users\vitya\AppData\Local\Programs\Python\Python311\Lib\site-packages\django\template\base.py", line 510, in parse
    raise self.error(token, e)
  File "C:\Users\vitya\AppData\Local\Programs\Python\Python311\Lib\site-packages\django\template\base.py", line 508, in parse
    compiled_result = compile_func(self, token)
                      ^^^^^^^^^^^^^^^^^^^^^^^^^
  File "C:\Users\vitya\AppData\Local\Programs\Python\Python311\Lib\site-packages\django\template\loader_tags.py", line 295, in do_extends
    nodelist = parser.parse()
               ^^^^^^^^^^^^^^
  File "C:\Users\vitya\AppData\Local\Programs\Python\Python311\Lib\site-packages\django\template\base.py", line 510, in parse
    raise self.error(token, e)
  File "C:\Users\vitya\AppData\Local\Programs\Python\Python311\Lib\site-packages\django\template\base.py", line 508, in parse
    compiled_result = compile_func(self, token)
                      ^^^^^^^^^^^^^^^^^^^^^^^^^
  File "C:\Users\vitya\AppData\Local\Programs\Python\Python311\Lib\site-packages\django\template\loader_tags.py", line 234, in do_block
    nodelist = parser.parse(("endblock",))
               ^^^^^^^^^^^^^^^^^^^^^^^^^^^
  File "C:\Users\vitya\AppData\Local\Programs\Python\Python311\Lib\site-packages\django\template\base.py", line 510, in parse
    raise self.error(token, e)
  File "C:\Users\vitya\AppData\Local\Programs\Python\Python311\Lib\site-packages\django\template\base.py", line 508, in parse
    compiled_result = compile_func(self, token)
                      ^^^^^^^^^^^^^^^^^^^^^^^^^
  File "C:\Users\vitya\AppData\Local\Programs\Python\Python311\Lib\site-packages\django\template\defaulttags.py", line 861, in do_for
    nodelist_loop = parser.parse(
                    ^^^^^^^^^^^^^
  File "C:\Users\vitya\AppData\Local\Programs\Python\Python311\Lib\site-packages\django\template\base.py", line 510, in parse
    raise self.error(token, e)
  File "C:\Users\vitya\AppData\Local\Programs\Python\Python311\Lib\site-packages\django\template\base.py", line 508, in parse
    compiled_result = compile_func(self, token)
                      ^^^^^^^^^^^^^^^^^^^^^^^^^
  File "C:\Users\vitya\AppData\Local\Programs\Python\Python311\Lib\site-packages\django\template\defaulttags.py", line 975, in do_if
    nodelist = parser.parse(("endif",))
               ^^^^^^^^^^^^^^^^^^^^^^^^
  File "C:\Users\vitya\AppData\Local\Programs\Python\Python311\Lib\site-packages\django\template\base.py", line 504, in parse
    self.invalid_block_tag(token, command, parse_until)
  File "C:\Users\vitya\AppData\Local\Programs\Python\Python311\Lib\site-packages\django\template\base.py", line 555, in invalid_block_tag
    raise self.error(
django.template.exceptions.TemplateSyntaxError: Invalid block tag on line 18: 'static', expected 'endif'. Did you forget to register or load this tag?
2024-05-22 19:11:08,462 ERROR Internal Server Error: /contacts/
Traceback (most recent call last):
  File "C:\Users\vitya\AppData\Local\Programs\Python\Python311\Lib\site-packages\django\template\base.py", line 502, in parse
    compile_func = self.tags[command]
                   ~~~~~~~~~^^^^^^^^^
KeyError: 'static'

During handling of the above exception, another exception occurred:

Traceback (most recent call last):
  File "C:\Users\vitya\AppData\Local\Programs\Python\Python311\Lib\site-packages\django\core\handlers\exception.py", line 55, in inner
    response = get_response(request)
               ^^^^^^^^^^^^^^^^^^^^^
  File "C:\Users\vitya\AppData\Local\Programs\Python\Python311\Lib\site-packages\django\core\handlers\base.py", line 197, in _get_response
    response = wrapped_callback(request, *callback_args, **callback_kwargs)
               ^^^^^^^^^^^^^^^^^^^^^^^^^^^^^^^^^^^^^^^^^^^^^^^^^^^^^^^^^^^^
  File "C:\Users\vitya\cinema\movies\views.py", line 103, in contacts
    return render(request, 'contacts.html', { 'staff' : staff })
           ^^^^^^^^^^^^^^^^^^^^^^^^^^^^^^^^^^^^^^^^^^^^^^^^^^^^^
  File "C:\Users\vitya\AppData\Local\Programs\Python\Python311\Lib\site-packages\django\shortcuts.py", line 25, in render
    content = loader.render_to_string(template_name, context, request, using=using)
              ^^^^^^^^^^^^^^^^^^^^^^^^^^^^^^^^^^^^^^^^^^^^^^^^^^^^^^^^^^^^^^^^^^^^^
  File "C:\Users\vitya\AppData\Local\Programs\Python\Python311\Lib\site-packages\django\template\loader.py", line 61, in render_to_string
    template = get_template(template_name, using=using)
               ^^^^^^^^^^^^^^^^^^^^^^^^^^^^^^^^^^^^^^^^
  File "C:\Users\vitya\AppData\Local\Programs\Python\Python311\Lib\site-packages\django\template\loader.py", line 15, in get_template
    return engine.get_template(template_name)
           ^^^^^^^^^^^^^^^^^^^^^^^^^^^^^^^^^^
  File "C:\Users\vitya\AppData\Local\Programs\Python\Python311\Lib\site-packages\django\template\backends\django.py", line 33, in get_template
    return Template(self.engine.get_template(template_name), self)
                    ^^^^^^^^^^^^^^^^^^^^^^^^^^^^^^^^^^^^^^^
  File "C:\Users\vitya\AppData\Local\Programs\Python\Python311\Lib\site-packages\django\template\engine.py", line 177, in get_template
    template, origin = self.find_template(template_name)
                       ^^^^^^^^^^^^^^^^^^^^^^^^^^^^^^^^^
  File "C:\Users\vitya\AppData\Local\Programs\Python\Python311\Lib\site-packages\django\template\engine.py", line 159, in find_template
    template = loader.get_template(name, skip=skip)
               ^^^^^^^^^^^^^^^^^^^^^^^^^^^^^^^^^^^^
  File "C:\Users\vitya\AppData\Local\Programs\Python\Python311\Lib\site-packages\django\template\loaders\cached.py", line 57, in get_template
    template = super().get_template(template_name, skip)
               ^^^^^^^^^^^^^^^^^^^^^^^^^^^^^^^^^^^^^^^^^
  File "C:\Users\vitya\AppData\Local\Programs\Python\Python311\Lib\site-packages\django\template\loaders\base.py", line 28, in get_template
    return Template(
           ^^^^^^^^^
  File "C:\Users\vitya\AppData\Local\Programs\Python\Python311\Lib\site-packages\django\template\base.py", line 154, in __init__
    self.nodelist = self.compile_nodelist()
                    ^^^^^^^^^^^^^^^^^^^^^^^
  File "C:\Users\vitya\AppData\Local\Programs\Python\Python311\Lib\site-packages\django\template\base.py", line 196, in compile_nodelist
    return parser.parse()
           ^^^^^^^^^^^^^^
  File "C:\Users\vitya\AppData\Local\Programs\Python\Python311\Lib\site-packages\django\template\base.py", line 510, in parse
    raise self.error(token, e)
  File "C:\Users\vitya\AppData\Local\Programs\Python\Python311\Lib\site-packages\django\template\base.py", line 508, in parse
    compiled_result = compile_func(self, token)
                      ^^^^^^^^^^^^^^^^^^^^^^^^^
  File "C:\Users\vitya\AppData\Local\Programs\Python\Python311\Lib\site-packages\django\template\loader_tags.py", line 295, in do_extends
    nodelist = parser.parse()
               ^^^^^^^^^^^^^^
  File "C:\Users\vitya\AppData\Local\Programs\Python\Python311\Lib\site-packages\django\template\base.py", line 510, in parse
    raise self.error(token, e)
  File "C:\Users\vitya\AppData\Local\Programs\Python\Python311\Lib\site-packages\django\template\base.py", line 508, in parse
    compiled_result = compile_func(self, token)
                      ^^^^^^^^^^^^^^^^^^^^^^^^^
  File "C:\Users\vitya\AppData\Local\Programs\Python\Python311\Lib\site-packages\django\template\loader_tags.py", line 234, in do_block
    nodelist = parser.parse(("endblock",))
               ^^^^^^^^^^^^^^^^^^^^^^^^^^^
  File "C:\Users\vitya\AppData\Local\Programs\Python\Python311\Lib\site-packages\django\template\base.py", line 510, in parse
    raise self.error(token, e)
  File "C:\Users\vitya\AppData\Local\Programs\Python\Python311\Lib\site-packages\django\template\base.py", line 508, in parse
    compiled_result = compile_func(self, token)
                      ^^^^^^^^^^^^^^^^^^^^^^^^^
  File "C:\Users\vitya\AppData\Local\Programs\Python\Python311\Lib\site-packages\django\template\defaulttags.py", line 861, in do_for
    nodelist_loop = parser.parse(
                    ^^^^^^^^^^^^^
  File "C:\Users\vitya\AppData\Local\Programs\Python\Python311\Lib\site-packages\django\template\base.py", line 510, in parse
    raise self.error(token, e)
  File "C:\Users\vitya\AppData\Local\Programs\Python\Python311\Lib\site-packages\django\template\base.py", line 508, in parse
    compiled_result = compile_func(self, token)
                      ^^^^^^^^^^^^^^^^^^^^^^^^^
  File "C:\Users\vitya\AppData\Local\Programs\Python\Python311\Lib\site-packages\django\template\defaulttags.py", line 975, in do_if
    nodelist = parser.parse(("endif",))
               ^^^^^^^^^^^^^^^^^^^^^^^^
  File "C:\Users\vitya\AppData\Local\Programs\Python\Python311\Lib\site-packages\django\template\base.py", line 504, in parse
    self.invalid_block_tag(token, command, parse_until)
  File "C:\Users\vitya\AppData\Local\Programs\Python\Python311\Lib\site-packages\django\template\base.py", line 555, in invalid_block_tag
    raise self.error(
django.template.exceptions.TemplateSyntaxError: Invalid block tag on line 18: 'static', expected 'endif'. Did you forget to register or load this tag?
2024-05-22 19:11:08,833 ERROR Internal Server Error: /contacts/
Traceback (most recent call last):
  File "C:\Users\vitya\AppData\Local\Programs\Python\Python311\Lib\site-packages\django\template\base.py", line 502, in parse
    compile_func = self.tags[command]
                   ~~~~~~~~~^^^^^^^^^
KeyError: 'static'

During handling of the above exception, another exception occurred:

Traceback (most recent call last):
  File "C:\Users\vitya\AppData\Local\Programs\Python\Python311\Lib\site-packages\django\core\handlers\exception.py", line 55, in inner
    response = get_response(request)
               ^^^^^^^^^^^^^^^^^^^^^
  File "C:\Users\vitya\AppData\Local\Programs\Python\Python311\Lib\site-packages\django\core\handlers\base.py", line 197, in _get_response
    response = wrapped_callback(request, *callback_args, **callback_kwargs)
               ^^^^^^^^^^^^^^^^^^^^^^^^^^^^^^^^^^^^^^^^^^^^^^^^^^^^^^^^^^^^
  File "C:\Users\vitya\cinema\movies\views.py", line 103, in contacts
    return render(request, 'contacts.html', { 'staff' : staff })
           ^^^^^^^^^^^^^^^^^^^^^^^^^^^^^^^^^^^^^^^^^^^^^^^^^^^^^
  File "C:\Users\vitya\AppData\Local\Programs\Python\Python311\Lib\site-packages\django\shortcuts.py", line 25, in render
    content = loader.render_to_string(template_name, context, request, using=using)
              ^^^^^^^^^^^^^^^^^^^^^^^^^^^^^^^^^^^^^^^^^^^^^^^^^^^^^^^^^^^^^^^^^^^^^
  File "C:\Users\vitya\AppData\Local\Programs\Python\Python311\Lib\site-packages\django\template\loader.py", line 61, in render_to_string
    template = get_template(template_name, using=using)
               ^^^^^^^^^^^^^^^^^^^^^^^^^^^^^^^^^^^^^^^^
  File "C:\Users\vitya\AppData\Local\Programs\Python\Python311\Lib\site-packages\django\template\loader.py", line 15, in get_template
    return engine.get_template(template_name)
           ^^^^^^^^^^^^^^^^^^^^^^^^^^^^^^^^^^
  File "C:\Users\vitya\AppData\Local\Programs\Python\Python311\Lib\site-packages\django\template\backends\django.py", line 33, in get_template
    return Template(self.engine.get_template(template_name), self)
                    ^^^^^^^^^^^^^^^^^^^^^^^^^^^^^^^^^^^^^^^
  File "C:\Users\vitya\AppData\Local\Programs\Python\Python311\Lib\site-packages\django\template\engine.py", line 177, in get_template
    template, origin = self.find_template(template_name)
                       ^^^^^^^^^^^^^^^^^^^^^^^^^^^^^^^^^
  File "C:\Users\vitya\AppData\Local\Programs\Python\Python311\Lib\site-packages\django\template\engine.py", line 159, in find_template
    template = loader.get_template(name, skip=skip)
               ^^^^^^^^^^^^^^^^^^^^^^^^^^^^^^^^^^^^
  File "C:\Users\vitya\AppData\Local\Programs\Python\Python311\Lib\site-packages\django\template\loaders\cached.py", line 57, in get_template
    template = super().get_template(template_name, skip)
               ^^^^^^^^^^^^^^^^^^^^^^^^^^^^^^^^^^^^^^^^^
  File "C:\Users\vitya\AppData\Local\Programs\Python\Python311\Lib\site-packages\django\template\loaders\base.py", line 28, in get_template
    return Template(
           ^^^^^^^^^
  File "C:\Users\vitya\AppData\Local\Programs\Python\Python311\Lib\site-packages\django\template\base.py", line 154, in __init__
    self.nodelist = self.compile_nodelist()
                    ^^^^^^^^^^^^^^^^^^^^^^^
  File "C:\Users\vitya\AppData\Local\Programs\Python\Python311\Lib\site-packages\django\template\base.py", line 196, in compile_nodelist
    return parser.parse()
           ^^^^^^^^^^^^^^
  File "C:\Users\vitya\AppData\Local\Programs\Python\Python311\Lib\site-packages\django\template\base.py", line 510, in parse
    raise self.error(token, e)
  File "C:\Users\vitya\AppData\Local\Programs\Python\Python311\Lib\site-packages\django\template\base.py", line 508, in parse
    compiled_result = compile_func(self, token)
                      ^^^^^^^^^^^^^^^^^^^^^^^^^
  File "C:\Users\vitya\AppData\Local\Programs\Python\Python311\Lib\site-packages\django\template\loader_tags.py", line 295, in do_extends
    nodelist = parser.parse()
               ^^^^^^^^^^^^^^
  File "C:\Users\vitya\AppData\Local\Programs\Python\Python311\Lib\site-packages\django\template\base.py", line 510, in parse
    raise self.error(token, e)
  File "C:\Users\vitya\AppData\Local\Programs\Python\Python311\Lib\site-packages\django\template\base.py", line 508, in parse
    compiled_result = compile_func(self, token)
                      ^^^^^^^^^^^^^^^^^^^^^^^^^
  File "C:\Users\vitya\AppData\Local\Programs\Python\Python311\Lib\site-packages\django\template\loader_tags.py", line 234, in do_block
    nodelist = parser.parse(("endblock",))
               ^^^^^^^^^^^^^^^^^^^^^^^^^^^
  File "C:\Users\vitya\AppData\Local\Programs\Python\Python311\Lib\site-packages\django\template\base.py", line 510, in parse
    raise self.error(token, e)
  File "C:\Users\vitya\AppData\Local\Programs\Python\Python311\Lib\site-packages\django\template\base.py", line 508, in parse
    compiled_result = compile_func(self, token)
                      ^^^^^^^^^^^^^^^^^^^^^^^^^
  File "C:\Users\vitya\AppData\Local\Programs\Python\Python311\Lib\site-packages\django\template\defaulttags.py", line 861, in do_for
    nodelist_loop = parser.parse(
                    ^^^^^^^^^^^^^
  File "C:\Users\vitya\AppData\Local\Programs\Python\Python311\Lib\site-packages\django\template\base.py", line 510, in parse
    raise self.error(token, e)
  File "C:\Users\vitya\AppData\Local\Programs\Python\Python311\Lib\site-packages\django\template\base.py", line 508, in parse
    compiled_result = compile_func(self, token)
                      ^^^^^^^^^^^^^^^^^^^^^^^^^
  File "C:\Users\vitya\AppData\Local\Programs\Python\Python311\Lib\site-packages\django\template\defaulttags.py", line 975, in do_if
    nodelist = parser.parse(("endif",))
               ^^^^^^^^^^^^^^^^^^^^^^^^
  File "C:\Users\vitya\AppData\Local\Programs\Python\Python311\Lib\site-packages\django\template\base.py", line 504, in parse
    self.invalid_block_tag(token, command, parse_until)
  File "C:\Users\vitya\AppData\Local\Programs\Python\Python311\Lib\site-packages\django\template\base.py", line 555, in invalid_block_tag
    raise self.error(
django.template.exceptions.TemplateSyntaxError: Invalid block tag on line 18: 'static', expected 'endif'. Did you forget to register or load this tag?
2024-05-22 19:11:09,037 ERROR Internal Server Error: /contacts/
Traceback (most recent call last):
  File "C:\Users\vitya\AppData\Local\Programs\Python\Python311\Lib\site-packages\django\template\base.py", line 502, in parse
    compile_func = self.tags[command]
                   ~~~~~~~~~^^^^^^^^^
KeyError: 'static'

During handling of the above exception, another exception occurred:

Traceback (most recent call last):
  File "C:\Users\vitya\AppData\Local\Programs\Python\Python311\Lib\site-packages\django\core\handlers\exception.py", line 55, in inner
    response = get_response(request)
               ^^^^^^^^^^^^^^^^^^^^^
  File "C:\Users\vitya\AppData\Local\Programs\Python\Python311\Lib\site-packages\django\core\handlers\base.py", line 197, in _get_response
    response = wrapped_callback(request, *callback_args, **callback_kwargs)
               ^^^^^^^^^^^^^^^^^^^^^^^^^^^^^^^^^^^^^^^^^^^^^^^^^^^^^^^^^^^^
  File "C:\Users\vitya\cinema\movies\views.py", line 103, in contacts
    return render(request, 'contacts.html', { 'staff' : staff })
           ^^^^^^^^^^^^^^^^^^^^^^^^^^^^^^^^^^^^^^^^^^^^^^^^^^^^^
  File "C:\Users\vitya\AppData\Local\Programs\Python\Python311\Lib\site-packages\django\shortcuts.py", line 25, in render
    content = loader.render_to_string(template_name, context, request, using=using)
              ^^^^^^^^^^^^^^^^^^^^^^^^^^^^^^^^^^^^^^^^^^^^^^^^^^^^^^^^^^^^^^^^^^^^^
  File "C:\Users\vitya\AppData\Local\Programs\Python\Python311\Lib\site-packages\django\template\loader.py", line 61, in render_to_string
    template = get_template(template_name, using=using)
               ^^^^^^^^^^^^^^^^^^^^^^^^^^^^^^^^^^^^^^^^
  File "C:\Users\vitya\AppData\Local\Programs\Python\Python311\Lib\site-packages\django\template\loader.py", line 15, in get_template
    return engine.get_template(template_name)
           ^^^^^^^^^^^^^^^^^^^^^^^^^^^^^^^^^^
  File "C:\Users\vitya\AppData\Local\Programs\Python\Python311\Lib\site-packages\django\template\backends\django.py", line 33, in get_template
    return Template(self.engine.get_template(template_name), self)
                    ^^^^^^^^^^^^^^^^^^^^^^^^^^^^^^^^^^^^^^^
  File "C:\Users\vitya\AppData\Local\Programs\Python\Python311\Lib\site-packages\django\template\engine.py", line 177, in get_template
    template, origin = self.find_template(template_name)
                       ^^^^^^^^^^^^^^^^^^^^^^^^^^^^^^^^^
  File "C:\Users\vitya\AppData\Local\Programs\Python\Python311\Lib\site-packages\django\template\engine.py", line 159, in find_template
    template = loader.get_template(name, skip=skip)
               ^^^^^^^^^^^^^^^^^^^^^^^^^^^^^^^^^^^^
  File "C:\Users\vitya\AppData\Local\Programs\Python\Python311\Lib\site-packages\django\template\loaders\cached.py", line 57, in get_template
    template = super().get_template(template_name, skip)
               ^^^^^^^^^^^^^^^^^^^^^^^^^^^^^^^^^^^^^^^^^
  File "C:\Users\vitya\AppData\Local\Programs\Python\Python311\Lib\site-packages\django\template\loaders\base.py", line 28, in get_template
    return Template(
           ^^^^^^^^^
  File "C:\Users\vitya\AppData\Local\Programs\Python\Python311\Lib\site-packages\django\template\base.py", line 154, in __init__
    self.nodelist = self.compile_nodelist()
                    ^^^^^^^^^^^^^^^^^^^^^^^
  File "C:\Users\vitya\AppData\Local\Programs\Python\Python311\Lib\site-packages\django\template\base.py", line 196, in compile_nodelist
    return parser.parse()
           ^^^^^^^^^^^^^^
  File "C:\Users\vitya\AppData\Local\Programs\Python\Python311\Lib\site-packages\django\template\base.py", line 510, in parse
    raise self.error(token, e)
  File "C:\Users\vitya\AppData\Local\Programs\Python\Python311\Lib\site-packages\django\template\base.py", line 508, in parse
    compiled_result = compile_func(self, token)
                      ^^^^^^^^^^^^^^^^^^^^^^^^^
  File "C:\Users\vitya\AppData\Local\Programs\Python\Python311\Lib\site-packages\django\template\loader_tags.py", line 295, in do_extends
    nodelist = parser.parse()
               ^^^^^^^^^^^^^^
  File "C:\Users\vitya\AppData\Local\Programs\Python\Python311\Lib\site-packages\django\template\base.py", line 510, in parse
    raise self.error(token, e)
  File "C:\Users\vitya\AppData\Local\Programs\Python\Python311\Lib\site-packages\django\template\base.py", line 508, in parse
    compiled_result = compile_func(self, token)
                      ^^^^^^^^^^^^^^^^^^^^^^^^^
  File "C:\Users\vitya\AppData\Local\Programs\Python\Python311\Lib\site-packages\django\template\loader_tags.py", line 234, in do_block
    nodelist = parser.parse(("endblock",))
               ^^^^^^^^^^^^^^^^^^^^^^^^^^^
  File "C:\Users\vitya\AppData\Local\Programs\Python\Python311\Lib\site-packages\django\template\base.py", line 510, in parse
    raise self.error(token, e)
  File "C:\Users\vitya\AppData\Local\Programs\Python\Python311\Lib\site-packages\django\template\base.py", line 508, in parse
    compiled_result = compile_func(self, token)
                      ^^^^^^^^^^^^^^^^^^^^^^^^^
  File "C:\Users\vitya\AppData\Local\Programs\Python\Python311\Lib\site-packages\django\template\defaulttags.py", line 861, in do_for
    nodelist_loop = parser.parse(
                    ^^^^^^^^^^^^^
  File "C:\Users\vitya\AppData\Local\Programs\Python\Python311\Lib\site-packages\django\template\base.py", line 510, in parse
    raise self.error(token, e)
  File "C:\Users\vitya\AppData\Local\Programs\Python\Python311\Lib\site-packages\django\template\base.py", line 508, in parse
    compiled_result = compile_func(self, token)
                      ^^^^^^^^^^^^^^^^^^^^^^^^^
  File "C:\Users\vitya\AppData\Local\Programs\Python\Python311\Lib\site-packages\django\template\defaulttags.py", line 975, in do_if
    nodelist = parser.parse(("endif",))
               ^^^^^^^^^^^^^^^^^^^^^^^^
  File "C:\Users\vitya\AppData\Local\Programs\Python\Python311\Lib\site-packages\django\template\base.py", line 504, in parse
    self.invalid_block_tag(token, command, parse_until)
  File "C:\Users\vitya\AppData\Local\Programs\Python\Python311\Lib\site-packages\django\template\base.py", line 555, in invalid_block_tag
    raise self.error(
django.template.exceptions.TemplateSyntaxError: Invalid block tag on line 18: 'static', expected 'endif'. Did you forget to register or load this tag?
2024-05-22 19:11:09,363 ERROR Internal Server Error: /contacts/
Traceback (most recent call last):
  File "C:\Users\vitya\AppData\Local\Programs\Python\Python311\Lib\site-packages\django\template\base.py", line 502, in parse
    compile_func = self.tags[command]
                   ~~~~~~~~~^^^^^^^^^
KeyError: 'static'

During handling of the above exception, another exception occurred:

Traceback (most recent call last):
  File "C:\Users\vitya\AppData\Local\Programs\Python\Python311\Lib\site-packages\django\core\handlers\exception.py", line 55, in inner
    response = get_response(request)
               ^^^^^^^^^^^^^^^^^^^^^
  File "C:\Users\vitya\AppData\Local\Programs\Python\Python311\Lib\site-packages\django\core\handlers\base.py", line 197, in _get_response
    response = wrapped_callback(request, *callback_args, **callback_kwargs)
               ^^^^^^^^^^^^^^^^^^^^^^^^^^^^^^^^^^^^^^^^^^^^^^^^^^^^^^^^^^^^
  File "C:\Users\vitya\cinema\movies\views.py", line 103, in contacts
    return render(request, 'contacts.html', { 'staff' : staff })
           ^^^^^^^^^^^^^^^^^^^^^^^^^^^^^^^^^^^^^^^^^^^^^^^^^^^^^
  File "C:\Users\vitya\AppData\Local\Programs\Python\Python311\Lib\site-packages\django\shortcuts.py", line 25, in render
    content = loader.render_to_string(template_name, context, request, using=using)
              ^^^^^^^^^^^^^^^^^^^^^^^^^^^^^^^^^^^^^^^^^^^^^^^^^^^^^^^^^^^^^^^^^^^^^
  File "C:\Users\vitya\AppData\Local\Programs\Python\Python311\Lib\site-packages\django\template\loader.py", line 61, in render_to_string
    template = get_template(template_name, using=using)
               ^^^^^^^^^^^^^^^^^^^^^^^^^^^^^^^^^^^^^^^^
  File "C:\Users\vitya\AppData\Local\Programs\Python\Python311\Lib\site-packages\django\template\loader.py", line 15, in get_template
    return engine.get_template(template_name)
           ^^^^^^^^^^^^^^^^^^^^^^^^^^^^^^^^^^
  File "C:\Users\vitya\AppData\Local\Programs\Python\Python311\Lib\site-packages\django\template\backends\django.py", line 33, in get_template
    return Template(self.engine.get_template(template_name), self)
                    ^^^^^^^^^^^^^^^^^^^^^^^^^^^^^^^^^^^^^^^
  File "C:\Users\vitya\AppData\Local\Programs\Python\Python311\Lib\site-packages\django\template\engine.py", line 177, in get_template
    template, origin = self.find_template(template_name)
                       ^^^^^^^^^^^^^^^^^^^^^^^^^^^^^^^^^
  File "C:\Users\vitya\AppData\Local\Programs\Python\Python311\Lib\site-packages\django\template\engine.py", line 159, in find_template
    template = loader.get_template(name, skip=skip)
               ^^^^^^^^^^^^^^^^^^^^^^^^^^^^^^^^^^^^
  File "C:\Users\vitya\AppData\Local\Programs\Python\Python311\Lib\site-packages\django\template\loaders\cached.py", line 57, in get_template
    template = super().get_template(template_name, skip)
               ^^^^^^^^^^^^^^^^^^^^^^^^^^^^^^^^^^^^^^^^^
  File "C:\Users\vitya\AppData\Local\Programs\Python\Python311\Lib\site-packages\django\template\loaders\base.py", line 28, in get_template
    return Template(
           ^^^^^^^^^
  File "C:\Users\vitya\AppData\Local\Programs\Python\Python311\Lib\site-packages\django\template\base.py", line 154, in __init__
    self.nodelist = self.compile_nodelist()
                    ^^^^^^^^^^^^^^^^^^^^^^^
  File "C:\Users\vitya\AppData\Local\Programs\Python\Python311\Lib\site-packages\django\template\base.py", line 196, in compile_nodelist
    return parser.parse()
           ^^^^^^^^^^^^^^
  File "C:\Users\vitya\AppData\Local\Programs\Python\Python311\Lib\site-packages\django\template\base.py", line 510, in parse
    raise self.error(token, e)
  File "C:\Users\vitya\AppData\Local\Programs\Python\Python311\Lib\site-packages\django\template\base.py", line 508, in parse
    compiled_result = compile_func(self, token)
                      ^^^^^^^^^^^^^^^^^^^^^^^^^
  File "C:\Users\vitya\AppData\Local\Programs\Python\Python311\Lib\site-packages\django\template\loader_tags.py", line 295, in do_extends
    nodelist = parser.parse()
               ^^^^^^^^^^^^^^
  File "C:\Users\vitya\AppData\Local\Programs\Python\Python311\Lib\site-packages\django\template\base.py", line 510, in parse
    raise self.error(token, e)
  File "C:\Users\vitya\AppData\Local\Programs\Python\Python311\Lib\site-packages\django\template\base.py", line 508, in parse
    compiled_result = compile_func(self, token)
                      ^^^^^^^^^^^^^^^^^^^^^^^^^
  File "C:\Users\vitya\AppData\Local\Programs\Python\Python311\Lib\site-packages\django\template\loader_tags.py", line 234, in do_block
    nodelist = parser.parse(("endblock",))
               ^^^^^^^^^^^^^^^^^^^^^^^^^^^
  File "C:\Users\vitya\AppData\Local\Programs\Python\Python311\Lib\site-packages\django\template\base.py", line 510, in parse
    raise self.error(token, e)
  File "C:\Users\vitya\AppData\Local\Programs\Python\Python311\Lib\site-packages\django\template\base.py", line 508, in parse
    compiled_result = compile_func(self, token)
                      ^^^^^^^^^^^^^^^^^^^^^^^^^
  File "C:\Users\vitya\AppData\Local\Programs\Python\Python311\Lib\site-packages\django\template\defaulttags.py", line 861, in do_for
    nodelist_loop = parser.parse(
                    ^^^^^^^^^^^^^
  File "C:\Users\vitya\AppData\Local\Programs\Python\Python311\Lib\site-packages\django\template\base.py", line 510, in parse
    raise self.error(token, e)
  File "C:\Users\vitya\AppData\Local\Programs\Python\Python311\Lib\site-packages\django\template\base.py", line 508, in parse
    compiled_result = compile_func(self, token)
                      ^^^^^^^^^^^^^^^^^^^^^^^^^
  File "C:\Users\vitya\AppData\Local\Programs\Python\Python311\Lib\site-packages\django\template\defaulttags.py", line 975, in do_if
    nodelist = parser.parse(("endif",))
               ^^^^^^^^^^^^^^^^^^^^^^^^
  File "C:\Users\vitya\AppData\Local\Programs\Python\Python311\Lib\site-packages\django\template\base.py", line 504, in parse
    self.invalid_block_tag(token, command, parse_until)
  File "C:\Users\vitya\AppData\Local\Programs\Python\Python311\Lib\site-packages\django\template\base.py", line 555, in invalid_block_tag
    raise self.error(
django.template.exceptions.TemplateSyntaxError: Invalid block tag on line 18: 'static', expected 'endif'. Did you forget to register or load this tag?
2024-05-22 19:11:09,727 ERROR Internal Server Error: /contacts/
Traceback (most recent call last):
  File "C:\Users\vitya\AppData\Local\Programs\Python\Python311\Lib\site-packages\django\template\base.py", line 502, in parse
    compile_func = self.tags[command]
                   ~~~~~~~~~^^^^^^^^^
KeyError: 'static'

During handling of the above exception, another exception occurred:

Traceback (most recent call last):
  File "C:\Users\vitya\AppData\Local\Programs\Python\Python311\Lib\site-packages\django\core\handlers\exception.py", line 55, in inner
    response = get_response(request)
               ^^^^^^^^^^^^^^^^^^^^^
  File "C:\Users\vitya\AppData\Local\Programs\Python\Python311\Lib\site-packages\django\core\handlers\base.py", line 197, in _get_response
    response = wrapped_callback(request, *callback_args, **callback_kwargs)
               ^^^^^^^^^^^^^^^^^^^^^^^^^^^^^^^^^^^^^^^^^^^^^^^^^^^^^^^^^^^^
  File "C:\Users\vitya\cinema\movies\views.py", line 103, in contacts
    return render(request, 'contacts.html', { 'staff' : staff })
           ^^^^^^^^^^^^^^^^^^^^^^^^^^^^^^^^^^^^^^^^^^^^^^^^^^^^^
  File "C:\Users\vitya\AppData\Local\Programs\Python\Python311\Lib\site-packages\django\shortcuts.py", line 25, in render
    content = loader.render_to_string(template_name, context, request, using=using)
              ^^^^^^^^^^^^^^^^^^^^^^^^^^^^^^^^^^^^^^^^^^^^^^^^^^^^^^^^^^^^^^^^^^^^^
  File "C:\Users\vitya\AppData\Local\Programs\Python\Python311\Lib\site-packages\django\template\loader.py", line 61, in render_to_string
    template = get_template(template_name, using=using)
               ^^^^^^^^^^^^^^^^^^^^^^^^^^^^^^^^^^^^^^^^
  File "C:\Users\vitya\AppData\Local\Programs\Python\Python311\Lib\site-packages\django\template\loader.py", line 15, in get_template
    return engine.get_template(template_name)
           ^^^^^^^^^^^^^^^^^^^^^^^^^^^^^^^^^^
  File "C:\Users\vitya\AppData\Local\Programs\Python\Python311\Lib\site-packages\django\template\backends\django.py", line 33, in get_template
    return Template(self.engine.get_template(template_name), self)
                    ^^^^^^^^^^^^^^^^^^^^^^^^^^^^^^^^^^^^^^^
  File "C:\Users\vitya\AppData\Local\Programs\Python\Python311\Lib\site-packages\django\template\engine.py", line 177, in get_template
    template, origin = self.find_template(template_name)
                       ^^^^^^^^^^^^^^^^^^^^^^^^^^^^^^^^^
  File "C:\Users\vitya\AppData\Local\Programs\Python\Python311\Lib\site-packages\django\template\engine.py", line 159, in find_template
    template = loader.get_template(name, skip=skip)
               ^^^^^^^^^^^^^^^^^^^^^^^^^^^^^^^^^^^^
  File "C:\Users\vitya\AppData\Local\Programs\Python\Python311\Lib\site-packages\django\template\loaders\cached.py", line 57, in get_template
    template = super().get_template(template_name, skip)
               ^^^^^^^^^^^^^^^^^^^^^^^^^^^^^^^^^^^^^^^^^
  File "C:\Users\vitya\AppData\Local\Programs\Python\Python311\Lib\site-packages\django\template\loaders\base.py", line 28, in get_template
    return Template(
           ^^^^^^^^^
  File "C:\Users\vitya\AppData\Local\Programs\Python\Python311\Lib\site-packages\django\template\base.py", line 154, in __init__
    self.nodelist = self.compile_nodelist()
                    ^^^^^^^^^^^^^^^^^^^^^^^
  File "C:\Users\vitya\AppData\Local\Programs\Python\Python311\Lib\site-packages\django\template\base.py", line 196, in compile_nodelist
    return parser.parse()
           ^^^^^^^^^^^^^^
  File "C:\Users\vitya\AppData\Local\Programs\Python\Python311\Lib\site-packages\django\template\base.py", line 510, in parse
    raise self.error(token, e)
  File "C:\Users\vitya\AppData\Local\Programs\Python\Python311\Lib\site-packages\django\template\base.py", line 508, in parse
    compiled_result = compile_func(self, token)
                      ^^^^^^^^^^^^^^^^^^^^^^^^^
  File "C:\Users\vitya\AppData\Local\Programs\Python\Python311\Lib\site-packages\django\template\loader_tags.py", line 295, in do_extends
    nodelist = parser.parse()
               ^^^^^^^^^^^^^^
  File "C:\Users\vitya\AppData\Local\Programs\Python\Python311\Lib\site-packages\django\template\base.py", line 510, in parse
    raise self.error(token, e)
  File "C:\Users\vitya\AppData\Local\Programs\Python\Python311\Lib\site-packages\django\template\base.py", line 508, in parse
    compiled_result = compile_func(self, token)
                      ^^^^^^^^^^^^^^^^^^^^^^^^^
  File "C:\Users\vitya\AppData\Local\Programs\Python\Python311\Lib\site-packages\django\template\loader_tags.py", line 234, in do_block
    nodelist = parser.parse(("endblock",))
               ^^^^^^^^^^^^^^^^^^^^^^^^^^^
  File "C:\Users\vitya\AppData\Local\Programs\Python\Python311\Lib\site-packages\django\template\base.py", line 510, in parse
    raise self.error(token, e)
  File "C:\Users\vitya\AppData\Local\Programs\Python\Python311\Lib\site-packages\django\template\base.py", line 508, in parse
    compiled_result = compile_func(self, token)
                      ^^^^^^^^^^^^^^^^^^^^^^^^^
  File "C:\Users\vitya\AppData\Local\Programs\Python\Python311\Lib\site-packages\django\template\defaulttags.py", line 861, in do_for
    nodelist_loop = parser.parse(
                    ^^^^^^^^^^^^^
  File "C:\Users\vitya\AppData\Local\Programs\Python\Python311\Lib\site-packages\django\template\base.py", line 510, in parse
    raise self.error(token, e)
  File "C:\Users\vitya\AppData\Local\Programs\Python\Python311\Lib\site-packages\django\template\base.py", line 508, in parse
    compiled_result = compile_func(self, token)
                      ^^^^^^^^^^^^^^^^^^^^^^^^^
  File "C:\Users\vitya\AppData\Local\Programs\Python\Python311\Lib\site-packages\django\template\defaulttags.py", line 975, in do_if
    nodelist = parser.parse(("endif",))
               ^^^^^^^^^^^^^^^^^^^^^^^^
  File "C:\Users\vitya\AppData\Local\Programs\Python\Python311\Lib\site-packages\django\template\base.py", line 504, in parse
    self.invalid_block_tag(token, command, parse_until)
  File "C:\Users\vitya\AppData\Local\Programs\Python\Python311\Lib\site-packages\django\template\base.py", line 555, in invalid_block_tag
    raise self.error(
django.template.exceptions.TemplateSyntaxError: Invalid block tag on line 18: 'static', expected 'endif'. Did you forget to register or load this tag?
2024-05-22 19:11:10,247 ERROR Internal Server Error: /contacts/
Traceback (most recent call last):
  File "C:\Users\vitya\AppData\Local\Programs\Python\Python311\Lib\site-packages\django\template\base.py", line 502, in parse
    compile_func = self.tags[command]
                   ~~~~~~~~~^^^^^^^^^
KeyError: 'static'

During handling of the above exception, another exception occurred:

Traceback (most recent call last):
  File "C:\Users\vitya\AppData\Local\Programs\Python\Python311\Lib\site-packages\django\core\handlers\exception.py", line 55, in inner
    response = get_response(request)
               ^^^^^^^^^^^^^^^^^^^^^
  File "C:\Users\vitya\AppData\Local\Programs\Python\Python311\Lib\site-packages\django\core\handlers\base.py", line 197, in _get_response
    response = wrapped_callback(request, *callback_args, **callback_kwargs)
               ^^^^^^^^^^^^^^^^^^^^^^^^^^^^^^^^^^^^^^^^^^^^^^^^^^^^^^^^^^^^
  File "C:\Users\vitya\cinema\movies\views.py", line 103, in contacts
    return render(request, 'contacts.html', { 'staff' : staff })
           ^^^^^^^^^^^^^^^^^^^^^^^^^^^^^^^^^^^^^^^^^^^^^^^^^^^^^
  File "C:\Users\vitya\AppData\Local\Programs\Python\Python311\Lib\site-packages\django\shortcuts.py", line 25, in render
    content = loader.render_to_string(template_name, context, request, using=using)
              ^^^^^^^^^^^^^^^^^^^^^^^^^^^^^^^^^^^^^^^^^^^^^^^^^^^^^^^^^^^^^^^^^^^^^
  File "C:\Users\vitya\AppData\Local\Programs\Python\Python311\Lib\site-packages\django\template\loader.py", line 61, in render_to_string
    template = get_template(template_name, using=using)
               ^^^^^^^^^^^^^^^^^^^^^^^^^^^^^^^^^^^^^^^^
  File "C:\Users\vitya\AppData\Local\Programs\Python\Python311\Lib\site-packages\django\template\loader.py", line 15, in get_template
    return engine.get_template(template_name)
           ^^^^^^^^^^^^^^^^^^^^^^^^^^^^^^^^^^
  File "C:\Users\vitya\AppData\Local\Programs\Python\Python311\Lib\site-packages\django\template\backends\django.py", line 33, in get_template
    return Template(self.engine.get_template(template_name), self)
                    ^^^^^^^^^^^^^^^^^^^^^^^^^^^^^^^^^^^^^^^
  File "C:\Users\vitya\AppData\Local\Programs\Python\Python311\Lib\site-packages\django\template\engine.py", line 177, in get_template
    template, origin = self.find_template(template_name)
                       ^^^^^^^^^^^^^^^^^^^^^^^^^^^^^^^^^
  File "C:\Users\vitya\AppData\Local\Programs\Python\Python311\Lib\site-packages\django\template\engine.py", line 159, in find_template
    template = loader.get_template(name, skip=skip)
               ^^^^^^^^^^^^^^^^^^^^^^^^^^^^^^^^^^^^
  File "C:\Users\vitya\AppData\Local\Programs\Python\Python311\Lib\site-packages\django\template\loaders\cached.py", line 57, in get_template
    template = super().get_template(template_name, skip)
               ^^^^^^^^^^^^^^^^^^^^^^^^^^^^^^^^^^^^^^^^^
  File "C:\Users\vitya\AppData\Local\Programs\Python\Python311\Lib\site-packages\django\template\loaders\base.py", line 28, in get_template
    return Template(
           ^^^^^^^^^
  File "C:\Users\vitya\AppData\Local\Programs\Python\Python311\Lib\site-packages\django\template\base.py", line 154, in __init__
    self.nodelist = self.compile_nodelist()
                    ^^^^^^^^^^^^^^^^^^^^^^^
  File "C:\Users\vitya\AppData\Local\Programs\Python\Python311\Lib\site-packages\django\template\base.py", line 196, in compile_nodelist
    return parser.parse()
           ^^^^^^^^^^^^^^
  File "C:\Users\vitya\AppData\Local\Programs\Python\Python311\Lib\site-packages\django\template\base.py", line 510, in parse
    raise self.error(token, e)
  File "C:\Users\vitya\AppData\Local\Programs\Python\Python311\Lib\site-packages\django\template\base.py", line 508, in parse
    compiled_result = compile_func(self, token)
                      ^^^^^^^^^^^^^^^^^^^^^^^^^
  File "C:\Users\vitya\AppData\Local\Programs\Python\Python311\Lib\site-packages\django\template\loader_tags.py", line 295, in do_extends
    nodelist = parser.parse()
               ^^^^^^^^^^^^^^
  File "C:\Users\vitya\AppData\Local\Programs\Python\Python311\Lib\site-packages\django\template\base.py", line 510, in parse
    raise self.error(token, e)
  File "C:\Users\vitya\AppData\Local\Programs\Python\Python311\Lib\site-packages\django\template\base.py", line 508, in parse
    compiled_result = compile_func(self, token)
                      ^^^^^^^^^^^^^^^^^^^^^^^^^
  File "C:\Users\vitya\AppData\Local\Programs\Python\Python311\Lib\site-packages\django\template\loader_tags.py", line 234, in do_block
    nodelist = parser.parse(("endblock",))
               ^^^^^^^^^^^^^^^^^^^^^^^^^^^
  File "C:\Users\vitya\AppData\Local\Programs\Python\Python311\Lib\site-packages\django\template\base.py", line 510, in parse
    raise self.error(token, e)
  File "C:\Users\vitya\AppData\Local\Programs\Python\Python311\Lib\site-packages\django\template\base.py", line 508, in parse
    compiled_result = compile_func(self, token)
                      ^^^^^^^^^^^^^^^^^^^^^^^^^
  File "C:\Users\vitya\AppData\Local\Programs\Python\Python311\Lib\site-packages\django\template\defaulttags.py", line 861, in do_for
    nodelist_loop = parser.parse(
                    ^^^^^^^^^^^^^
  File "C:\Users\vitya\AppData\Local\Programs\Python\Python311\Lib\site-packages\django\template\base.py", line 510, in parse
    raise self.error(token, e)
  File "C:\Users\vitya\AppData\Local\Programs\Python\Python311\Lib\site-packages\django\template\base.py", line 508, in parse
    compiled_result = compile_func(self, token)
                      ^^^^^^^^^^^^^^^^^^^^^^^^^
  File "C:\Users\vitya\AppData\Local\Programs\Python\Python311\Lib\site-packages\django\template\defaulttags.py", line 975, in do_if
    nodelist = parser.parse(("endif",))
               ^^^^^^^^^^^^^^^^^^^^^^^^
  File "C:\Users\vitya\AppData\Local\Programs\Python\Python311\Lib\site-packages\django\template\base.py", line 504, in parse
    self.invalid_block_tag(token, command, parse_until)
  File "C:\Users\vitya\AppData\Local\Programs\Python\Python311\Lib\site-packages\django\template\base.py", line 555, in invalid_block_tag
    raise self.error(
django.template.exceptions.TemplateSyntaxError: Invalid block tag on line 18: 'static', expected 'endif'. Did you forget to register or load this tag?
2024-05-22 19:11:31,788 ERROR Internal Server Error: /contacts/
Traceback (most recent call last):
  File "C:\Users\vitya\AppData\Local\Programs\Python\Python311\Lib\site-packages\django\template\base.py", line 502, in parse
    compile_func = self.tags[command]
                   ~~~~~~~~~^^^^^^^^^
KeyError: 'static'

During handling of the above exception, another exception occurred:

Traceback (most recent call last):
  File "C:\Users\vitya\AppData\Local\Programs\Python\Python311\Lib\site-packages\django\core\handlers\exception.py", line 55, in inner
    response = get_response(request)
               ^^^^^^^^^^^^^^^^^^^^^
  File "C:\Users\vitya\AppData\Local\Programs\Python\Python311\Lib\site-packages\django\core\handlers\base.py", line 197, in _get_response
    response = wrapped_callback(request, *callback_args, **callback_kwargs)
               ^^^^^^^^^^^^^^^^^^^^^^^^^^^^^^^^^^^^^^^^^^^^^^^^^^^^^^^^^^^^
  File "C:\Users\vitya\cinema\movies\views.py", line 103, in contacts
    return render(request, 'contacts.html', { 'staff' : staff })
           ^^^^^^^^^^^^^^^^^^^^^^^^^^^^^^^^^^^^^^^^^^^^^^^^^^^^^
  File "C:\Users\vitya\AppData\Local\Programs\Python\Python311\Lib\site-packages\django\shortcuts.py", line 25, in render
    content = loader.render_to_string(template_name, context, request, using=using)
              ^^^^^^^^^^^^^^^^^^^^^^^^^^^^^^^^^^^^^^^^^^^^^^^^^^^^^^^^^^^^^^^^^^^^^
  File "C:\Users\vitya\AppData\Local\Programs\Python\Python311\Lib\site-packages\django\template\loader.py", line 61, in render_to_string
    template = get_template(template_name, using=using)
               ^^^^^^^^^^^^^^^^^^^^^^^^^^^^^^^^^^^^^^^^
  File "C:\Users\vitya\AppData\Local\Programs\Python\Python311\Lib\site-packages\django\template\loader.py", line 15, in get_template
    return engine.get_template(template_name)
           ^^^^^^^^^^^^^^^^^^^^^^^^^^^^^^^^^^
  File "C:\Users\vitya\AppData\Local\Programs\Python\Python311\Lib\site-packages\django\template\backends\django.py", line 33, in get_template
    return Template(self.engine.get_template(template_name), self)
                    ^^^^^^^^^^^^^^^^^^^^^^^^^^^^^^^^^^^^^^^
  File "C:\Users\vitya\AppData\Local\Programs\Python\Python311\Lib\site-packages\django\template\engine.py", line 177, in get_template
    template, origin = self.find_template(template_name)
                       ^^^^^^^^^^^^^^^^^^^^^^^^^^^^^^^^^
  File "C:\Users\vitya\AppData\Local\Programs\Python\Python311\Lib\site-packages\django\template\engine.py", line 159, in find_template
    template = loader.get_template(name, skip=skip)
               ^^^^^^^^^^^^^^^^^^^^^^^^^^^^^^^^^^^^
  File "C:\Users\vitya\AppData\Local\Programs\Python\Python311\Lib\site-packages\django\template\loaders\cached.py", line 57, in get_template
    template = super().get_template(template_name, skip)
               ^^^^^^^^^^^^^^^^^^^^^^^^^^^^^^^^^^^^^^^^^
  File "C:\Users\vitya\AppData\Local\Programs\Python\Python311\Lib\site-packages\django\template\loaders\base.py", line 28, in get_template
    return Template(
           ^^^^^^^^^
  File "C:\Users\vitya\AppData\Local\Programs\Python\Python311\Lib\site-packages\django\template\base.py", line 154, in __init__
    self.nodelist = self.compile_nodelist()
                    ^^^^^^^^^^^^^^^^^^^^^^^
  File "C:\Users\vitya\AppData\Local\Programs\Python\Python311\Lib\site-packages\django\template\base.py", line 196, in compile_nodelist
    return parser.parse()
           ^^^^^^^^^^^^^^
  File "C:\Users\vitya\AppData\Local\Programs\Python\Python311\Lib\site-packages\django\template\base.py", line 510, in parse
    raise self.error(token, e)
  File "C:\Users\vitya\AppData\Local\Programs\Python\Python311\Lib\site-packages\django\template\base.py", line 508, in parse
    compiled_result = compile_func(self, token)
                      ^^^^^^^^^^^^^^^^^^^^^^^^^
  File "C:\Users\vitya\AppData\Local\Programs\Python\Python311\Lib\site-packages\django\template\loader_tags.py", line 295, in do_extends
    nodelist = parser.parse()
               ^^^^^^^^^^^^^^
  File "C:\Users\vitya\AppData\Local\Programs\Python\Python311\Lib\site-packages\django\template\base.py", line 510, in parse
    raise self.error(token, e)
  File "C:\Users\vitya\AppData\Local\Programs\Python\Python311\Lib\site-packages\django\template\base.py", line 508, in parse
    compiled_result = compile_func(self, token)
                      ^^^^^^^^^^^^^^^^^^^^^^^^^
  File "C:\Users\vitya\AppData\Local\Programs\Python\Python311\Lib\site-packages\django\template\loader_tags.py", line 234, in do_block
    nodelist = parser.parse(("endblock",))
               ^^^^^^^^^^^^^^^^^^^^^^^^^^^
  File "C:\Users\vitya\AppData\Local\Programs\Python\Python311\Lib\site-packages\django\template\base.py", line 510, in parse
    raise self.error(token, e)
  File "C:\Users\vitya\AppData\Local\Programs\Python\Python311\Lib\site-packages\django\template\base.py", line 508, in parse
    compiled_result = compile_func(self, token)
                      ^^^^^^^^^^^^^^^^^^^^^^^^^
  File "C:\Users\vitya\AppData\Local\Programs\Python\Python311\Lib\site-packages\django\template\defaulttags.py", line 861, in do_for
    nodelist_loop = parser.parse(
                    ^^^^^^^^^^^^^
  File "C:\Users\vitya\AppData\Local\Programs\Python\Python311\Lib\site-packages\django\template\base.py", line 510, in parse
    raise self.error(token, e)
  File "C:\Users\vitya\AppData\Local\Programs\Python\Python311\Lib\site-packages\django\template\base.py", line 508, in parse
    compiled_result = compile_func(self, token)
                      ^^^^^^^^^^^^^^^^^^^^^^^^^
  File "C:\Users\vitya\AppData\Local\Programs\Python\Python311\Lib\site-packages\django\template\defaulttags.py", line 975, in do_if
    nodelist = parser.parse(("endif",))
               ^^^^^^^^^^^^^^^^^^^^^^^^
  File "C:\Users\vitya\AppData\Local\Programs\Python\Python311\Lib\site-packages\django\template\base.py", line 504, in parse
    self.invalid_block_tag(token, command, parse_until)
  File "C:\Users\vitya\AppData\Local\Programs\Python\Python311\Lib\site-packages\django\template\base.py", line 555, in invalid_block_tag
    raise self.error(
django.template.exceptions.TemplateSyntaxError: Invalid block tag on line 18: 'static', expected 'endif'. Did you forget to register or load this tag?
2024-05-22 19:11:32,242 ERROR Internal Server Error: /contacts/
Traceback (most recent call last):
  File "C:\Users\vitya\AppData\Local\Programs\Python\Python311\Lib\site-packages\django\template\base.py", line 502, in parse
    compile_func = self.tags[command]
                   ~~~~~~~~~^^^^^^^^^
KeyError: 'static'

During handling of the above exception, another exception occurred:

Traceback (most recent call last):
  File "C:\Users\vitya\AppData\Local\Programs\Python\Python311\Lib\site-packages\django\core\handlers\exception.py", line 55, in inner
    response = get_response(request)
               ^^^^^^^^^^^^^^^^^^^^^
  File "C:\Users\vitya\AppData\Local\Programs\Python\Python311\Lib\site-packages\django\core\handlers\base.py", line 197, in _get_response
    response = wrapped_callback(request, *callback_args, **callback_kwargs)
               ^^^^^^^^^^^^^^^^^^^^^^^^^^^^^^^^^^^^^^^^^^^^^^^^^^^^^^^^^^^^
  File "C:\Users\vitya\cinema\movies\views.py", line 103, in contacts
    return render(request, 'contacts.html', { 'staff' : staff })
           ^^^^^^^^^^^^^^^^^^^^^^^^^^^^^^^^^^^^^^^^^^^^^^^^^^^^^
  File "C:\Users\vitya\AppData\Local\Programs\Python\Python311\Lib\site-packages\django\shortcuts.py", line 25, in render
    content = loader.render_to_string(template_name, context, request, using=using)
              ^^^^^^^^^^^^^^^^^^^^^^^^^^^^^^^^^^^^^^^^^^^^^^^^^^^^^^^^^^^^^^^^^^^^^
  File "C:\Users\vitya\AppData\Local\Programs\Python\Python311\Lib\site-packages\django\template\loader.py", line 61, in render_to_string
    template = get_template(template_name, using=using)
               ^^^^^^^^^^^^^^^^^^^^^^^^^^^^^^^^^^^^^^^^
  File "C:\Users\vitya\AppData\Local\Programs\Python\Python311\Lib\site-packages\django\template\loader.py", line 15, in get_template
    return engine.get_template(template_name)
           ^^^^^^^^^^^^^^^^^^^^^^^^^^^^^^^^^^
  File "C:\Users\vitya\AppData\Local\Programs\Python\Python311\Lib\site-packages\django\template\backends\django.py", line 33, in get_template
    return Template(self.engine.get_template(template_name), self)
                    ^^^^^^^^^^^^^^^^^^^^^^^^^^^^^^^^^^^^^^^
  File "C:\Users\vitya\AppData\Local\Programs\Python\Python311\Lib\site-packages\django\template\engine.py", line 177, in get_template
    template, origin = self.find_template(template_name)
                       ^^^^^^^^^^^^^^^^^^^^^^^^^^^^^^^^^
  File "C:\Users\vitya\AppData\Local\Programs\Python\Python311\Lib\site-packages\django\template\engine.py", line 159, in find_template
    template = loader.get_template(name, skip=skip)
               ^^^^^^^^^^^^^^^^^^^^^^^^^^^^^^^^^^^^
  File "C:\Users\vitya\AppData\Local\Programs\Python\Python311\Lib\site-packages\django\template\loaders\cached.py", line 57, in get_template
    template = super().get_template(template_name, skip)
               ^^^^^^^^^^^^^^^^^^^^^^^^^^^^^^^^^^^^^^^^^
  File "C:\Users\vitya\AppData\Local\Programs\Python\Python311\Lib\site-packages\django\template\loaders\base.py", line 28, in get_template
    return Template(
           ^^^^^^^^^
  File "C:\Users\vitya\AppData\Local\Programs\Python\Python311\Lib\site-packages\django\template\base.py", line 154, in __init__
    self.nodelist = self.compile_nodelist()
                    ^^^^^^^^^^^^^^^^^^^^^^^
  File "C:\Users\vitya\AppData\Local\Programs\Python\Python311\Lib\site-packages\django\template\base.py", line 196, in compile_nodelist
    return parser.parse()
           ^^^^^^^^^^^^^^
  File "C:\Users\vitya\AppData\Local\Programs\Python\Python311\Lib\site-packages\django\template\base.py", line 510, in parse
    raise self.error(token, e)
  File "C:\Users\vitya\AppData\Local\Programs\Python\Python311\Lib\site-packages\django\template\base.py", line 508, in parse
    compiled_result = compile_func(self, token)
                      ^^^^^^^^^^^^^^^^^^^^^^^^^
  File "C:\Users\vitya\AppData\Local\Programs\Python\Python311\Lib\site-packages\django\template\loader_tags.py", line 295, in do_extends
    nodelist = parser.parse()
               ^^^^^^^^^^^^^^
  File "C:\Users\vitya\AppData\Local\Programs\Python\Python311\Lib\site-packages\django\template\base.py", line 510, in parse
    raise self.error(token, e)
  File "C:\Users\vitya\AppData\Local\Programs\Python\Python311\Lib\site-packages\django\template\base.py", line 508, in parse
    compiled_result = compile_func(self, token)
                      ^^^^^^^^^^^^^^^^^^^^^^^^^
  File "C:\Users\vitya\AppData\Local\Programs\Python\Python311\Lib\site-packages\django\template\loader_tags.py", line 234, in do_block
    nodelist = parser.parse(("endblock",))
               ^^^^^^^^^^^^^^^^^^^^^^^^^^^
  File "C:\Users\vitya\AppData\Local\Programs\Python\Python311\Lib\site-packages\django\template\base.py", line 510, in parse
    raise self.error(token, e)
  File "C:\Users\vitya\AppData\Local\Programs\Python\Python311\Lib\site-packages\django\template\base.py", line 508, in parse
    compiled_result = compile_func(self, token)
                      ^^^^^^^^^^^^^^^^^^^^^^^^^
  File "C:\Users\vitya\AppData\Local\Programs\Python\Python311\Lib\site-packages\django\template\defaulttags.py", line 861, in do_for
    nodelist_loop = parser.parse(
                    ^^^^^^^^^^^^^
  File "C:\Users\vitya\AppData\Local\Programs\Python\Python311\Lib\site-packages\django\template\base.py", line 510, in parse
    raise self.error(token, e)
  File "C:\Users\vitya\AppData\Local\Programs\Python\Python311\Lib\site-packages\django\template\base.py", line 508, in parse
    compiled_result = compile_func(self, token)
                      ^^^^^^^^^^^^^^^^^^^^^^^^^
  File "C:\Users\vitya\AppData\Local\Programs\Python\Python311\Lib\site-packages\django\template\defaulttags.py", line 975, in do_if
    nodelist = parser.parse(("endif",))
               ^^^^^^^^^^^^^^^^^^^^^^^^
  File "C:\Users\vitya\AppData\Local\Programs\Python\Python311\Lib\site-packages\django\template\base.py", line 504, in parse
    self.invalid_block_tag(token, command, parse_until)
  File "C:\Users\vitya\AppData\Local\Programs\Python\Python311\Lib\site-packages\django\template\base.py", line 555, in invalid_block_tag
    raise self.error(
django.template.exceptions.TemplateSyntaxError: Invalid block tag on line 18: 'static', expected 'endif'. Did you forget to register or load this tag?
2024-05-22 19:11:32,568 ERROR Internal Server Error: /contacts/
Traceback (most recent call last):
  File "C:\Users\vitya\AppData\Local\Programs\Python\Python311\Lib\site-packages\django\template\base.py", line 502, in parse
    compile_func = self.tags[command]
                   ~~~~~~~~~^^^^^^^^^
KeyError: 'static'

During handling of the above exception, another exception occurred:

Traceback (most recent call last):
  File "C:\Users\vitya\AppData\Local\Programs\Python\Python311\Lib\site-packages\django\core\handlers\exception.py", line 55, in inner
    response = get_response(request)
               ^^^^^^^^^^^^^^^^^^^^^
  File "C:\Users\vitya\AppData\Local\Programs\Python\Python311\Lib\site-packages\django\core\handlers\base.py", line 197, in _get_response
    response = wrapped_callback(request, *callback_args, **callback_kwargs)
               ^^^^^^^^^^^^^^^^^^^^^^^^^^^^^^^^^^^^^^^^^^^^^^^^^^^^^^^^^^^^
  File "C:\Users\vitya\cinema\movies\views.py", line 103, in contacts
    return render(request, 'contacts.html', { 'staff' : staff })
           ^^^^^^^^^^^^^^^^^^^^^^^^^^^^^^^^^^^^^^^^^^^^^^^^^^^^^
  File "C:\Users\vitya\AppData\Local\Programs\Python\Python311\Lib\site-packages\django\shortcuts.py", line 25, in render
    content = loader.render_to_string(template_name, context, request, using=using)
              ^^^^^^^^^^^^^^^^^^^^^^^^^^^^^^^^^^^^^^^^^^^^^^^^^^^^^^^^^^^^^^^^^^^^^
  File "C:\Users\vitya\AppData\Local\Programs\Python\Python311\Lib\site-packages\django\template\loader.py", line 61, in render_to_string
    template = get_template(template_name, using=using)
               ^^^^^^^^^^^^^^^^^^^^^^^^^^^^^^^^^^^^^^^^
  File "C:\Users\vitya\AppData\Local\Programs\Python\Python311\Lib\site-packages\django\template\loader.py", line 15, in get_template
    return engine.get_template(template_name)
           ^^^^^^^^^^^^^^^^^^^^^^^^^^^^^^^^^^
  File "C:\Users\vitya\AppData\Local\Programs\Python\Python311\Lib\site-packages\django\template\backends\django.py", line 33, in get_template
    return Template(self.engine.get_template(template_name), self)
                    ^^^^^^^^^^^^^^^^^^^^^^^^^^^^^^^^^^^^^^^
  File "C:\Users\vitya\AppData\Local\Programs\Python\Python311\Lib\site-packages\django\template\engine.py", line 177, in get_template
    template, origin = self.find_template(template_name)
                       ^^^^^^^^^^^^^^^^^^^^^^^^^^^^^^^^^
  File "C:\Users\vitya\AppData\Local\Programs\Python\Python311\Lib\site-packages\django\template\engine.py", line 159, in find_template
    template = loader.get_template(name, skip=skip)
               ^^^^^^^^^^^^^^^^^^^^^^^^^^^^^^^^^^^^
  File "C:\Users\vitya\AppData\Local\Programs\Python\Python311\Lib\site-packages\django\template\loaders\cached.py", line 57, in get_template
    template = super().get_template(template_name, skip)
               ^^^^^^^^^^^^^^^^^^^^^^^^^^^^^^^^^^^^^^^^^
  File "C:\Users\vitya\AppData\Local\Programs\Python\Python311\Lib\site-packages\django\template\loaders\base.py", line 28, in get_template
    return Template(
           ^^^^^^^^^
  File "C:\Users\vitya\AppData\Local\Programs\Python\Python311\Lib\site-packages\django\template\base.py", line 154, in __init__
    self.nodelist = self.compile_nodelist()
                    ^^^^^^^^^^^^^^^^^^^^^^^
  File "C:\Users\vitya\AppData\Local\Programs\Python\Python311\Lib\site-packages\django\template\base.py", line 196, in compile_nodelist
    return parser.parse()
           ^^^^^^^^^^^^^^
  File "C:\Users\vitya\AppData\Local\Programs\Python\Python311\Lib\site-packages\django\template\base.py", line 510, in parse
    raise self.error(token, e)
  File "C:\Users\vitya\AppData\Local\Programs\Python\Python311\Lib\site-packages\django\template\base.py", line 508, in parse
    compiled_result = compile_func(self, token)
                      ^^^^^^^^^^^^^^^^^^^^^^^^^
  File "C:\Users\vitya\AppData\Local\Programs\Python\Python311\Lib\site-packages\django\template\loader_tags.py", line 295, in do_extends
    nodelist = parser.parse()
               ^^^^^^^^^^^^^^
  File "C:\Users\vitya\AppData\Local\Programs\Python\Python311\Lib\site-packages\django\template\base.py", line 510, in parse
    raise self.error(token, e)
  File "C:\Users\vitya\AppData\Local\Programs\Python\Python311\Lib\site-packages\django\template\base.py", line 508, in parse
    compiled_result = compile_func(self, token)
                      ^^^^^^^^^^^^^^^^^^^^^^^^^
  File "C:\Users\vitya\AppData\Local\Programs\Python\Python311\Lib\site-packages\django\template\loader_tags.py", line 234, in do_block
    nodelist = parser.parse(("endblock",))
               ^^^^^^^^^^^^^^^^^^^^^^^^^^^
  File "C:\Users\vitya\AppData\Local\Programs\Python\Python311\Lib\site-packages\django\template\base.py", line 510, in parse
    raise self.error(token, e)
  File "C:\Users\vitya\AppData\Local\Programs\Python\Python311\Lib\site-packages\django\template\base.py", line 508, in parse
    compiled_result = compile_func(self, token)
                      ^^^^^^^^^^^^^^^^^^^^^^^^^
  File "C:\Users\vitya\AppData\Local\Programs\Python\Python311\Lib\site-packages\django\template\defaulttags.py", line 861, in do_for
    nodelist_loop = parser.parse(
                    ^^^^^^^^^^^^^
  File "C:\Users\vitya\AppData\Local\Programs\Python\Python311\Lib\site-packages\django\template\base.py", line 510, in parse
    raise self.error(token, e)
  File "C:\Users\vitya\AppData\Local\Programs\Python\Python311\Lib\site-packages\django\template\base.py", line 508, in parse
    compiled_result = compile_func(self, token)
                      ^^^^^^^^^^^^^^^^^^^^^^^^^
  File "C:\Users\vitya\AppData\Local\Programs\Python\Python311\Lib\site-packages\django\template\defaulttags.py", line 975, in do_if
    nodelist = parser.parse(("endif",))
               ^^^^^^^^^^^^^^^^^^^^^^^^
  File "C:\Users\vitya\AppData\Local\Programs\Python\Python311\Lib\site-packages\django\template\base.py", line 504, in parse
    self.invalid_block_tag(token, command, parse_until)
  File "C:\Users\vitya\AppData\Local\Programs\Python\Python311\Lib\site-packages\django\template\base.py", line 555, in invalid_block_tag
    raise self.error(
django.template.exceptions.TemplateSyntaxError: Invalid block tag on line 18: 'static', expected 'endif'. Did you forget to register or load this tag?
2024-05-22 19:11:32,772 ERROR Internal Server Error: /contacts/
Traceback (most recent call last):
  File "C:\Users\vitya\AppData\Local\Programs\Python\Python311\Lib\site-packages\django\template\base.py", line 502, in parse
    compile_func = self.tags[command]
                   ~~~~~~~~~^^^^^^^^^
KeyError: 'static'

During handling of the above exception, another exception occurred:

Traceback (most recent call last):
  File "C:\Users\vitya\AppData\Local\Programs\Python\Python311\Lib\site-packages\django\core\handlers\exception.py", line 55, in inner
    response = get_response(request)
               ^^^^^^^^^^^^^^^^^^^^^
  File "C:\Users\vitya\AppData\Local\Programs\Python\Python311\Lib\site-packages\django\core\handlers\base.py", line 197, in _get_response
    response = wrapped_callback(request, *callback_args, **callback_kwargs)
               ^^^^^^^^^^^^^^^^^^^^^^^^^^^^^^^^^^^^^^^^^^^^^^^^^^^^^^^^^^^^
  File "C:\Users\vitya\cinema\movies\views.py", line 103, in contacts
    return render(request, 'contacts.html', { 'staff' : staff })
           ^^^^^^^^^^^^^^^^^^^^^^^^^^^^^^^^^^^^^^^^^^^^^^^^^^^^^
  File "C:\Users\vitya\AppData\Local\Programs\Python\Python311\Lib\site-packages\django\shortcuts.py", line 25, in render
    content = loader.render_to_string(template_name, context, request, using=using)
              ^^^^^^^^^^^^^^^^^^^^^^^^^^^^^^^^^^^^^^^^^^^^^^^^^^^^^^^^^^^^^^^^^^^^^
  File "C:\Users\vitya\AppData\Local\Programs\Python\Python311\Lib\site-packages\django\template\loader.py", line 61, in render_to_string
    template = get_template(template_name, using=using)
               ^^^^^^^^^^^^^^^^^^^^^^^^^^^^^^^^^^^^^^^^
  File "C:\Users\vitya\AppData\Local\Programs\Python\Python311\Lib\site-packages\django\template\loader.py", line 15, in get_template
    return engine.get_template(template_name)
           ^^^^^^^^^^^^^^^^^^^^^^^^^^^^^^^^^^
  File "C:\Users\vitya\AppData\Local\Programs\Python\Python311\Lib\site-packages\django\template\backends\django.py", line 33, in get_template
    return Template(self.engine.get_template(template_name), self)
                    ^^^^^^^^^^^^^^^^^^^^^^^^^^^^^^^^^^^^^^^
  File "C:\Users\vitya\AppData\Local\Programs\Python\Python311\Lib\site-packages\django\template\engine.py", line 177, in get_template
    template, origin = self.find_template(template_name)
                       ^^^^^^^^^^^^^^^^^^^^^^^^^^^^^^^^^
  File "C:\Users\vitya\AppData\Local\Programs\Python\Python311\Lib\site-packages\django\template\engine.py", line 159, in find_template
    template = loader.get_template(name, skip=skip)
               ^^^^^^^^^^^^^^^^^^^^^^^^^^^^^^^^^^^^
  File "C:\Users\vitya\AppData\Local\Programs\Python\Python311\Lib\site-packages\django\template\loaders\cached.py", line 57, in get_template
    template = super().get_template(template_name, skip)
               ^^^^^^^^^^^^^^^^^^^^^^^^^^^^^^^^^^^^^^^^^
  File "C:\Users\vitya\AppData\Local\Programs\Python\Python311\Lib\site-packages\django\template\loaders\base.py", line 28, in get_template
    return Template(
           ^^^^^^^^^
  File "C:\Users\vitya\AppData\Local\Programs\Python\Python311\Lib\site-packages\django\template\base.py", line 154, in __init__
    self.nodelist = self.compile_nodelist()
                    ^^^^^^^^^^^^^^^^^^^^^^^
  File "C:\Users\vitya\AppData\Local\Programs\Python\Python311\Lib\site-packages\django\template\base.py", line 196, in compile_nodelist
    return parser.parse()
           ^^^^^^^^^^^^^^
  File "C:\Users\vitya\AppData\Local\Programs\Python\Python311\Lib\site-packages\django\template\base.py", line 510, in parse
    raise self.error(token, e)
  File "C:\Users\vitya\AppData\Local\Programs\Python\Python311\Lib\site-packages\django\template\base.py", line 508, in parse
    compiled_result = compile_func(self, token)
                      ^^^^^^^^^^^^^^^^^^^^^^^^^
  File "C:\Users\vitya\AppData\Local\Programs\Python\Python311\Lib\site-packages\django\template\loader_tags.py", line 295, in do_extends
    nodelist = parser.parse()
               ^^^^^^^^^^^^^^
  File "C:\Users\vitya\AppData\Local\Programs\Python\Python311\Lib\site-packages\django\template\base.py", line 510, in parse
    raise self.error(token, e)
  File "C:\Users\vitya\AppData\Local\Programs\Python\Python311\Lib\site-packages\django\template\base.py", line 508, in parse
    compiled_result = compile_func(self, token)
                      ^^^^^^^^^^^^^^^^^^^^^^^^^
  File "C:\Users\vitya\AppData\Local\Programs\Python\Python311\Lib\site-packages\django\template\loader_tags.py", line 234, in do_block
    nodelist = parser.parse(("endblock",))
               ^^^^^^^^^^^^^^^^^^^^^^^^^^^
  File "C:\Users\vitya\AppData\Local\Programs\Python\Python311\Lib\site-packages\django\template\base.py", line 510, in parse
    raise self.error(token, e)
  File "C:\Users\vitya\AppData\Local\Programs\Python\Python311\Lib\site-packages\django\template\base.py", line 508, in parse
    compiled_result = compile_func(self, token)
                      ^^^^^^^^^^^^^^^^^^^^^^^^^
  File "C:\Users\vitya\AppData\Local\Programs\Python\Python311\Lib\site-packages\django\template\defaulttags.py", line 861, in do_for
    nodelist_loop = parser.parse(
                    ^^^^^^^^^^^^^
  File "C:\Users\vitya\AppData\Local\Programs\Python\Python311\Lib\site-packages\django\template\base.py", line 510, in parse
    raise self.error(token, e)
  File "C:\Users\vitya\AppData\Local\Programs\Python\Python311\Lib\site-packages\django\template\base.py", line 508, in parse
    compiled_result = compile_func(self, token)
                      ^^^^^^^^^^^^^^^^^^^^^^^^^
  File "C:\Users\vitya\AppData\Local\Programs\Python\Python311\Lib\site-packages\django\template\defaulttags.py", line 975, in do_if
    nodelist = parser.parse(("endif",))
               ^^^^^^^^^^^^^^^^^^^^^^^^
  File "C:\Users\vitya\AppData\Local\Programs\Python\Python311\Lib\site-packages\django\template\base.py", line 504, in parse
    self.invalid_block_tag(token, command, parse_until)
  File "C:\Users\vitya\AppData\Local\Programs\Python\Python311\Lib\site-packages\django\template\base.py", line 555, in invalid_block_tag
    raise self.error(
django.template.exceptions.TemplateSyntaxError: Invalid block tag on line 18: 'static', expected 'endif'. Did you forget to register or load this tag?
2024-05-22 19:11:35,562 ERROR Internal Server Error: /contacts/
Traceback (most recent call last):
  File "C:\Users\vitya\AppData\Local\Programs\Python\Python311\Lib\site-packages\django\template\base.py", line 502, in parse
    compile_func = self.tags[command]
                   ~~~~~~~~~^^^^^^^^^
KeyError: 'static'

During handling of the above exception, another exception occurred:

Traceback (most recent call last):
  File "C:\Users\vitya\AppData\Local\Programs\Python\Python311\Lib\site-packages\django\core\handlers\exception.py", line 55, in inner
    response = get_response(request)
               ^^^^^^^^^^^^^^^^^^^^^
  File "C:\Users\vitya\AppData\Local\Programs\Python\Python311\Lib\site-packages\django\core\handlers\base.py", line 197, in _get_response
    response = wrapped_callback(request, *callback_args, **callback_kwargs)
               ^^^^^^^^^^^^^^^^^^^^^^^^^^^^^^^^^^^^^^^^^^^^^^^^^^^^^^^^^^^^
  File "C:\Users\vitya\cinema\movies\views.py", line 103, in contacts
    return render(request, 'contacts.html', { 'staff' : staff })
           ^^^^^^^^^^^^^^^^^^^^^^^^^^^^^^^^^^^^^^^^^^^^^^^^^^^^^
  File "C:\Users\vitya\AppData\Local\Programs\Python\Python311\Lib\site-packages\django\shortcuts.py", line 25, in render
    content = loader.render_to_string(template_name, context, request, using=using)
              ^^^^^^^^^^^^^^^^^^^^^^^^^^^^^^^^^^^^^^^^^^^^^^^^^^^^^^^^^^^^^^^^^^^^^
  File "C:\Users\vitya\AppData\Local\Programs\Python\Python311\Lib\site-packages\django\template\loader.py", line 61, in render_to_string
    template = get_template(template_name, using=using)
               ^^^^^^^^^^^^^^^^^^^^^^^^^^^^^^^^^^^^^^^^
  File "C:\Users\vitya\AppData\Local\Programs\Python\Python311\Lib\site-packages\django\template\loader.py", line 15, in get_template
    return engine.get_template(template_name)
           ^^^^^^^^^^^^^^^^^^^^^^^^^^^^^^^^^^
  File "C:\Users\vitya\AppData\Local\Programs\Python\Python311\Lib\site-packages\django\template\backends\django.py", line 33, in get_template
    return Template(self.engine.get_template(template_name), self)
                    ^^^^^^^^^^^^^^^^^^^^^^^^^^^^^^^^^^^^^^^
  File "C:\Users\vitya\AppData\Local\Programs\Python\Python311\Lib\site-packages\django\template\engine.py", line 177, in get_template
    template, origin = self.find_template(template_name)
                       ^^^^^^^^^^^^^^^^^^^^^^^^^^^^^^^^^
  File "C:\Users\vitya\AppData\Local\Programs\Python\Python311\Lib\site-packages\django\template\engine.py", line 159, in find_template
    template = loader.get_template(name, skip=skip)
               ^^^^^^^^^^^^^^^^^^^^^^^^^^^^^^^^^^^^
  File "C:\Users\vitya\AppData\Local\Programs\Python\Python311\Lib\site-packages\django\template\loaders\cached.py", line 57, in get_template
    template = super().get_template(template_name, skip)
               ^^^^^^^^^^^^^^^^^^^^^^^^^^^^^^^^^^^^^^^^^
  File "C:\Users\vitya\AppData\Local\Programs\Python\Python311\Lib\site-packages\django\template\loaders\base.py", line 28, in get_template
    return Template(
           ^^^^^^^^^
  File "C:\Users\vitya\AppData\Local\Programs\Python\Python311\Lib\site-packages\django\template\base.py", line 154, in __init__
    self.nodelist = self.compile_nodelist()
                    ^^^^^^^^^^^^^^^^^^^^^^^
  File "C:\Users\vitya\AppData\Local\Programs\Python\Python311\Lib\site-packages\django\template\base.py", line 196, in compile_nodelist
    return parser.parse()
           ^^^^^^^^^^^^^^
  File "C:\Users\vitya\AppData\Local\Programs\Python\Python311\Lib\site-packages\django\template\base.py", line 510, in parse
    raise self.error(token, e)
  File "C:\Users\vitya\AppData\Local\Programs\Python\Python311\Lib\site-packages\django\template\base.py", line 508, in parse
    compiled_result = compile_func(self, token)
                      ^^^^^^^^^^^^^^^^^^^^^^^^^
  File "C:\Users\vitya\AppData\Local\Programs\Python\Python311\Lib\site-packages\django\template\loader_tags.py", line 295, in do_extends
    nodelist = parser.parse()
               ^^^^^^^^^^^^^^
  File "C:\Users\vitya\AppData\Local\Programs\Python\Python311\Lib\site-packages\django\template\base.py", line 510, in parse
    raise self.error(token, e)
  File "C:\Users\vitya\AppData\Local\Programs\Python\Python311\Lib\site-packages\django\template\base.py", line 508, in parse
    compiled_result = compile_func(self, token)
                      ^^^^^^^^^^^^^^^^^^^^^^^^^
  File "C:\Users\vitya\AppData\Local\Programs\Python\Python311\Lib\site-packages\django\template\loader_tags.py", line 234, in do_block
    nodelist = parser.parse(("endblock",))
               ^^^^^^^^^^^^^^^^^^^^^^^^^^^
  File "C:\Users\vitya\AppData\Local\Programs\Python\Python311\Lib\site-packages\django\template\base.py", line 510, in parse
    raise self.error(token, e)
  File "C:\Users\vitya\AppData\Local\Programs\Python\Python311\Lib\site-packages\django\template\base.py", line 508, in parse
    compiled_result = compile_func(self, token)
                      ^^^^^^^^^^^^^^^^^^^^^^^^^
  File "C:\Users\vitya\AppData\Local\Programs\Python\Python311\Lib\site-packages\django\template\defaulttags.py", line 861, in do_for
    nodelist_loop = parser.parse(
                    ^^^^^^^^^^^^^
  File "C:\Users\vitya\AppData\Local\Programs\Python\Python311\Lib\site-packages\django\template\base.py", line 510, in parse
    raise self.error(token, e)
  File "C:\Users\vitya\AppData\Local\Programs\Python\Python311\Lib\site-packages\django\template\base.py", line 508, in parse
    compiled_result = compile_func(self, token)
                      ^^^^^^^^^^^^^^^^^^^^^^^^^
  File "C:\Users\vitya\AppData\Local\Programs\Python\Python311\Lib\site-packages\django\template\defaulttags.py", line 975, in do_if
    nodelist = parser.parse(("endif",))
               ^^^^^^^^^^^^^^^^^^^^^^^^
  File "C:\Users\vitya\AppData\Local\Programs\Python\Python311\Lib\site-packages\django\template\base.py", line 504, in parse
    self.invalid_block_tag(token, command, parse_until)
  File "C:\Users\vitya\AppData\Local\Programs\Python\Python311\Lib\site-packages\django\template\base.py", line 555, in invalid_block_tag
    raise self.error(
django.template.exceptions.TemplateSyntaxError: Invalid block tag on line 18: 'static', expected 'endif'. Did you forget to register or load this tag?
2024-05-22 19:12:31,752 ERROR Internal Server Error: /contacts/
Traceback (most recent call last):
  File "C:\Users\vitya\AppData\Local\Programs\Python\Python311\Lib\site-packages\django\template\base.py", line 502, in parse
    compile_func = self.tags[command]
                   ~~~~~~~~~^^^^^^^^^
KeyError: 'static'

During handling of the above exception, another exception occurred:

Traceback (most recent call last):
  File "C:\Users\vitya\AppData\Local\Programs\Python\Python311\Lib\site-packages\django\core\handlers\exception.py", line 55, in inner
    response = get_response(request)
               ^^^^^^^^^^^^^^^^^^^^^
  File "C:\Users\vitya\AppData\Local\Programs\Python\Python311\Lib\site-packages\django\core\handlers\base.py", line 197, in _get_response
    response = wrapped_callback(request, *callback_args, **callback_kwargs)
               ^^^^^^^^^^^^^^^^^^^^^^^^^^^^^^^^^^^^^^^^^^^^^^^^^^^^^^^^^^^^
  File "C:\Users\vitya\cinema\movies\views.py", line 103, in contacts
    return render(request, 'contacts.html', { 'staff' : staff })
           ^^^^^^^^^^^^^^^^^^^^^^^^^^^^^^^^^^^^^^^^^^^^^^^^^^^^^
  File "C:\Users\vitya\AppData\Local\Programs\Python\Python311\Lib\site-packages\django\shortcuts.py", line 25, in render
    content = loader.render_to_string(template_name, context, request, using=using)
              ^^^^^^^^^^^^^^^^^^^^^^^^^^^^^^^^^^^^^^^^^^^^^^^^^^^^^^^^^^^^^^^^^^^^^
  File "C:\Users\vitya\AppData\Local\Programs\Python\Python311\Lib\site-packages\django\template\loader.py", line 61, in render_to_string
    template = get_template(template_name, using=using)
               ^^^^^^^^^^^^^^^^^^^^^^^^^^^^^^^^^^^^^^^^
  File "C:\Users\vitya\AppData\Local\Programs\Python\Python311\Lib\site-packages\django\template\loader.py", line 15, in get_template
    return engine.get_template(template_name)
           ^^^^^^^^^^^^^^^^^^^^^^^^^^^^^^^^^^
  File "C:\Users\vitya\AppData\Local\Programs\Python\Python311\Lib\site-packages\django\template\backends\django.py", line 33, in get_template
    return Template(self.engine.get_template(template_name), self)
                    ^^^^^^^^^^^^^^^^^^^^^^^^^^^^^^^^^^^^^^^
  File "C:\Users\vitya\AppData\Local\Programs\Python\Python311\Lib\site-packages\django\template\engine.py", line 177, in get_template
    template, origin = self.find_template(template_name)
                       ^^^^^^^^^^^^^^^^^^^^^^^^^^^^^^^^^
  File "C:\Users\vitya\AppData\Local\Programs\Python\Python311\Lib\site-packages\django\template\engine.py", line 159, in find_template
    template = loader.get_template(name, skip=skip)
               ^^^^^^^^^^^^^^^^^^^^^^^^^^^^^^^^^^^^
  File "C:\Users\vitya\AppData\Local\Programs\Python\Python311\Lib\site-packages\django\template\loaders\cached.py", line 57, in get_template
    template = super().get_template(template_name, skip)
               ^^^^^^^^^^^^^^^^^^^^^^^^^^^^^^^^^^^^^^^^^
  File "C:\Users\vitya\AppData\Local\Programs\Python\Python311\Lib\site-packages\django\template\loaders\base.py", line 28, in get_template
    return Template(
           ^^^^^^^^^
  File "C:\Users\vitya\AppData\Local\Programs\Python\Python311\Lib\site-packages\django\template\base.py", line 154, in __init__
    self.nodelist = self.compile_nodelist()
                    ^^^^^^^^^^^^^^^^^^^^^^^
  File "C:\Users\vitya\AppData\Local\Programs\Python\Python311\Lib\site-packages\django\template\base.py", line 196, in compile_nodelist
    return parser.parse()
           ^^^^^^^^^^^^^^
  File "C:\Users\vitya\AppData\Local\Programs\Python\Python311\Lib\site-packages\django\template\base.py", line 510, in parse
    raise self.error(token, e)
  File "C:\Users\vitya\AppData\Local\Programs\Python\Python311\Lib\site-packages\django\template\base.py", line 508, in parse
    compiled_result = compile_func(self, token)
                      ^^^^^^^^^^^^^^^^^^^^^^^^^
  File "C:\Users\vitya\AppData\Local\Programs\Python\Python311\Lib\site-packages\django\template\loader_tags.py", line 295, in do_extends
    nodelist = parser.parse()
               ^^^^^^^^^^^^^^
  File "C:\Users\vitya\AppData\Local\Programs\Python\Python311\Lib\site-packages\django\template\base.py", line 510, in parse
    raise self.error(token, e)
  File "C:\Users\vitya\AppData\Local\Programs\Python\Python311\Lib\site-packages\django\template\base.py", line 508, in parse
    compiled_result = compile_func(self, token)
                      ^^^^^^^^^^^^^^^^^^^^^^^^^
  File "C:\Users\vitya\AppData\Local\Programs\Python\Python311\Lib\site-packages\django\template\loader_tags.py", line 234, in do_block
    nodelist = parser.parse(("endblock",))
               ^^^^^^^^^^^^^^^^^^^^^^^^^^^
  File "C:\Users\vitya\AppData\Local\Programs\Python\Python311\Lib\site-packages\django\template\base.py", line 510, in parse
    raise self.error(token, e)
  File "C:\Users\vitya\AppData\Local\Programs\Python\Python311\Lib\site-packages\django\template\base.py", line 508, in parse
    compiled_result = compile_func(self, token)
                      ^^^^^^^^^^^^^^^^^^^^^^^^^
  File "C:\Users\vitya\AppData\Local\Programs\Python\Python311\Lib\site-packages\django\template\defaulttags.py", line 861, in do_for
    nodelist_loop = parser.parse(
                    ^^^^^^^^^^^^^
  File "C:\Users\vitya\AppData\Local\Programs\Python\Python311\Lib\site-packages\django\template\base.py", line 510, in parse
    raise self.error(token, e)
  File "C:\Users\vitya\AppData\Local\Programs\Python\Python311\Lib\site-packages\django\template\base.py", line 508, in parse
    compiled_result = compile_func(self, token)
                      ^^^^^^^^^^^^^^^^^^^^^^^^^
  File "C:\Users\vitya\AppData\Local\Programs\Python\Python311\Lib\site-packages\django\template\defaulttags.py", line 975, in do_if
    nodelist = parser.parse(("endif",))
               ^^^^^^^^^^^^^^^^^^^^^^^^
  File "C:\Users\vitya\AppData\Local\Programs\Python\Python311\Lib\site-packages\django\template\base.py", line 504, in parse
    self.invalid_block_tag(token, command, parse_until)
  File "C:\Users\vitya\AppData\Local\Programs\Python\Python311\Lib\site-packages\django\template\base.py", line 555, in invalid_block_tag
    raise self.error(
django.template.exceptions.TemplateSyntaxError: Invalid block tag on line 18: 'static', expected 'endif'. Did you forget to register or load this tag?
2024-05-22 19:12:32,170 ERROR Internal Server Error: /contacts/
Traceback (most recent call last):
  File "C:\Users\vitya\AppData\Local\Programs\Python\Python311\Lib\site-packages\django\template\base.py", line 502, in parse
    compile_func = self.tags[command]
                   ~~~~~~~~~^^^^^^^^^
KeyError: 'static'

During handling of the above exception, another exception occurred:

Traceback (most recent call last):
  File "C:\Users\vitya\AppData\Local\Programs\Python\Python311\Lib\site-packages\django\core\handlers\exception.py", line 55, in inner
    response = get_response(request)
               ^^^^^^^^^^^^^^^^^^^^^
  File "C:\Users\vitya\AppData\Local\Programs\Python\Python311\Lib\site-packages\django\core\handlers\base.py", line 197, in _get_response
    response = wrapped_callback(request, *callback_args, **callback_kwargs)
               ^^^^^^^^^^^^^^^^^^^^^^^^^^^^^^^^^^^^^^^^^^^^^^^^^^^^^^^^^^^^
  File "C:\Users\vitya\cinema\movies\views.py", line 103, in contacts
    return render(request, 'contacts.html', { 'staff' : staff })
           ^^^^^^^^^^^^^^^^^^^^^^^^^^^^^^^^^^^^^^^^^^^^^^^^^^^^^
  File "C:\Users\vitya\AppData\Local\Programs\Python\Python311\Lib\site-packages\django\shortcuts.py", line 25, in render
    content = loader.render_to_string(template_name, context, request, using=using)
              ^^^^^^^^^^^^^^^^^^^^^^^^^^^^^^^^^^^^^^^^^^^^^^^^^^^^^^^^^^^^^^^^^^^^^
  File "C:\Users\vitya\AppData\Local\Programs\Python\Python311\Lib\site-packages\django\template\loader.py", line 61, in render_to_string
    template = get_template(template_name, using=using)
               ^^^^^^^^^^^^^^^^^^^^^^^^^^^^^^^^^^^^^^^^
  File "C:\Users\vitya\AppData\Local\Programs\Python\Python311\Lib\site-packages\django\template\loader.py", line 15, in get_template
    return engine.get_template(template_name)
           ^^^^^^^^^^^^^^^^^^^^^^^^^^^^^^^^^^
  File "C:\Users\vitya\AppData\Local\Programs\Python\Python311\Lib\site-packages\django\template\backends\django.py", line 33, in get_template
    return Template(self.engine.get_template(template_name), self)
                    ^^^^^^^^^^^^^^^^^^^^^^^^^^^^^^^^^^^^^^^
  File "C:\Users\vitya\AppData\Local\Programs\Python\Python311\Lib\site-packages\django\template\engine.py", line 177, in get_template
    template, origin = self.find_template(template_name)
                       ^^^^^^^^^^^^^^^^^^^^^^^^^^^^^^^^^
  File "C:\Users\vitya\AppData\Local\Programs\Python\Python311\Lib\site-packages\django\template\engine.py", line 159, in find_template
    template = loader.get_template(name, skip=skip)
               ^^^^^^^^^^^^^^^^^^^^^^^^^^^^^^^^^^^^
  File "C:\Users\vitya\AppData\Local\Programs\Python\Python311\Lib\site-packages\django\template\loaders\cached.py", line 57, in get_template
    template = super().get_template(template_name, skip)
               ^^^^^^^^^^^^^^^^^^^^^^^^^^^^^^^^^^^^^^^^^
  File "C:\Users\vitya\AppData\Local\Programs\Python\Python311\Lib\site-packages\django\template\loaders\base.py", line 28, in get_template
    return Template(
           ^^^^^^^^^
  File "C:\Users\vitya\AppData\Local\Programs\Python\Python311\Lib\site-packages\django\template\base.py", line 154, in __init__
    self.nodelist = self.compile_nodelist()
                    ^^^^^^^^^^^^^^^^^^^^^^^
  File "C:\Users\vitya\AppData\Local\Programs\Python\Python311\Lib\site-packages\django\template\base.py", line 196, in compile_nodelist
    return parser.parse()
           ^^^^^^^^^^^^^^
  File "C:\Users\vitya\AppData\Local\Programs\Python\Python311\Lib\site-packages\django\template\base.py", line 510, in parse
    raise self.error(token, e)
  File "C:\Users\vitya\AppData\Local\Programs\Python\Python311\Lib\site-packages\django\template\base.py", line 508, in parse
    compiled_result = compile_func(self, token)
                      ^^^^^^^^^^^^^^^^^^^^^^^^^
  File "C:\Users\vitya\AppData\Local\Programs\Python\Python311\Lib\site-packages\django\template\loader_tags.py", line 295, in do_extends
    nodelist = parser.parse()
               ^^^^^^^^^^^^^^
  File "C:\Users\vitya\AppData\Local\Programs\Python\Python311\Lib\site-packages\django\template\base.py", line 510, in parse
    raise self.error(token, e)
  File "C:\Users\vitya\AppData\Local\Programs\Python\Python311\Lib\site-packages\django\template\base.py", line 508, in parse
    compiled_result = compile_func(self, token)
                      ^^^^^^^^^^^^^^^^^^^^^^^^^
  File "C:\Users\vitya\AppData\Local\Programs\Python\Python311\Lib\site-packages\django\template\loader_tags.py", line 234, in do_block
    nodelist = parser.parse(("endblock",))
               ^^^^^^^^^^^^^^^^^^^^^^^^^^^
  File "C:\Users\vitya\AppData\Local\Programs\Python\Python311\Lib\site-packages\django\template\base.py", line 510, in parse
    raise self.error(token, e)
  File "C:\Users\vitya\AppData\Local\Programs\Python\Python311\Lib\site-packages\django\template\base.py", line 508, in parse
    compiled_result = compile_func(self, token)
                      ^^^^^^^^^^^^^^^^^^^^^^^^^
  File "C:\Users\vitya\AppData\Local\Programs\Python\Python311\Lib\site-packages\django\template\defaulttags.py", line 861, in do_for
    nodelist_loop = parser.parse(
                    ^^^^^^^^^^^^^
  File "C:\Users\vitya\AppData\Local\Programs\Python\Python311\Lib\site-packages\django\template\base.py", line 510, in parse
    raise self.error(token, e)
  File "C:\Users\vitya\AppData\Local\Programs\Python\Python311\Lib\site-packages\django\template\base.py", line 508, in parse
    compiled_result = compile_func(self, token)
                      ^^^^^^^^^^^^^^^^^^^^^^^^^
  File "C:\Users\vitya\AppData\Local\Programs\Python\Python311\Lib\site-packages\django\template\defaulttags.py", line 975, in do_if
    nodelist = parser.parse(("endif",))
               ^^^^^^^^^^^^^^^^^^^^^^^^
  File "C:\Users\vitya\AppData\Local\Programs\Python\Python311\Lib\site-packages\django\template\base.py", line 504, in parse
    self.invalid_block_tag(token, command, parse_until)
  File "C:\Users\vitya\AppData\Local\Programs\Python\Python311\Lib\site-packages\django\template\base.py", line 555, in invalid_block_tag
    raise self.error(
django.template.exceptions.TemplateSyntaxError: Invalid block tag on line 18: 'static', expected 'endif'. Did you forget to register or load this tag?
2024-05-22 19:12:32,356 ERROR Internal Server Error: /contacts/
Traceback (most recent call last):
  File "C:\Users\vitya\AppData\Local\Programs\Python\Python311\Lib\site-packages\django\template\base.py", line 502, in parse
    compile_func = self.tags[command]
                   ~~~~~~~~~^^^^^^^^^
KeyError: 'static'

During handling of the above exception, another exception occurred:

Traceback (most recent call last):
  File "C:\Users\vitya\AppData\Local\Programs\Python\Python311\Lib\site-packages\django\core\handlers\exception.py", line 55, in inner
    response = get_response(request)
               ^^^^^^^^^^^^^^^^^^^^^
  File "C:\Users\vitya\AppData\Local\Programs\Python\Python311\Lib\site-packages\django\core\handlers\base.py", line 197, in _get_response
    response = wrapped_callback(request, *callback_args, **callback_kwargs)
               ^^^^^^^^^^^^^^^^^^^^^^^^^^^^^^^^^^^^^^^^^^^^^^^^^^^^^^^^^^^^
  File "C:\Users\vitya\cinema\movies\views.py", line 103, in contacts
    return render(request, 'contacts.html', { 'staff' : staff })
           ^^^^^^^^^^^^^^^^^^^^^^^^^^^^^^^^^^^^^^^^^^^^^^^^^^^^^
  File "C:\Users\vitya\AppData\Local\Programs\Python\Python311\Lib\site-packages\django\shortcuts.py", line 25, in render
    content = loader.render_to_string(template_name, context, request, using=using)
              ^^^^^^^^^^^^^^^^^^^^^^^^^^^^^^^^^^^^^^^^^^^^^^^^^^^^^^^^^^^^^^^^^^^^^
  File "C:\Users\vitya\AppData\Local\Programs\Python\Python311\Lib\site-packages\django\template\loader.py", line 61, in render_to_string
    template = get_template(template_name, using=using)
               ^^^^^^^^^^^^^^^^^^^^^^^^^^^^^^^^^^^^^^^^
  File "C:\Users\vitya\AppData\Local\Programs\Python\Python311\Lib\site-packages\django\template\loader.py", line 15, in get_template
    return engine.get_template(template_name)
           ^^^^^^^^^^^^^^^^^^^^^^^^^^^^^^^^^^
  File "C:\Users\vitya\AppData\Local\Programs\Python\Python311\Lib\site-packages\django\template\backends\django.py", line 33, in get_template
    return Template(self.engine.get_template(template_name), self)
                    ^^^^^^^^^^^^^^^^^^^^^^^^^^^^^^^^^^^^^^^
  File "C:\Users\vitya\AppData\Local\Programs\Python\Python311\Lib\site-packages\django\template\engine.py", line 177, in get_template
    template, origin = self.find_template(template_name)
                       ^^^^^^^^^^^^^^^^^^^^^^^^^^^^^^^^^
  File "C:\Users\vitya\AppData\Local\Programs\Python\Python311\Lib\site-packages\django\template\engine.py", line 159, in find_template
    template = loader.get_template(name, skip=skip)
               ^^^^^^^^^^^^^^^^^^^^^^^^^^^^^^^^^^^^
  File "C:\Users\vitya\AppData\Local\Programs\Python\Python311\Lib\site-packages\django\template\loaders\cached.py", line 57, in get_template
    template = super().get_template(template_name, skip)
               ^^^^^^^^^^^^^^^^^^^^^^^^^^^^^^^^^^^^^^^^^
  File "C:\Users\vitya\AppData\Local\Programs\Python\Python311\Lib\site-packages\django\template\loaders\base.py", line 28, in get_template
    return Template(
           ^^^^^^^^^
  File "C:\Users\vitya\AppData\Local\Programs\Python\Python311\Lib\site-packages\django\template\base.py", line 154, in __init__
    self.nodelist = self.compile_nodelist()
                    ^^^^^^^^^^^^^^^^^^^^^^^
  File "C:\Users\vitya\AppData\Local\Programs\Python\Python311\Lib\site-packages\django\template\base.py", line 196, in compile_nodelist
    return parser.parse()
           ^^^^^^^^^^^^^^
  File "C:\Users\vitya\AppData\Local\Programs\Python\Python311\Lib\site-packages\django\template\base.py", line 510, in parse
    raise self.error(token, e)
  File "C:\Users\vitya\AppData\Local\Programs\Python\Python311\Lib\site-packages\django\template\base.py", line 508, in parse
    compiled_result = compile_func(self, token)
                      ^^^^^^^^^^^^^^^^^^^^^^^^^
  File "C:\Users\vitya\AppData\Local\Programs\Python\Python311\Lib\site-packages\django\template\loader_tags.py", line 295, in do_extends
    nodelist = parser.parse()
               ^^^^^^^^^^^^^^
  File "C:\Users\vitya\AppData\Local\Programs\Python\Python311\Lib\site-packages\django\template\base.py", line 510, in parse
    raise self.error(token, e)
  File "C:\Users\vitya\AppData\Local\Programs\Python\Python311\Lib\site-packages\django\template\base.py", line 508, in parse
    compiled_result = compile_func(self, token)
                      ^^^^^^^^^^^^^^^^^^^^^^^^^
  File "C:\Users\vitya\AppData\Local\Programs\Python\Python311\Lib\site-packages\django\template\loader_tags.py", line 234, in do_block
    nodelist = parser.parse(("endblock",))
               ^^^^^^^^^^^^^^^^^^^^^^^^^^^
  File "C:\Users\vitya\AppData\Local\Programs\Python\Python311\Lib\site-packages\django\template\base.py", line 510, in parse
    raise self.error(token, e)
  File "C:\Users\vitya\AppData\Local\Programs\Python\Python311\Lib\site-packages\django\template\base.py", line 508, in parse
    compiled_result = compile_func(self, token)
                      ^^^^^^^^^^^^^^^^^^^^^^^^^
  File "C:\Users\vitya\AppData\Local\Programs\Python\Python311\Lib\site-packages\django\template\defaulttags.py", line 861, in do_for
    nodelist_loop = parser.parse(
                    ^^^^^^^^^^^^^
  File "C:\Users\vitya\AppData\Local\Programs\Python\Python311\Lib\site-packages\django\template\base.py", line 510, in parse
    raise self.error(token, e)
  File "C:\Users\vitya\AppData\Local\Programs\Python\Python311\Lib\site-packages\django\template\base.py", line 508, in parse
    compiled_result = compile_func(self, token)
                      ^^^^^^^^^^^^^^^^^^^^^^^^^
  File "C:\Users\vitya\AppData\Local\Programs\Python\Python311\Lib\site-packages\django\template\defaulttags.py", line 975, in do_if
    nodelist = parser.parse(("endif",))
               ^^^^^^^^^^^^^^^^^^^^^^^^
  File "C:\Users\vitya\AppData\Local\Programs\Python\Python311\Lib\site-packages\django\template\base.py", line 504, in parse
    self.invalid_block_tag(token, command, parse_until)
  File "C:\Users\vitya\AppData\Local\Programs\Python\Python311\Lib\site-packages\django\template\base.py", line 555, in invalid_block_tag
    raise self.error(
django.template.exceptions.TemplateSyntaxError: Invalid block tag on line 18: 'static', expected 'endif'. Did you forget to register or load this tag?
2024-05-22 19:12:32,519 ERROR Internal Server Error: /contacts/
Traceback (most recent call last):
  File "C:\Users\vitya\AppData\Local\Programs\Python\Python311\Lib\site-packages\django\template\base.py", line 502, in parse
    compile_func = self.tags[command]
                   ~~~~~~~~~^^^^^^^^^
KeyError: 'static'

During handling of the above exception, another exception occurred:

Traceback (most recent call last):
  File "C:\Users\vitya\AppData\Local\Programs\Python\Python311\Lib\site-packages\django\core\handlers\exception.py", line 55, in inner
    response = get_response(request)
               ^^^^^^^^^^^^^^^^^^^^^
  File "C:\Users\vitya\AppData\Local\Programs\Python\Python311\Lib\site-packages\django\core\handlers\base.py", line 197, in _get_response
    response = wrapped_callback(request, *callback_args, **callback_kwargs)
               ^^^^^^^^^^^^^^^^^^^^^^^^^^^^^^^^^^^^^^^^^^^^^^^^^^^^^^^^^^^^
  File "C:\Users\vitya\cinema\movies\views.py", line 103, in contacts
    return render(request, 'contacts.html', { 'staff' : staff })
           ^^^^^^^^^^^^^^^^^^^^^^^^^^^^^^^^^^^^^^^^^^^^^^^^^^^^^
  File "C:\Users\vitya\AppData\Local\Programs\Python\Python311\Lib\site-packages\django\shortcuts.py", line 25, in render
    content = loader.render_to_string(template_name, context, request, using=using)
              ^^^^^^^^^^^^^^^^^^^^^^^^^^^^^^^^^^^^^^^^^^^^^^^^^^^^^^^^^^^^^^^^^^^^^
  File "C:\Users\vitya\AppData\Local\Programs\Python\Python311\Lib\site-packages\django\template\loader.py", line 61, in render_to_string
    template = get_template(template_name, using=using)
               ^^^^^^^^^^^^^^^^^^^^^^^^^^^^^^^^^^^^^^^^
  File "C:\Users\vitya\AppData\Local\Programs\Python\Python311\Lib\site-packages\django\template\loader.py", line 15, in get_template
    return engine.get_template(template_name)
           ^^^^^^^^^^^^^^^^^^^^^^^^^^^^^^^^^^
  File "C:\Users\vitya\AppData\Local\Programs\Python\Python311\Lib\site-packages\django\template\backends\django.py", line 33, in get_template
    return Template(self.engine.get_template(template_name), self)
                    ^^^^^^^^^^^^^^^^^^^^^^^^^^^^^^^^^^^^^^^
  File "C:\Users\vitya\AppData\Local\Programs\Python\Python311\Lib\site-packages\django\template\engine.py", line 177, in get_template
    template, origin = self.find_template(template_name)
                       ^^^^^^^^^^^^^^^^^^^^^^^^^^^^^^^^^
  File "C:\Users\vitya\AppData\Local\Programs\Python\Python311\Lib\site-packages\django\template\engine.py", line 159, in find_template
    template = loader.get_template(name, skip=skip)
               ^^^^^^^^^^^^^^^^^^^^^^^^^^^^^^^^^^^^
  File "C:\Users\vitya\AppData\Local\Programs\Python\Python311\Lib\site-packages\django\template\loaders\cached.py", line 57, in get_template
    template = super().get_template(template_name, skip)
               ^^^^^^^^^^^^^^^^^^^^^^^^^^^^^^^^^^^^^^^^^
  File "C:\Users\vitya\AppData\Local\Programs\Python\Python311\Lib\site-packages\django\template\loaders\base.py", line 28, in get_template
    return Template(
           ^^^^^^^^^
  File "C:\Users\vitya\AppData\Local\Programs\Python\Python311\Lib\site-packages\django\template\base.py", line 154, in __init__
    self.nodelist = self.compile_nodelist()
                    ^^^^^^^^^^^^^^^^^^^^^^^
  File "C:\Users\vitya\AppData\Local\Programs\Python\Python311\Lib\site-packages\django\template\base.py", line 196, in compile_nodelist
    return parser.parse()
           ^^^^^^^^^^^^^^
  File "C:\Users\vitya\AppData\Local\Programs\Python\Python311\Lib\site-packages\django\template\base.py", line 510, in parse
    raise self.error(token, e)
  File "C:\Users\vitya\AppData\Local\Programs\Python\Python311\Lib\site-packages\django\template\base.py", line 508, in parse
    compiled_result = compile_func(self, token)
                      ^^^^^^^^^^^^^^^^^^^^^^^^^
  File "C:\Users\vitya\AppData\Local\Programs\Python\Python311\Lib\site-packages\django\template\loader_tags.py", line 295, in do_extends
    nodelist = parser.parse()
               ^^^^^^^^^^^^^^
  File "C:\Users\vitya\AppData\Local\Programs\Python\Python311\Lib\site-packages\django\template\base.py", line 510, in parse
    raise self.error(token, e)
  File "C:\Users\vitya\AppData\Local\Programs\Python\Python311\Lib\site-packages\django\template\base.py", line 508, in parse
    compiled_result = compile_func(self, token)
                      ^^^^^^^^^^^^^^^^^^^^^^^^^
  File "C:\Users\vitya\AppData\Local\Programs\Python\Python311\Lib\site-packages\django\template\loader_tags.py", line 234, in do_block
    nodelist = parser.parse(("endblock",))
               ^^^^^^^^^^^^^^^^^^^^^^^^^^^
  File "C:\Users\vitya\AppData\Local\Programs\Python\Python311\Lib\site-packages\django\template\base.py", line 510, in parse
    raise self.error(token, e)
  File "C:\Users\vitya\AppData\Local\Programs\Python\Python311\Lib\site-packages\django\template\base.py", line 508, in parse
    compiled_result = compile_func(self, token)
                      ^^^^^^^^^^^^^^^^^^^^^^^^^
  File "C:\Users\vitya\AppData\Local\Programs\Python\Python311\Lib\site-packages\django\template\defaulttags.py", line 861, in do_for
    nodelist_loop = parser.parse(
                    ^^^^^^^^^^^^^
  File "C:\Users\vitya\AppData\Local\Programs\Python\Python311\Lib\site-packages\django\template\base.py", line 510, in parse
    raise self.error(token, e)
  File "C:\Users\vitya\AppData\Local\Programs\Python\Python311\Lib\site-packages\django\template\base.py", line 508, in parse
    compiled_result = compile_func(self, token)
                      ^^^^^^^^^^^^^^^^^^^^^^^^^
  File "C:\Users\vitya\AppData\Local\Programs\Python\Python311\Lib\site-packages\django\template\defaulttags.py", line 975, in do_if
    nodelist = parser.parse(("endif",))
               ^^^^^^^^^^^^^^^^^^^^^^^^
  File "C:\Users\vitya\AppData\Local\Programs\Python\Python311\Lib\site-packages\django\template\base.py", line 504, in parse
    self.invalid_block_tag(token, command, parse_until)
  File "C:\Users\vitya\AppData\Local\Programs\Python\Python311\Lib\site-packages\django\template\base.py", line 555, in invalid_block_tag
    raise self.error(
django.template.exceptions.TemplateSyntaxError: Invalid block tag on line 18: 'static', expected 'endif'. Did you forget to register or load this tag?
2024-05-22 19:12:32,681 ERROR Internal Server Error: /contacts/
Traceback (most recent call last):
  File "C:\Users\vitya\AppData\Local\Programs\Python\Python311\Lib\site-packages\django\template\base.py", line 502, in parse
    compile_func = self.tags[command]
                   ~~~~~~~~~^^^^^^^^^
KeyError: 'static'

During handling of the above exception, another exception occurred:

Traceback (most recent call last):
  File "C:\Users\vitya\AppData\Local\Programs\Python\Python311\Lib\site-packages\django\core\handlers\exception.py", line 55, in inner
    response = get_response(request)
               ^^^^^^^^^^^^^^^^^^^^^
  File "C:\Users\vitya\AppData\Local\Programs\Python\Python311\Lib\site-packages\django\core\handlers\base.py", line 197, in _get_response
    response = wrapped_callback(request, *callback_args, **callback_kwargs)
               ^^^^^^^^^^^^^^^^^^^^^^^^^^^^^^^^^^^^^^^^^^^^^^^^^^^^^^^^^^^^
  File "C:\Users\vitya\cinema\movies\views.py", line 103, in contacts
    return render(request, 'contacts.html', { 'staff' : staff })
           ^^^^^^^^^^^^^^^^^^^^^^^^^^^^^^^^^^^^^^^^^^^^^^^^^^^^^
  File "C:\Users\vitya\AppData\Local\Programs\Python\Python311\Lib\site-packages\django\shortcuts.py", line 25, in render
    content = loader.render_to_string(template_name, context, request, using=using)
              ^^^^^^^^^^^^^^^^^^^^^^^^^^^^^^^^^^^^^^^^^^^^^^^^^^^^^^^^^^^^^^^^^^^^^
  File "C:\Users\vitya\AppData\Local\Programs\Python\Python311\Lib\site-packages\django\template\loader.py", line 61, in render_to_string
    template = get_template(template_name, using=using)
               ^^^^^^^^^^^^^^^^^^^^^^^^^^^^^^^^^^^^^^^^
  File "C:\Users\vitya\AppData\Local\Programs\Python\Python311\Lib\site-packages\django\template\loader.py", line 15, in get_template
    return engine.get_template(template_name)
           ^^^^^^^^^^^^^^^^^^^^^^^^^^^^^^^^^^
  File "C:\Users\vitya\AppData\Local\Programs\Python\Python311\Lib\site-packages\django\template\backends\django.py", line 33, in get_template
    return Template(self.engine.get_template(template_name), self)
                    ^^^^^^^^^^^^^^^^^^^^^^^^^^^^^^^^^^^^^^^
  File "C:\Users\vitya\AppData\Local\Programs\Python\Python311\Lib\site-packages\django\template\engine.py", line 177, in get_template
    template, origin = self.find_template(template_name)
                       ^^^^^^^^^^^^^^^^^^^^^^^^^^^^^^^^^
  File "C:\Users\vitya\AppData\Local\Programs\Python\Python311\Lib\site-packages\django\template\engine.py", line 159, in find_template
    template = loader.get_template(name, skip=skip)
               ^^^^^^^^^^^^^^^^^^^^^^^^^^^^^^^^^^^^
  File "C:\Users\vitya\AppData\Local\Programs\Python\Python311\Lib\site-packages\django\template\loaders\cached.py", line 57, in get_template
    template = super().get_template(template_name, skip)
               ^^^^^^^^^^^^^^^^^^^^^^^^^^^^^^^^^^^^^^^^^
  File "C:\Users\vitya\AppData\Local\Programs\Python\Python311\Lib\site-packages\django\template\loaders\base.py", line 28, in get_template
    return Template(
           ^^^^^^^^^
  File "C:\Users\vitya\AppData\Local\Programs\Python\Python311\Lib\site-packages\django\template\base.py", line 154, in __init__
    self.nodelist = self.compile_nodelist()
                    ^^^^^^^^^^^^^^^^^^^^^^^
  File "C:\Users\vitya\AppData\Local\Programs\Python\Python311\Lib\site-packages\django\template\base.py", line 196, in compile_nodelist
    return parser.parse()
           ^^^^^^^^^^^^^^
  File "C:\Users\vitya\AppData\Local\Programs\Python\Python311\Lib\site-packages\django\template\base.py", line 510, in parse
    raise self.error(token, e)
  File "C:\Users\vitya\AppData\Local\Programs\Python\Python311\Lib\site-packages\django\template\base.py", line 508, in parse
    compiled_result = compile_func(self, token)
                      ^^^^^^^^^^^^^^^^^^^^^^^^^
  File "C:\Users\vitya\AppData\Local\Programs\Python\Python311\Lib\site-packages\django\template\loader_tags.py", line 295, in do_extends
    nodelist = parser.parse()
               ^^^^^^^^^^^^^^
  File "C:\Users\vitya\AppData\Local\Programs\Python\Python311\Lib\site-packages\django\template\base.py", line 510, in parse
    raise self.error(token, e)
  File "C:\Users\vitya\AppData\Local\Programs\Python\Python311\Lib\site-packages\django\template\base.py", line 508, in parse
    compiled_result = compile_func(self, token)
                      ^^^^^^^^^^^^^^^^^^^^^^^^^
  File "C:\Users\vitya\AppData\Local\Programs\Python\Python311\Lib\site-packages\django\template\loader_tags.py", line 234, in do_block
    nodelist = parser.parse(("endblock",))
               ^^^^^^^^^^^^^^^^^^^^^^^^^^^
  File "C:\Users\vitya\AppData\Local\Programs\Python\Python311\Lib\site-packages\django\template\base.py", line 510, in parse
    raise self.error(token, e)
  File "C:\Users\vitya\AppData\Local\Programs\Python\Python311\Lib\site-packages\django\template\base.py", line 508, in parse
    compiled_result = compile_func(self, token)
                      ^^^^^^^^^^^^^^^^^^^^^^^^^
  File "C:\Users\vitya\AppData\Local\Programs\Python\Python311\Lib\site-packages\django\template\defaulttags.py", line 861, in do_for
    nodelist_loop = parser.parse(
                    ^^^^^^^^^^^^^
  File "C:\Users\vitya\AppData\Local\Programs\Python\Python311\Lib\site-packages\django\template\base.py", line 510, in parse
    raise self.error(token, e)
  File "C:\Users\vitya\AppData\Local\Programs\Python\Python311\Lib\site-packages\django\template\base.py", line 508, in parse
    compiled_result = compile_func(self, token)
                      ^^^^^^^^^^^^^^^^^^^^^^^^^
  File "C:\Users\vitya\AppData\Local\Programs\Python\Python311\Lib\site-packages\django\template\defaulttags.py", line 975, in do_if
    nodelist = parser.parse(("endif",))
               ^^^^^^^^^^^^^^^^^^^^^^^^
  File "C:\Users\vitya\AppData\Local\Programs\Python\Python311\Lib\site-packages\django\template\base.py", line 504, in parse
    self.invalid_block_tag(token, command, parse_until)
  File "C:\Users\vitya\AppData\Local\Programs\Python\Python311\Lib\site-packages\django\template\base.py", line 555, in invalid_block_tag
    raise self.error(
django.template.exceptions.TemplateSyntaxError: Invalid block tag on line 18: 'static', expected 'endif'. Did you forget to register or load this tag?
2024-05-22 19:12:32,929 ERROR Internal Server Error: /contacts/
Traceback (most recent call last):
  File "C:\Users\vitya\AppData\Local\Programs\Python\Python311\Lib\site-packages\django\template\base.py", line 502, in parse
    compile_func = self.tags[command]
                   ~~~~~~~~~^^^^^^^^^
KeyError: 'static'

During handling of the above exception, another exception occurred:

Traceback (most recent call last):
  File "C:\Users\vitya\AppData\Local\Programs\Python\Python311\Lib\site-packages\django\core\handlers\exception.py", line 55, in inner
    response = get_response(request)
               ^^^^^^^^^^^^^^^^^^^^^
  File "C:\Users\vitya\AppData\Local\Programs\Python\Python311\Lib\site-packages\django\core\handlers\base.py", line 197, in _get_response
    response = wrapped_callback(request, *callback_args, **callback_kwargs)
               ^^^^^^^^^^^^^^^^^^^^^^^^^^^^^^^^^^^^^^^^^^^^^^^^^^^^^^^^^^^^
  File "C:\Users\vitya\cinema\movies\views.py", line 103, in contacts
    return render(request, 'contacts.html', { 'staff' : staff })
           ^^^^^^^^^^^^^^^^^^^^^^^^^^^^^^^^^^^^^^^^^^^^^^^^^^^^^
  File "C:\Users\vitya\AppData\Local\Programs\Python\Python311\Lib\site-packages\django\shortcuts.py", line 25, in render
    content = loader.render_to_string(template_name, context, request, using=using)
              ^^^^^^^^^^^^^^^^^^^^^^^^^^^^^^^^^^^^^^^^^^^^^^^^^^^^^^^^^^^^^^^^^^^^^
  File "C:\Users\vitya\AppData\Local\Programs\Python\Python311\Lib\site-packages\django\template\loader.py", line 61, in render_to_string
    template = get_template(template_name, using=using)
               ^^^^^^^^^^^^^^^^^^^^^^^^^^^^^^^^^^^^^^^^
  File "C:\Users\vitya\AppData\Local\Programs\Python\Python311\Lib\site-packages\django\template\loader.py", line 15, in get_template
    return engine.get_template(template_name)
           ^^^^^^^^^^^^^^^^^^^^^^^^^^^^^^^^^^
  File "C:\Users\vitya\AppData\Local\Programs\Python\Python311\Lib\site-packages\django\template\backends\django.py", line 33, in get_template
    return Template(self.engine.get_template(template_name), self)
                    ^^^^^^^^^^^^^^^^^^^^^^^^^^^^^^^^^^^^^^^
  File "C:\Users\vitya\AppData\Local\Programs\Python\Python311\Lib\site-packages\django\template\engine.py", line 177, in get_template
    template, origin = self.find_template(template_name)
                       ^^^^^^^^^^^^^^^^^^^^^^^^^^^^^^^^^
  File "C:\Users\vitya\AppData\Local\Programs\Python\Python311\Lib\site-packages\django\template\engine.py", line 159, in find_template
    template = loader.get_template(name, skip=skip)
               ^^^^^^^^^^^^^^^^^^^^^^^^^^^^^^^^^^^^
  File "C:\Users\vitya\AppData\Local\Programs\Python\Python311\Lib\site-packages\django\template\loaders\cached.py", line 57, in get_template
    template = super().get_template(template_name, skip)
               ^^^^^^^^^^^^^^^^^^^^^^^^^^^^^^^^^^^^^^^^^
  File "C:\Users\vitya\AppData\Local\Programs\Python\Python311\Lib\site-packages\django\template\loaders\base.py", line 28, in get_template
    return Template(
           ^^^^^^^^^
  File "C:\Users\vitya\AppData\Local\Programs\Python\Python311\Lib\site-packages\django\template\base.py", line 154, in __init__
    self.nodelist = self.compile_nodelist()
                    ^^^^^^^^^^^^^^^^^^^^^^^
  File "C:\Users\vitya\AppData\Local\Programs\Python\Python311\Lib\site-packages\django\template\base.py", line 196, in compile_nodelist
    return parser.parse()
           ^^^^^^^^^^^^^^
  File "C:\Users\vitya\AppData\Local\Programs\Python\Python311\Lib\site-packages\django\template\base.py", line 510, in parse
    raise self.error(token, e)
  File "C:\Users\vitya\AppData\Local\Programs\Python\Python311\Lib\site-packages\django\template\base.py", line 508, in parse
    compiled_result = compile_func(self, token)
                      ^^^^^^^^^^^^^^^^^^^^^^^^^
  File "C:\Users\vitya\AppData\Local\Programs\Python\Python311\Lib\site-packages\django\template\loader_tags.py", line 295, in do_extends
    nodelist = parser.parse()
               ^^^^^^^^^^^^^^
  File "C:\Users\vitya\AppData\Local\Programs\Python\Python311\Lib\site-packages\django\template\base.py", line 510, in parse
    raise self.error(token, e)
  File "C:\Users\vitya\AppData\Local\Programs\Python\Python311\Lib\site-packages\django\template\base.py", line 508, in parse
    compiled_result = compile_func(self, token)
                      ^^^^^^^^^^^^^^^^^^^^^^^^^
  File "C:\Users\vitya\AppData\Local\Programs\Python\Python311\Lib\site-packages\django\template\loader_tags.py", line 234, in do_block
    nodelist = parser.parse(("endblock",))
               ^^^^^^^^^^^^^^^^^^^^^^^^^^^
  File "C:\Users\vitya\AppData\Local\Programs\Python\Python311\Lib\site-packages\django\template\base.py", line 510, in parse
    raise self.error(token, e)
  File "C:\Users\vitya\AppData\Local\Programs\Python\Python311\Lib\site-packages\django\template\base.py", line 508, in parse
    compiled_result = compile_func(self, token)
                      ^^^^^^^^^^^^^^^^^^^^^^^^^
  File "C:\Users\vitya\AppData\Local\Programs\Python\Python311\Lib\site-packages\django\template\defaulttags.py", line 861, in do_for
    nodelist_loop = parser.parse(
                    ^^^^^^^^^^^^^
  File "C:\Users\vitya\AppData\Local\Programs\Python\Python311\Lib\site-packages\django\template\base.py", line 510, in parse
    raise self.error(token, e)
  File "C:\Users\vitya\AppData\Local\Programs\Python\Python311\Lib\site-packages\django\template\base.py", line 508, in parse
    compiled_result = compile_func(self, token)
                      ^^^^^^^^^^^^^^^^^^^^^^^^^
  File "C:\Users\vitya\AppData\Local\Programs\Python\Python311\Lib\site-packages\django\template\defaulttags.py", line 975, in do_if
    nodelist = parser.parse(("endif",))
               ^^^^^^^^^^^^^^^^^^^^^^^^
  File "C:\Users\vitya\AppData\Local\Programs\Python\Python311\Lib\site-packages\django\template\base.py", line 504, in parse
    self.invalid_block_tag(token, command, parse_until)
  File "C:\Users\vitya\AppData\Local\Programs\Python\Python311\Lib\site-packages\django\template\base.py", line 555, in invalid_block_tag
    raise self.error(
django.template.exceptions.TemplateSyntaxError: Invalid block tag on line 18: 'static', expected 'endif'. Did you forget to register or load this tag?
2024-05-22 19:12:33,193 ERROR Internal Server Error: /contacts/
Traceback (most recent call last):
  File "C:\Users\vitya\AppData\Local\Programs\Python\Python311\Lib\site-packages\django\template\base.py", line 502, in parse
    compile_func = self.tags[command]
                   ~~~~~~~~~^^^^^^^^^
KeyError: 'static'

During handling of the above exception, another exception occurred:

Traceback (most recent call last):
  File "C:\Users\vitya\AppData\Local\Programs\Python\Python311\Lib\site-packages\django\core\handlers\exception.py", line 55, in inner
    response = get_response(request)
               ^^^^^^^^^^^^^^^^^^^^^
  File "C:\Users\vitya\AppData\Local\Programs\Python\Python311\Lib\site-packages\django\core\handlers\base.py", line 197, in _get_response
    response = wrapped_callback(request, *callback_args, **callback_kwargs)
               ^^^^^^^^^^^^^^^^^^^^^^^^^^^^^^^^^^^^^^^^^^^^^^^^^^^^^^^^^^^^
  File "C:\Users\vitya\cinema\movies\views.py", line 103, in contacts
    return render(request, 'contacts.html', { 'staff' : staff })
           ^^^^^^^^^^^^^^^^^^^^^^^^^^^^^^^^^^^^^^^^^^^^^^^^^^^^^
  File "C:\Users\vitya\AppData\Local\Programs\Python\Python311\Lib\site-packages\django\shortcuts.py", line 25, in render
    content = loader.render_to_string(template_name, context, request, using=using)
              ^^^^^^^^^^^^^^^^^^^^^^^^^^^^^^^^^^^^^^^^^^^^^^^^^^^^^^^^^^^^^^^^^^^^^
  File "C:\Users\vitya\AppData\Local\Programs\Python\Python311\Lib\site-packages\django\template\loader.py", line 61, in render_to_string
    template = get_template(template_name, using=using)
               ^^^^^^^^^^^^^^^^^^^^^^^^^^^^^^^^^^^^^^^^
  File "C:\Users\vitya\AppData\Local\Programs\Python\Python311\Lib\site-packages\django\template\loader.py", line 15, in get_template
    return engine.get_template(template_name)
           ^^^^^^^^^^^^^^^^^^^^^^^^^^^^^^^^^^
  File "C:\Users\vitya\AppData\Local\Programs\Python\Python311\Lib\site-packages\django\template\backends\django.py", line 33, in get_template
    return Template(self.engine.get_template(template_name), self)
                    ^^^^^^^^^^^^^^^^^^^^^^^^^^^^^^^^^^^^^^^
  File "C:\Users\vitya\AppData\Local\Programs\Python\Python311\Lib\site-packages\django\template\engine.py", line 177, in get_template
    template, origin = self.find_template(template_name)
                       ^^^^^^^^^^^^^^^^^^^^^^^^^^^^^^^^^
  File "C:\Users\vitya\AppData\Local\Programs\Python\Python311\Lib\site-packages\django\template\engine.py", line 159, in find_template
    template = loader.get_template(name, skip=skip)
               ^^^^^^^^^^^^^^^^^^^^^^^^^^^^^^^^^^^^
  File "C:\Users\vitya\AppData\Local\Programs\Python\Python311\Lib\site-packages\django\template\loaders\cached.py", line 57, in get_template
    template = super().get_template(template_name, skip)
               ^^^^^^^^^^^^^^^^^^^^^^^^^^^^^^^^^^^^^^^^^
  File "C:\Users\vitya\AppData\Local\Programs\Python\Python311\Lib\site-packages\django\template\loaders\base.py", line 28, in get_template
    return Template(
           ^^^^^^^^^
  File "C:\Users\vitya\AppData\Local\Programs\Python\Python311\Lib\site-packages\django\template\base.py", line 154, in __init__
    self.nodelist = self.compile_nodelist()
                    ^^^^^^^^^^^^^^^^^^^^^^^
  File "C:\Users\vitya\AppData\Local\Programs\Python\Python311\Lib\site-packages\django\template\base.py", line 196, in compile_nodelist
    return parser.parse()
           ^^^^^^^^^^^^^^
  File "C:\Users\vitya\AppData\Local\Programs\Python\Python311\Lib\site-packages\django\template\base.py", line 510, in parse
    raise self.error(token, e)
  File "C:\Users\vitya\AppData\Local\Programs\Python\Python311\Lib\site-packages\django\template\base.py", line 508, in parse
    compiled_result = compile_func(self, token)
                      ^^^^^^^^^^^^^^^^^^^^^^^^^
  File "C:\Users\vitya\AppData\Local\Programs\Python\Python311\Lib\site-packages\django\template\loader_tags.py", line 295, in do_extends
    nodelist = parser.parse()
               ^^^^^^^^^^^^^^
  File "C:\Users\vitya\AppData\Local\Programs\Python\Python311\Lib\site-packages\django\template\base.py", line 510, in parse
    raise self.error(token, e)
  File "C:\Users\vitya\AppData\Local\Programs\Python\Python311\Lib\site-packages\django\template\base.py", line 508, in parse
    compiled_result = compile_func(self, token)
                      ^^^^^^^^^^^^^^^^^^^^^^^^^
  File "C:\Users\vitya\AppData\Local\Programs\Python\Python311\Lib\site-packages\django\template\loader_tags.py", line 234, in do_block
    nodelist = parser.parse(("endblock",))
               ^^^^^^^^^^^^^^^^^^^^^^^^^^^
  File "C:\Users\vitya\AppData\Local\Programs\Python\Python311\Lib\site-packages\django\template\base.py", line 510, in parse
    raise self.error(token, e)
  File "C:\Users\vitya\AppData\Local\Programs\Python\Python311\Lib\site-packages\django\template\base.py", line 508, in parse
    compiled_result = compile_func(self, token)
                      ^^^^^^^^^^^^^^^^^^^^^^^^^
  File "C:\Users\vitya\AppData\Local\Programs\Python\Python311\Lib\site-packages\django\template\defaulttags.py", line 861, in do_for
    nodelist_loop = parser.parse(
                    ^^^^^^^^^^^^^
  File "C:\Users\vitya\AppData\Local\Programs\Python\Python311\Lib\site-packages\django\template\base.py", line 510, in parse
    raise self.error(token, e)
  File "C:\Users\vitya\AppData\Local\Programs\Python\Python311\Lib\site-packages\django\template\base.py", line 508, in parse
    compiled_result = compile_func(self, token)
                      ^^^^^^^^^^^^^^^^^^^^^^^^^
  File "C:\Users\vitya\AppData\Local\Programs\Python\Python311\Lib\site-packages\django\template\defaulttags.py", line 975, in do_if
    nodelist = parser.parse(("endif",))
               ^^^^^^^^^^^^^^^^^^^^^^^^
  File "C:\Users\vitya\AppData\Local\Programs\Python\Python311\Lib\site-packages\django\template\base.py", line 504, in parse
    self.invalid_block_tag(token, command, parse_until)
  File "C:\Users\vitya\AppData\Local\Programs\Python\Python311\Lib\site-packages\django\template\base.py", line 555, in invalid_block_tag
    raise self.error(
django.template.exceptions.TemplateSyntaxError: Invalid block tag on line 18: 'static', expected 'endif'. Did you forget to register or load this tag?
2024-05-22 19:12:37,024 ERROR Internal Server Error: /contacts/
Traceback (most recent call last):
  File "C:\Users\vitya\AppData\Local\Programs\Python\Python311\Lib\site-packages\django\template\base.py", line 502, in parse
    compile_func = self.tags[command]
                   ~~~~~~~~~^^^^^^^^^
KeyError: 'static'

During handling of the above exception, another exception occurred:

Traceback (most recent call last):
  File "C:\Users\vitya\AppData\Local\Programs\Python\Python311\Lib\site-packages\django\core\handlers\exception.py", line 55, in inner
    response = get_response(request)
               ^^^^^^^^^^^^^^^^^^^^^
  File "C:\Users\vitya\AppData\Local\Programs\Python\Python311\Lib\site-packages\django\core\handlers\base.py", line 197, in _get_response
    response = wrapped_callback(request, *callback_args, **callback_kwargs)
               ^^^^^^^^^^^^^^^^^^^^^^^^^^^^^^^^^^^^^^^^^^^^^^^^^^^^^^^^^^^^
  File "C:\Users\vitya\cinema\movies\views.py", line 103, in contacts
    return render(request, 'contacts.html', { 'staff' : staff })
           ^^^^^^^^^^^^^^^^^^^^^^^^^^^^^^^^^^^^^^^^^^^^^^^^^^^^^
  File "C:\Users\vitya\AppData\Local\Programs\Python\Python311\Lib\site-packages\django\shortcuts.py", line 25, in render
    content = loader.render_to_string(template_name, context, request, using=using)
              ^^^^^^^^^^^^^^^^^^^^^^^^^^^^^^^^^^^^^^^^^^^^^^^^^^^^^^^^^^^^^^^^^^^^^
  File "C:\Users\vitya\AppData\Local\Programs\Python\Python311\Lib\site-packages\django\template\loader.py", line 61, in render_to_string
    template = get_template(template_name, using=using)
               ^^^^^^^^^^^^^^^^^^^^^^^^^^^^^^^^^^^^^^^^
  File "C:\Users\vitya\AppData\Local\Programs\Python\Python311\Lib\site-packages\django\template\loader.py", line 15, in get_template
    return engine.get_template(template_name)
           ^^^^^^^^^^^^^^^^^^^^^^^^^^^^^^^^^^
  File "C:\Users\vitya\AppData\Local\Programs\Python\Python311\Lib\site-packages\django\template\backends\django.py", line 33, in get_template
    return Template(self.engine.get_template(template_name), self)
                    ^^^^^^^^^^^^^^^^^^^^^^^^^^^^^^^^^^^^^^^
  File "C:\Users\vitya\AppData\Local\Programs\Python\Python311\Lib\site-packages\django\template\engine.py", line 177, in get_template
    template, origin = self.find_template(template_name)
                       ^^^^^^^^^^^^^^^^^^^^^^^^^^^^^^^^^
  File "C:\Users\vitya\AppData\Local\Programs\Python\Python311\Lib\site-packages\django\template\engine.py", line 159, in find_template
    template = loader.get_template(name, skip=skip)
               ^^^^^^^^^^^^^^^^^^^^^^^^^^^^^^^^^^^^
  File "C:\Users\vitya\AppData\Local\Programs\Python\Python311\Lib\site-packages\django\template\loaders\cached.py", line 57, in get_template
    template = super().get_template(template_name, skip)
               ^^^^^^^^^^^^^^^^^^^^^^^^^^^^^^^^^^^^^^^^^
  File "C:\Users\vitya\AppData\Local\Programs\Python\Python311\Lib\site-packages\django\template\loaders\base.py", line 28, in get_template
    return Template(
           ^^^^^^^^^
  File "C:\Users\vitya\AppData\Local\Programs\Python\Python311\Lib\site-packages\django\template\base.py", line 154, in __init__
    self.nodelist = self.compile_nodelist()
                    ^^^^^^^^^^^^^^^^^^^^^^^
  File "C:\Users\vitya\AppData\Local\Programs\Python\Python311\Lib\site-packages\django\template\base.py", line 196, in compile_nodelist
    return parser.parse()
           ^^^^^^^^^^^^^^
  File "C:\Users\vitya\AppData\Local\Programs\Python\Python311\Lib\site-packages\django\template\base.py", line 510, in parse
    raise self.error(token, e)
  File "C:\Users\vitya\AppData\Local\Programs\Python\Python311\Lib\site-packages\django\template\base.py", line 508, in parse
    compiled_result = compile_func(self, token)
                      ^^^^^^^^^^^^^^^^^^^^^^^^^
  File "C:\Users\vitya\AppData\Local\Programs\Python\Python311\Lib\site-packages\django\template\loader_tags.py", line 295, in do_extends
    nodelist = parser.parse()
               ^^^^^^^^^^^^^^
  File "C:\Users\vitya\AppData\Local\Programs\Python\Python311\Lib\site-packages\django\template\base.py", line 510, in parse
    raise self.error(token, e)
  File "C:\Users\vitya\AppData\Local\Programs\Python\Python311\Lib\site-packages\django\template\base.py", line 508, in parse
    compiled_result = compile_func(self, token)
                      ^^^^^^^^^^^^^^^^^^^^^^^^^
  File "C:\Users\vitya\AppData\Local\Programs\Python\Python311\Lib\site-packages\django\template\loader_tags.py", line 234, in do_block
    nodelist = parser.parse(("endblock",))
               ^^^^^^^^^^^^^^^^^^^^^^^^^^^
  File "C:\Users\vitya\AppData\Local\Programs\Python\Python311\Lib\site-packages\django\template\base.py", line 510, in parse
    raise self.error(token, e)
  File "C:\Users\vitya\AppData\Local\Programs\Python\Python311\Lib\site-packages\django\template\base.py", line 508, in parse
    compiled_result = compile_func(self, token)
                      ^^^^^^^^^^^^^^^^^^^^^^^^^
  File "C:\Users\vitya\AppData\Local\Programs\Python\Python311\Lib\site-packages\django\template\defaulttags.py", line 861, in do_for
    nodelist_loop = parser.parse(
                    ^^^^^^^^^^^^^
  File "C:\Users\vitya\AppData\Local\Programs\Python\Python311\Lib\site-packages\django\template\base.py", line 510, in parse
    raise self.error(token, e)
  File "C:\Users\vitya\AppData\Local\Programs\Python\Python311\Lib\site-packages\django\template\base.py", line 508, in parse
    compiled_result = compile_func(self, token)
                      ^^^^^^^^^^^^^^^^^^^^^^^^^
  File "C:\Users\vitya\AppData\Local\Programs\Python\Python311\Lib\site-packages\django\template\defaulttags.py", line 975, in do_if
    nodelist = parser.parse(("endif",))
               ^^^^^^^^^^^^^^^^^^^^^^^^
  File "C:\Users\vitya\AppData\Local\Programs\Python\Python311\Lib\site-packages\django\template\base.py", line 504, in parse
    self.invalid_block_tag(token, command, parse_until)
  File "C:\Users\vitya\AppData\Local\Programs\Python\Python311\Lib\site-packages\django\template\base.py", line 555, in invalid_block_tag
    raise self.error(
django.template.exceptions.TemplateSyntaxError: Invalid block tag on line 18: 'static', expected 'endif'. Did you forget to register or load this tag?
2024-05-22 19:15:41,234 INFO C:\Users\vitya\cinema\cinema\settings.py changed, reloading.
2024-05-22 19:15:46,935 INFO C:\Users\vitya\cinema\cinema\settings.py changed, reloading.
2024-05-22 19:15:48,372 WARNING Not Found: /static/default_employee_photo.png
2024-05-22 19:15:49,385 WARNING Not Found: /static/default_employee_photo.png
2024-05-22 19:15:49,713 WARNING Not Found: /static/default_employee_photo.png
2024-05-22 19:15:52,395 INFO C:\Users\vitya\cinema\cinema\settings.py changed, reloading.
2024-05-22 19:15:55,903 INFO C:\Users\vitya\cinema\cinema\settings.py changed, reloading.
2024-05-22 19:15:57,073 WARNING Not Found: /contacts/static/default_employee_photo.png
2024-05-22 19:15:57,590 WARNING Not Found: /contacts/static/default_employee_photo.png
2024-05-22 19:15:57,883 WARNING Not Found: /contacts/static/default_employee_photo.png
2024-05-22 19:15:58,015 WARNING Not Found: /contacts/static/default_employee_photo.png
2024-05-22 19:15:58,161 WARNING Not Found: /contacts/static/default_employee_photo.png
2024-05-22 19:16:01,377 INFO C:\Users\vitya\cinema\cinema\settings.py changed, reloading.
2024-05-22 19:16:46,954 INFO C:\Users\vitya\cinema\cinema\settings.py changed, reloading.
2024-05-22 19:16:53,465 INFO C:\Users\vitya\cinema\cinema\settings.py changed, reloading.
2024-05-22 19:32:31,290 INFO News successful got
2024-05-22 19:32:32,478 INFO News successful got
2024-05-22 19:37:03,364 ERROR Internal Server Error: /contacts/
Traceback (most recent call last):
  File "C:\Users\vitya\AppData\Local\Programs\Python\Python311\Lib\site-packages\django\template\base.py", line 502, in parse
    compile_func = self.tags[command]
                   ~~~~~~~~~^^^^^^^^^
KeyError: 'endif'

During handling of the above exception, another exception occurred:

Traceback (most recent call last):
  File "C:\Users\vitya\AppData\Local\Programs\Python\Python311\Lib\site-packages\django\core\handlers\exception.py", line 55, in inner
    response = get_response(request)
               ^^^^^^^^^^^^^^^^^^^^^
  File "C:\Users\vitya\AppData\Local\Programs\Python\Python311\Lib\site-packages\django\core\handlers\base.py", line 197, in _get_response
    response = wrapped_callback(request, *callback_args, **callback_kwargs)
               ^^^^^^^^^^^^^^^^^^^^^^^^^^^^^^^^^^^^^^^^^^^^^^^^^^^^^^^^^^^^
  File "C:\Users\vitya\cinema\movies\views.py", line 103, in contacts
    return render(request, 'contacts.html', { 'staff' : staff })
           ^^^^^^^^^^^^^^^^^^^^^^^^^^^^^^^^^^^^^^^^^^^^^^^^^^^^^
  File "C:\Users\vitya\AppData\Local\Programs\Python\Python311\Lib\site-packages\django\shortcuts.py", line 25, in render
    content = loader.render_to_string(template_name, context, request, using=using)
              ^^^^^^^^^^^^^^^^^^^^^^^^^^^^^^^^^^^^^^^^^^^^^^^^^^^^^^^^^^^^^^^^^^^^^
  File "C:\Users\vitya\AppData\Local\Programs\Python\Python311\Lib\site-packages\django\template\loader.py", line 61, in render_to_string
    template = get_template(template_name, using=using)
               ^^^^^^^^^^^^^^^^^^^^^^^^^^^^^^^^^^^^^^^^
  File "C:\Users\vitya\AppData\Local\Programs\Python\Python311\Lib\site-packages\django\template\loader.py", line 15, in get_template
    return engine.get_template(template_name)
           ^^^^^^^^^^^^^^^^^^^^^^^^^^^^^^^^^^
  File "C:\Users\vitya\AppData\Local\Programs\Python\Python311\Lib\site-packages\django\template\backends\django.py", line 33, in get_template
    return Template(self.engine.get_template(template_name), self)
                    ^^^^^^^^^^^^^^^^^^^^^^^^^^^^^^^^^^^^^^^
  File "C:\Users\vitya\AppData\Local\Programs\Python\Python311\Lib\site-packages\django\template\engine.py", line 177, in get_template
    template, origin = self.find_template(template_name)
                       ^^^^^^^^^^^^^^^^^^^^^^^^^^^^^^^^^
  File "C:\Users\vitya\AppData\Local\Programs\Python\Python311\Lib\site-packages\django\template\engine.py", line 159, in find_template
    template = loader.get_template(name, skip=skip)
               ^^^^^^^^^^^^^^^^^^^^^^^^^^^^^^^^^^^^
  File "C:\Users\vitya\AppData\Local\Programs\Python\Python311\Lib\site-packages\django\template\loaders\cached.py", line 57, in get_template
    template = super().get_template(template_name, skip)
               ^^^^^^^^^^^^^^^^^^^^^^^^^^^^^^^^^^^^^^^^^
  File "C:\Users\vitya\AppData\Local\Programs\Python\Python311\Lib\site-packages\django\template\loaders\base.py", line 28, in get_template
    return Template(
           ^^^^^^^^^
  File "C:\Users\vitya\AppData\Local\Programs\Python\Python311\Lib\site-packages\django\template\base.py", line 154, in __init__
    self.nodelist = self.compile_nodelist()
                    ^^^^^^^^^^^^^^^^^^^^^^^
  File "C:\Users\vitya\AppData\Local\Programs\Python\Python311\Lib\site-packages\django\template\base.py", line 196, in compile_nodelist
    return parser.parse()
           ^^^^^^^^^^^^^^
  File "C:\Users\vitya\AppData\Local\Programs\Python\Python311\Lib\site-packages\django\template\base.py", line 510, in parse
    raise self.error(token, e)
  File "C:\Users\vitya\AppData\Local\Programs\Python\Python311\Lib\site-packages\django\template\base.py", line 508, in parse
    compiled_result = compile_func(self, token)
                      ^^^^^^^^^^^^^^^^^^^^^^^^^
  File "C:\Users\vitya\AppData\Local\Programs\Python\Python311\Lib\site-packages\django\template\loader_tags.py", line 295, in do_extends
    nodelist = parser.parse()
               ^^^^^^^^^^^^^^
  File "C:\Users\vitya\AppData\Local\Programs\Python\Python311\Lib\site-packages\django\template\base.py", line 510, in parse
    raise self.error(token, e)
  File "C:\Users\vitya\AppData\Local\Programs\Python\Python311\Lib\site-packages\django\template\base.py", line 508, in parse
    compiled_result = compile_func(self, token)
                      ^^^^^^^^^^^^^^^^^^^^^^^^^
  File "C:\Users\vitya\AppData\Local\Programs\Python\Python311\Lib\site-packages\django\template\loader_tags.py", line 234, in do_block
    nodelist = parser.parse(("endblock",))
               ^^^^^^^^^^^^^^^^^^^^^^^^^^^
  File "C:\Users\vitya\AppData\Local\Programs\Python\Python311\Lib\site-packages\django\template\base.py", line 504, in parse
    self.invalid_block_tag(token, command, parse_until)
  File "C:\Users\vitya\AppData\Local\Programs\Python\Python311\Lib\site-packages\django\template\base.py", line 555, in invalid_block_tag
    raise self.error(
django.template.exceptions.TemplateSyntaxError: Invalid block tag on line 6: 'endif', expected 'endblock'. Did you forget to register or load this tag?
2024-05-22 19:37:05,020 ERROR Internal Server Error: /contacts/
Traceback (most recent call last):
  File "C:\Users\vitya\AppData\Local\Programs\Python\Python311\Lib\site-packages\django\template\base.py", line 502, in parse
    compile_func = self.tags[command]
                   ~~~~~~~~~^^^^^^^^^
KeyError: 'endif'

During handling of the above exception, another exception occurred:

Traceback (most recent call last):
  File "C:\Users\vitya\AppData\Local\Programs\Python\Python311\Lib\site-packages\django\core\handlers\exception.py", line 55, in inner
    response = get_response(request)
               ^^^^^^^^^^^^^^^^^^^^^
  File "C:\Users\vitya\AppData\Local\Programs\Python\Python311\Lib\site-packages\django\core\handlers\base.py", line 197, in _get_response
    response = wrapped_callback(request, *callback_args, **callback_kwargs)
               ^^^^^^^^^^^^^^^^^^^^^^^^^^^^^^^^^^^^^^^^^^^^^^^^^^^^^^^^^^^^
  File "C:\Users\vitya\cinema\movies\views.py", line 103, in contacts
    return render(request, 'contacts.html', { 'staff' : staff })
           ^^^^^^^^^^^^^^^^^^^^^^^^^^^^^^^^^^^^^^^^^^^^^^^^^^^^^
  File "C:\Users\vitya\AppData\Local\Programs\Python\Python311\Lib\site-packages\django\shortcuts.py", line 25, in render
    content = loader.render_to_string(template_name, context, request, using=using)
              ^^^^^^^^^^^^^^^^^^^^^^^^^^^^^^^^^^^^^^^^^^^^^^^^^^^^^^^^^^^^^^^^^^^^^
  File "C:\Users\vitya\AppData\Local\Programs\Python\Python311\Lib\site-packages\django\template\loader.py", line 61, in render_to_string
    template = get_template(template_name, using=using)
               ^^^^^^^^^^^^^^^^^^^^^^^^^^^^^^^^^^^^^^^^
  File "C:\Users\vitya\AppData\Local\Programs\Python\Python311\Lib\site-packages\django\template\loader.py", line 15, in get_template
    return engine.get_template(template_name)
           ^^^^^^^^^^^^^^^^^^^^^^^^^^^^^^^^^^
  File "C:\Users\vitya\AppData\Local\Programs\Python\Python311\Lib\site-packages\django\template\backends\django.py", line 33, in get_template
    return Template(self.engine.get_template(template_name), self)
                    ^^^^^^^^^^^^^^^^^^^^^^^^^^^^^^^^^^^^^^^
  File "C:\Users\vitya\AppData\Local\Programs\Python\Python311\Lib\site-packages\django\template\engine.py", line 177, in get_template
    template, origin = self.find_template(template_name)
                       ^^^^^^^^^^^^^^^^^^^^^^^^^^^^^^^^^
  File "C:\Users\vitya\AppData\Local\Programs\Python\Python311\Lib\site-packages\django\template\engine.py", line 159, in find_template
    template = loader.get_template(name, skip=skip)
               ^^^^^^^^^^^^^^^^^^^^^^^^^^^^^^^^^^^^
  File "C:\Users\vitya\AppData\Local\Programs\Python\Python311\Lib\site-packages\django\template\loaders\cached.py", line 57, in get_template
    template = super().get_template(template_name, skip)
               ^^^^^^^^^^^^^^^^^^^^^^^^^^^^^^^^^^^^^^^^^
  File "C:\Users\vitya\AppData\Local\Programs\Python\Python311\Lib\site-packages\django\template\loaders\base.py", line 28, in get_template
    return Template(
           ^^^^^^^^^
  File "C:\Users\vitya\AppData\Local\Programs\Python\Python311\Lib\site-packages\django\template\base.py", line 154, in __init__
    self.nodelist = self.compile_nodelist()
                    ^^^^^^^^^^^^^^^^^^^^^^^
  File "C:\Users\vitya\AppData\Local\Programs\Python\Python311\Lib\site-packages\django\template\base.py", line 196, in compile_nodelist
    return parser.parse()
           ^^^^^^^^^^^^^^
  File "C:\Users\vitya\AppData\Local\Programs\Python\Python311\Lib\site-packages\django\template\base.py", line 510, in parse
    raise self.error(token, e)
  File "C:\Users\vitya\AppData\Local\Programs\Python\Python311\Lib\site-packages\django\template\base.py", line 508, in parse
    compiled_result = compile_func(self, token)
                      ^^^^^^^^^^^^^^^^^^^^^^^^^
  File "C:\Users\vitya\AppData\Local\Programs\Python\Python311\Lib\site-packages\django\template\loader_tags.py", line 295, in do_extends
    nodelist = parser.parse()
               ^^^^^^^^^^^^^^
  File "C:\Users\vitya\AppData\Local\Programs\Python\Python311\Lib\site-packages\django\template\base.py", line 510, in parse
    raise self.error(token, e)
  File "C:\Users\vitya\AppData\Local\Programs\Python\Python311\Lib\site-packages\django\template\base.py", line 508, in parse
    compiled_result = compile_func(self, token)
                      ^^^^^^^^^^^^^^^^^^^^^^^^^
  File "C:\Users\vitya\AppData\Local\Programs\Python\Python311\Lib\site-packages\django\template\loader_tags.py", line 234, in do_block
    nodelist = parser.parse(("endblock",))
               ^^^^^^^^^^^^^^^^^^^^^^^^^^^
  File "C:\Users\vitya\AppData\Local\Programs\Python\Python311\Lib\site-packages\django\template\base.py", line 504, in parse
    self.invalid_block_tag(token, command, parse_until)
  File "C:\Users\vitya\AppData\Local\Programs\Python\Python311\Lib\site-packages\django\template\base.py", line 555, in invalid_block_tag
    raise self.error(
django.template.exceptions.TemplateSyntaxError: Invalid block tag on line 6: 'endif', expected 'endblock'. Did you forget to register or load this tag?
2024-05-22 19:37:05,353 ERROR Internal Server Error: /contacts/
Traceback (most recent call last):
  File "C:\Users\vitya\AppData\Local\Programs\Python\Python311\Lib\site-packages\django\template\base.py", line 502, in parse
    compile_func = self.tags[command]
                   ~~~~~~~~~^^^^^^^^^
KeyError: 'endif'

During handling of the above exception, another exception occurred:

Traceback (most recent call last):
  File "C:\Users\vitya\AppData\Local\Programs\Python\Python311\Lib\site-packages\django\core\handlers\exception.py", line 55, in inner
    response = get_response(request)
               ^^^^^^^^^^^^^^^^^^^^^
  File "C:\Users\vitya\AppData\Local\Programs\Python\Python311\Lib\site-packages\django\core\handlers\base.py", line 197, in _get_response
    response = wrapped_callback(request, *callback_args, **callback_kwargs)
               ^^^^^^^^^^^^^^^^^^^^^^^^^^^^^^^^^^^^^^^^^^^^^^^^^^^^^^^^^^^^
  File "C:\Users\vitya\cinema\movies\views.py", line 103, in contacts
    return render(request, 'contacts.html', { 'staff' : staff })
           ^^^^^^^^^^^^^^^^^^^^^^^^^^^^^^^^^^^^^^^^^^^^^^^^^^^^^
  File "C:\Users\vitya\AppData\Local\Programs\Python\Python311\Lib\site-packages\django\shortcuts.py", line 25, in render
    content = loader.render_to_string(template_name, context, request, using=using)
              ^^^^^^^^^^^^^^^^^^^^^^^^^^^^^^^^^^^^^^^^^^^^^^^^^^^^^^^^^^^^^^^^^^^^^
  File "C:\Users\vitya\AppData\Local\Programs\Python\Python311\Lib\site-packages\django\template\loader.py", line 61, in render_to_string
    template = get_template(template_name, using=using)
               ^^^^^^^^^^^^^^^^^^^^^^^^^^^^^^^^^^^^^^^^
  File "C:\Users\vitya\AppData\Local\Programs\Python\Python311\Lib\site-packages\django\template\loader.py", line 15, in get_template
    return engine.get_template(template_name)
           ^^^^^^^^^^^^^^^^^^^^^^^^^^^^^^^^^^
  File "C:\Users\vitya\AppData\Local\Programs\Python\Python311\Lib\site-packages\django\template\backends\django.py", line 33, in get_template
    return Template(self.engine.get_template(template_name), self)
                    ^^^^^^^^^^^^^^^^^^^^^^^^^^^^^^^^^^^^^^^
  File "C:\Users\vitya\AppData\Local\Programs\Python\Python311\Lib\site-packages\django\template\engine.py", line 177, in get_template
    template, origin = self.find_template(template_name)
                       ^^^^^^^^^^^^^^^^^^^^^^^^^^^^^^^^^
  File "C:\Users\vitya\AppData\Local\Programs\Python\Python311\Lib\site-packages\django\template\engine.py", line 159, in find_template
    template = loader.get_template(name, skip=skip)
               ^^^^^^^^^^^^^^^^^^^^^^^^^^^^^^^^^^^^
  File "C:\Users\vitya\AppData\Local\Programs\Python\Python311\Lib\site-packages\django\template\loaders\cached.py", line 57, in get_template
    template = super().get_template(template_name, skip)
               ^^^^^^^^^^^^^^^^^^^^^^^^^^^^^^^^^^^^^^^^^
  File "C:\Users\vitya\AppData\Local\Programs\Python\Python311\Lib\site-packages\django\template\loaders\base.py", line 28, in get_template
    return Template(
           ^^^^^^^^^
  File "C:\Users\vitya\AppData\Local\Programs\Python\Python311\Lib\site-packages\django\template\base.py", line 154, in __init__
    self.nodelist = self.compile_nodelist()
                    ^^^^^^^^^^^^^^^^^^^^^^^
  File "C:\Users\vitya\AppData\Local\Programs\Python\Python311\Lib\site-packages\django\template\base.py", line 196, in compile_nodelist
    return parser.parse()
           ^^^^^^^^^^^^^^
  File "C:\Users\vitya\AppData\Local\Programs\Python\Python311\Lib\site-packages\django\template\base.py", line 510, in parse
    raise self.error(token, e)
  File "C:\Users\vitya\AppData\Local\Programs\Python\Python311\Lib\site-packages\django\template\base.py", line 508, in parse
    compiled_result = compile_func(self, token)
                      ^^^^^^^^^^^^^^^^^^^^^^^^^
  File "C:\Users\vitya\AppData\Local\Programs\Python\Python311\Lib\site-packages\django\template\loader_tags.py", line 295, in do_extends
    nodelist = parser.parse()
               ^^^^^^^^^^^^^^
  File "C:\Users\vitya\AppData\Local\Programs\Python\Python311\Lib\site-packages\django\template\base.py", line 510, in parse
    raise self.error(token, e)
  File "C:\Users\vitya\AppData\Local\Programs\Python\Python311\Lib\site-packages\django\template\base.py", line 508, in parse
    compiled_result = compile_func(self, token)
                      ^^^^^^^^^^^^^^^^^^^^^^^^^
  File "C:\Users\vitya\AppData\Local\Programs\Python\Python311\Lib\site-packages\django\template\loader_tags.py", line 234, in do_block
    nodelist = parser.parse(("endblock",))
               ^^^^^^^^^^^^^^^^^^^^^^^^^^^
  File "C:\Users\vitya\AppData\Local\Programs\Python\Python311\Lib\site-packages\django\template\base.py", line 504, in parse
    self.invalid_block_tag(token, command, parse_until)
  File "C:\Users\vitya\AppData\Local\Programs\Python\Python311\Lib\site-packages\django\template\base.py", line 555, in invalid_block_tag
    raise self.error(
django.template.exceptions.TemplateSyntaxError: Invalid block tag on line 6: 'endif', expected 'endblock'. Did you forget to register or load this tag?
2024-05-22 19:37:05,506 ERROR Internal Server Error: /contacts/
Traceback (most recent call last):
  File "C:\Users\vitya\AppData\Local\Programs\Python\Python311\Lib\site-packages\django\template\base.py", line 502, in parse
    compile_func = self.tags[command]
                   ~~~~~~~~~^^^^^^^^^
KeyError: 'endif'

During handling of the above exception, another exception occurred:

Traceback (most recent call last):
  File "C:\Users\vitya\AppData\Local\Programs\Python\Python311\Lib\site-packages\django\core\handlers\exception.py", line 55, in inner
    response = get_response(request)
               ^^^^^^^^^^^^^^^^^^^^^
  File "C:\Users\vitya\AppData\Local\Programs\Python\Python311\Lib\site-packages\django\core\handlers\base.py", line 197, in _get_response
    response = wrapped_callback(request, *callback_args, **callback_kwargs)
               ^^^^^^^^^^^^^^^^^^^^^^^^^^^^^^^^^^^^^^^^^^^^^^^^^^^^^^^^^^^^
  File "C:\Users\vitya\cinema\movies\views.py", line 103, in contacts
    return render(request, 'contacts.html', { 'staff' : staff })
           ^^^^^^^^^^^^^^^^^^^^^^^^^^^^^^^^^^^^^^^^^^^^^^^^^^^^^
  File "C:\Users\vitya\AppData\Local\Programs\Python\Python311\Lib\site-packages\django\shortcuts.py", line 25, in render
    content = loader.render_to_string(template_name, context, request, using=using)
              ^^^^^^^^^^^^^^^^^^^^^^^^^^^^^^^^^^^^^^^^^^^^^^^^^^^^^^^^^^^^^^^^^^^^^
  File "C:\Users\vitya\AppData\Local\Programs\Python\Python311\Lib\site-packages\django\template\loader.py", line 61, in render_to_string
    template = get_template(template_name, using=using)
               ^^^^^^^^^^^^^^^^^^^^^^^^^^^^^^^^^^^^^^^^
  File "C:\Users\vitya\AppData\Local\Programs\Python\Python311\Lib\site-packages\django\template\loader.py", line 15, in get_template
    return engine.get_template(template_name)
           ^^^^^^^^^^^^^^^^^^^^^^^^^^^^^^^^^^
  File "C:\Users\vitya\AppData\Local\Programs\Python\Python311\Lib\site-packages\django\template\backends\django.py", line 33, in get_template
    return Template(self.engine.get_template(template_name), self)
                    ^^^^^^^^^^^^^^^^^^^^^^^^^^^^^^^^^^^^^^^
  File "C:\Users\vitya\AppData\Local\Programs\Python\Python311\Lib\site-packages\django\template\engine.py", line 177, in get_template
    template, origin = self.find_template(template_name)
                       ^^^^^^^^^^^^^^^^^^^^^^^^^^^^^^^^^
  File "C:\Users\vitya\AppData\Local\Programs\Python\Python311\Lib\site-packages\django\template\engine.py", line 159, in find_template
    template = loader.get_template(name, skip=skip)
               ^^^^^^^^^^^^^^^^^^^^^^^^^^^^^^^^^^^^
  File "C:\Users\vitya\AppData\Local\Programs\Python\Python311\Lib\site-packages\django\template\loaders\cached.py", line 57, in get_template
    template = super().get_template(template_name, skip)
               ^^^^^^^^^^^^^^^^^^^^^^^^^^^^^^^^^^^^^^^^^
  File "C:\Users\vitya\AppData\Local\Programs\Python\Python311\Lib\site-packages\django\template\loaders\base.py", line 28, in get_template
    return Template(
           ^^^^^^^^^
  File "C:\Users\vitya\AppData\Local\Programs\Python\Python311\Lib\site-packages\django\template\base.py", line 154, in __init__
    self.nodelist = self.compile_nodelist()
                    ^^^^^^^^^^^^^^^^^^^^^^^
  File "C:\Users\vitya\AppData\Local\Programs\Python\Python311\Lib\site-packages\django\template\base.py", line 196, in compile_nodelist
    return parser.parse()
           ^^^^^^^^^^^^^^
  File "C:\Users\vitya\AppData\Local\Programs\Python\Python311\Lib\site-packages\django\template\base.py", line 510, in parse
    raise self.error(token, e)
  File "C:\Users\vitya\AppData\Local\Programs\Python\Python311\Lib\site-packages\django\template\base.py", line 508, in parse
    compiled_result = compile_func(self, token)
                      ^^^^^^^^^^^^^^^^^^^^^^^^^
  File "C:\Users\vitya\AppData\Local\Programs\Python\Python311\Lib\site-packages\django\template\loader_tags.py", line 295, in do_extends
    nodelist = parser.parse()
               ^^^^^^^^^^^^^^
  File "C:\Users\vitya\AppData\Local\Programs\Python\Python311\Lib\site-packages\django\template\base.py", line 510, in parse
    raise self.error(token, e)
  File "C:\Users\vitya\AppData\Local\Programs\Python\Python311\Lib\site-packages\django\template\base.py", line 508, in parse
    compiled_result = compile_func(self, token)
                      ^^^^^^^^^^^^^^^^^^^^^^^^^
  File "C:\Users\vitya\AppData\Local\Programs\Python\Python311\Lib\site-packages\django\template\loader_tags.py", line 234, in do_block
    nodelist = parser.parse(("endblock",))
               ^^^^^^^^^^^^^^^^^^^^^^^^^^^
  File "C:\Users\vitya\AppData\Local\Programs\Python\Python311\Lib\site-packages\django\template\base.py", line 504, in parse
    self.invalid_block_tag(token, command, parse_until)
  File "C:\Users\vitya\AppData\Local\Programs\Python\Python311\Lib\site-packages\django\template\base.py", line 555, in invalid_block_tag
    raise self.error(
django.template.exceptions.TemplateSyntaxError: Invalid block tag on line 6: 'endif', expected 'endblock'. Did you forget to register or load this tag?
2024-05-22 19:37:08,989 ERROR Internal Server Error: /contacts/
Traceback (most recent call last):
  File "C:\Users\vitya\AppData\Local\Programs\Python\Python311\Lib\site-packages\django\template\base.py", line 502, in parse
    compile_func = self.tags[command]
                   ~~~~~~~~~^^^^^^^^^
KeyError: 'endif'

During handling of the above exception, another exception occurred:

Traceback (most recent call last):
  File "C:\Users\vitya\AppData\Local\Programs\Python\Python311\Lib\site-packages\django\core\handlers\exception.py", line 55, in inner
    response = get_response(request)
               ^^^^^^^^^^^^^^^^^^^^^
  File "C:\Users\vitya\AppData\Local\Programs\Python\Python311\Lib\site-packages\django\core\handlers\base.py", line 197, in _get_response
    response = wrapped_callback(request, *callback_args, **callback_kwargs)
               ^^^^^^^^^^^^^^^^^^^^^^^^^^^^^^^^^^^^^^^^^^^^^^^^^^^^^^^^^^^^
  File "C:\Users\vitya\cinema\movies\views.py", line 103, in contacts
    return render(request, 'contacts.html', { 'staff' : staff })
           ^^^^^^^^^^^^^^^^^^^^^^^^^^^^^^^^^^^^^^^^^^^^^^^^^^^^^
  File "C:\Users\vitya\AppData\Local\Programs\Python\Python311\Lib\site-packages\django\shortcuts.py", line 25, in render
    content = loader.render_to_string(template_name, context, request, using=using)
              ^^^^^^^^^^^^^^^^^^^^^^^^^^^^^^^^^^^^^^^^^^^^^^^^^^^^^^^^^^^^^^^^^^^^^
  File "C:\Users\vitya\AppData\Local\Programs\Python\Python311\Lib\site-packages\django\template\loader.py", line 61, in render_to_string
    template = get_template(template_name, using=using)
               ^^^^^^^^^^^^^^^^^^^^^^^^^^^^^^^^^^^^^^^^
  File "C:\Users\vitya\AppData\Local\Programs\Python\Python311\Lib\site-packages\django\template\loader.py", line 15, in get_template
    return engine.get_template(template_name)
           ^^^^^^^^^^^^^^^^^^^^^^^^^^^^^^^^^^
  File "C:\Users\vitya\AppData\Local\Programs\Python\Python311\Lib\site-packages\django\template\backends\django.py", line 33, in get_template
    return Template(self.engine.get_template(template_name), self)
                    ^^^^^^^^^^^^^^^^^^^^^^^^^^^^^^^^^^^^^^^
  File "C:\Users\vitya\AppData\Local\Programs\Python\Python311\Lib\site-packages\django\template\engine.py", line 177, in get_template
    template, origin = self.find_template(template_name)
                       ^^^^^^^^^^^^^^^^^^^^^^^^^^^^^^^^^
  File "C:\Users\vitya\AppData\Local\Programs\Python\Python311\Lib\site-packages\django\template\engine.py", line 159, in find_template
    template = loader.get_template(name, skip=skip)
               ^^^^^^^^^^^^^^^^^^^^^^^^^^^^^^^^^^^^
  File "C:\Users\vitya\AppData\Local\Programs\Python\Python311\Lib\site-packages\django\template\loaders\cached.py", line 57, in get_template
    template = super().get_template(template_name, skip)
               ^^^^^^^^^^^^^^^^^^^^^^^^^^^^^^^^^^^^^^^^^
  File "C:\Users\vitya\AppData\Local\Programs\Python\Python311\Lib\site-packages\django\template\loaders\base.py", line 28, in get_template
    return Template(
           ^^^^^^^^^
  File "C:\Users\vitya\AppData\Local\Programs\Python\Python311\Lib\site-packages\django\template\base.py", line 154, in __init__
    self.nodelist = self.compile_nodelist()
                    ^^^^^^^^^^^^^^^^^^^^^^^
  File "C:\Users\vitya\AppData\Local\Programs\Python\Python311\Lib\site-packages\django\template\base.py", line 196, in compile_nodelist
    return parser.parse()
           ^^^^^^^^^^^^^^
  File "C:\Users\vitya\AppData\Local\Programs\Python\Python311\Lib\site-packages\django\template\base.py", line 510, in parse
    raise self.error(token, e)
  File "C:\Users\vitya\AppData\Local\Programs\Python\Python311\Lib\site-packages\django\template\base.py", line 508, in parse
    compiled_result = compile_func(self, token)
                      ^^^^^^^^^^^^^^^^^^^^^^^^^
  File "C:\Users\vitya\AppData\Local\Programs\Python\Python311\Lib\site-packages\django\template\loader_tags.py", line 295, in do_extends
    nodelist = parser.parse()
               ^^^^^^^^^^^^^^
  File "C:\Users\vitya\AppData\Local\Programs\Python\Python311\Lib\site-packages\django\template\base.py", line 510, in parse
    raise self.error(token, e)
  File "C:\Users\vitya\AppData\Local\Programs\Python\Python311\Lib\site-packages\django\template\base.py", line 508, in parse
    compiled_result = compile_func(self, token)
                      ^^^^^^^^^^^^^^^^^^^^^^^^^
  File "C:\Users\vitya\AppData\Local\Programs\Python\Python311\Lib\site-packages\django\template\loader_tags.py", line 234, in do_block
    nodelist = parser.parse(("endblock",))
               ^^^^^^^^^^^^^^^^^^^^^^^^^^^
  File "C:\Users\vitya\AppData\Local\Programs\Python\Python311\Lib\site-packages\django\template\base.py", line 504, in parse
    self.invalid_block_tag(token, command, parse_until)
  File "C:\Users\vitya\AppData\Local\Programs\Python\Python311\Lib\site-packages\django\template\base.py", line 555, in invalid_block_tag
    raise self.error(
django.template.exceptions.TemplateSyntaxError: Invalid block tag on line 6: 'endif', expected 'endblock'. Did you forget to register or load this tag?
2024-05-22 19:37:09,266 ERROR Internal Server Error: /contacts/
Traceback (most recent call last):
  File "C:\Users\vitya\AppData\Local\Programs\Python\Python311\Lib\site-packages\django\template\base.py", line 502, in parse
    compile_func = self.tags[command]
                   ~~~~~~~~~^^^^^^^^^
KeyError: 'endif'

During handling of the above exception, another exception occurred:

Traceback (most recent call last):
  File "C:\Users\vitya\AppData\Local\Programs\Python\Python311\Lib\site-packages\django\core\handlers\exception.py", line 55, in inner
    response = get_response(request)
               ^^^^^^^^^^^^^^^^^^^^^
  File "C:\Users\vitya\AppData\Local\Programs\Python\Python311\Lib\site-packages\django\core\handlers\base.py", line 197, in _get_response
    response = wrapped_callback(request, *callback_args, **callback_kwargs)
               ^^^^^^^^^^^^^^^^^^^^^^^^^^^^^^^^^^^^^^^^^^^^^^^^^^^^^^^^^^^^
  File "C:\Users\vitya\cinema\movies\views.py", line 103, in contacts
    return render(request, 'contacts.html', { 'staff' : staff })
           ^^^^^^^^^^^^^^^^^^^^^^^^^^^^^^^^^^^^^^^^^^^^^^^^^^^^^
  File "C:\Users\vitya\AppData\Local\Programs\Python\Python311\Lib\site-packages\django\shortcuts.py", line 25, in render
    content = loader.render_to_string(template_name, context, request, using=using)
              ^^^^^^^^^^^^^^^^^^^^^^^^^^^^^^^^^^^^^^^^^^^^^^^^^^^^^^^^^^^^^^^^^^^^^
  File "C:\Users\vitya\AppData\Local\Programs\Python\Python311\Lib\site-packages\django\template\loader.py", line 61, in render_to_string
    template = get_template(template_name, using=using)
               ^^^^^^^^^^^^^^^^^^^^^^^^^^^^^^^^^^^^^^^^
  File "C:\Users\vitya\AppData\Local\Programs\Python\Python311\Lib\site-packages\django\template\loader.py", line 15, in get_template
    return engine.get_template(template_name)
           ^^^^^^^^^^^^^^^^^^^^^^^^^^^^^^^^^^
  File "C:\Users\vitya\AppData\Local\Programs\Python\Python311\Lib\site-packages\django\template\backends\django.py", line 33, in get_template
    return Template(self.engine.get_template(template_name), self)
                    ^^^^^^^^^^^^^^^^^^^^^^^^^^^^^^^^^^^^^^^
  File "C:\Users\vitya\AppData\Local\Programs\Python\Python311\Lib\site-packages\django\template\engine.py", line 177, in get_template
    template, origin = self.find_template(template_name)
                       ^^^^^^^^^^^^^^^^^^^^^^^^^^^^^^^^^
  File "C:\Users\vitya\AppData\Local\Programs\Python\Python311\Lib\site-packages\django\template\engine.py", line 159, in find_template
    template = loader.get_template(name, skip=skip)
               ^^^^^^^^^^^^^^^^^^^^^^^^^^^^^^^^^^^^
  File "C:\Users\vitya\AppData\Local\Programs\Python\Python311\Lib\site-packages\django\template\loaders\cached.py", line 57, in get_template
    template = super().get_template(template_name, skip)
               ^^^^^^^^^^^^^^^^^^^^^^^^^^^^^^^^^^^^^^^^^
  File "C:\Users\vitya\AppData\Local\Programs\Python\Python311\Lib\site-packages\django\template\loaders\base.py", line 28, in get_template
    return Template(
           ^^^^^^^^^
  File "C:\Users\vitya\AppData\Local\Programs\Python\Python311\Lib\site-packages\django\template\base.py", line 154, in __init__
    self.nodelist = self.compile_nodelist()
                    ^^^^^^^^^^^^^^^^^^^^^^^
  File "C:\Users\vitya\AppData\Local\Programs\Python\Python311\Lib\site-packages\django\template\base.py", line 196, in compile_nodelist
    return parser.parse()
           ^^^^^^^^^^^^^^
  File "C:\Users\vitya\AppData\Local\Programs\Python\Python311\Lib\site-packages\django\template\base.py", line 510, in parse
    raise self.error(token, e)
  File "C:\Users\vitya\AppData\Local\Programs\Python\Python311\Lib\site-packages\django\template\base.py", line 508, in parse
    compiled_result = compile_func(self, token)
                      ^^^^^^^^^^^^^^^^^^^^^^^^^
  File "C:\Users\vitya\AppData\Local\Programs\Python\Python311\Lib\site-packages\django\template\loader_tags.py", line 295, in do_extends
    nodelist = parser.parse()
               ^^^^^^^^^^^^^^
  File "C:\Users\vitya\AppData\Local\Programs\Python\Python311\Lib\site-packages\django\template\base.py", line 510, in parse
    raise self.error(token, e)
  File "C:\Users\vitya\AppData\Local\Programs\Python\Python311\Lib\site-packages\django\template\base.py", line 508, in parse
    compiled_result = compile_func(self, token)
                      ^^^^^^^^^^^^^^^^^^^^^^^^^
  File "C:\Users\vitya\AppData\Local\Programs\Python\Python311\Lib\site-packages\django\template\loader_tags.py", line 234, in do_block
    nodelist = parser.parse(("endblock",))
               ^^^^^^^^^^^^^^^^^^^^^^^^^^^
  File "C:\Users\vitya\AppData\Local\Programs\Python\Python311\Lib\site-packages\django\template\base.py", line 504, in parse
    self.invalid_block_tag(token, command, parse_until)
  File "C:\Users\vitya\AppData\Local\Programs\Python\Python311\Lib\site-packages\django\template\base.py", line 555, in invalid_block_tag
    raise self.error(
django.template.exceptions.TemplateSyntaxError: Invalid block tag on line 6: 'endif', expected 'endblock'. Did you forget to register or load this tag?
2024-05-22 19:37:09,506 ERROR Internal Server Error: /contacts/
Traceback (most recent call last):
  File "C:\Users\vitya\AppData\Local\Programs\Python\Python311\Lib\site-packages\django\template\base.py", line 502, in parse
    compile_func = self.tags[command]
                   ~~~~~~~~~^^^^^^^^^
KeyError: 'endfor'

During handling of the above exception, another exception occurred:

Traceback (most recent call last):
  File "C:\Users\vitya\AppData\Local\Programs\Python\Python311\Lib\site-packages\django\core\handlers\exception.py", line 55, in inner
    response = get_response(request)
               ^^^^^^^^^^^^^^^^^^^^^
  File "C:\Users\vitya\AppData\Local\Programs\Python\Python311\Lib\site-packages\django\core\handlers\base.py", line 197, in _get_response
    response = wrapped_callback(request, *callback_args, **callback_kwargs)
               ^^^^^^^^^^^^^^^^^^^^^^^^^^^^^^^^^^^^^^^^^^^^^^^^^^^^^^^^^^^^
  File "C:\Users\vitya\cinema\movies\views.py", line 103, in contacts
    return render(request, 'contacts.html', { 'staff' : staff })
           ^^^^^^^^^^^^^^^^^^^^^^^^^^^^^^^^^^^^^^^^^^^^^^^^^^^^^
  File "C:\Users\vitya\AppData\Local\Programs\Python\Python311\Lib\site-packages\django\shortcuts.py", line 25, in render
    content = loader.render_to_string(template_name, context, request, using=using)
              ^^^^^^^^^^^^^^^^^^^^^^^^^^^^^^^^^^^^^^^^^^^^^^^^^^^^^^^^^^^^^^^^^^^^^
  File "C:\Users\vitya\AppData\Local\Programs\Python\Python311\Lib\site-packages\django\template\loader.py", line 61, in render_to_string
    template = get_template(template_name, using=using)
               ^^^^^^^^^^^^^^^^^^^^^^^^^^^^^^^^^^^^^^^^
  File "C:\Users\vitya\AppData\Local\Programs\Python\Python311\Lib\site-packages\django\template\loader.py", line 15, in get_template
    return engine.get_template(template_name)
           ^^^^^^^^^^^^^^^^^^^^^^^^^^^^^^^^^^
  File "C:\Users\vitya\AppData\Local\Programs\Python\Python311\Lib\site-packages\django\template\backends\django.py", line 33, in get_template
    return Template(self.engine.get_template(template_name), self)
                    ^^^^^^^^^^^^^^^^^^^^^^^^^^^^^^^^^^^^^^^
  File "C:\Users\vitya\AppData\Local\Programs\Python\Python311\Lib\site-packages\django\template\engine.py", line 177, in get_template
    template, origin = self.find_template(template_name)
                       ^^^^^^^^^^^^^^^^^^^^^^^^^^^^^^^^^
  File "C:\Users\vitya\AppData\Local\Programs\Python\Python311\Lib\site-packages\django\template\engine.py", line 159, in find_template
    template = loader.get_template(name, skip=skip)
               ^^^^^^^^^^^^^^^^^^^^^^^^^^^^^^^^^^^^
  File "C:\Users\vitya\AppData\Local\Programs\Python\Python311\Lib\site-packages\django\template\loaders\cached.py", line 57, in get_template
    template = super().get_template(template_name, skip)
               ^^^^^^^^^^^^^^^^^^^^^^^^^^^^^^^^^^^^^^^^^
  File "C:\Users\vitya\AppData\Local\Programs\Python\Python311\Lib\site-packages\django\template\loaders\base.py", line 28, in get_template
    return Template(
           ^^^^^^^^^
  File "C:\Users\vitya\AppData\Local\Programs\Python\Python311\Lib\site-packages\django\template\base.py", line 154, in __init__
    self.nodelist = self.compile_nodelist()
                    ^^^^^^^^^^^^^^^^^^^^^^^
  File "C:\Users\vitya\AppData\Local\Programs\Python\Python311\Lib\site-packages\django\template\base.py", line 196, in compile_nodelist
    return parser.parse()
           ^^^^^^^^^^^^^^
  File "C:\Users\vitya\AppData\Local\Programs\Python\Python311\Lib\site-packages\django\template\base.py", line 510, in parse
    raise self.error(token, e)
  File "C:\Users\vitya\AppData\Local\Programs\Python\Python311\Lib\site-packages\django\template\base.py", line 508, in parse
    compiled_result = compile_func(self, token)
                      ^^^^^^^^^^^^^^^^^^^^^^^^^
  File "C:\Users\vitya\AppData\Local\Programs\Python\Python311\Lib\site-packages\django\template\loader_tags.py", line 295, in do_extends
    nodelist = parser.parse()
               ^^^^^^^^^^^^^^
  File "C:\Users\vitya\AppData\Local\Programs\Python\Python311\Lib\site-packages\django\template\base.py", line 510, in parse
    raise self.error(token, e)
  File "C:\Users\vitya\AppData\Local\Programs\Python\Python311\Lib\site-packages\django\template\base.py", line 508, in parse
    compiled_result = compile_func(self, token)
                      ^^^^^^^^^^^^^^^^^^^^^^^^^
  File "C:\Users\vitya\AppData\Local\Programs\Python\Python311\Lib\site-packages\django\template\loader_tags.py", line 234, in do_block
    nodelist = parser.parse(("endblock",))
               ^^^^^^^^^^^^^^^^^^^^^^^^^^^
  File "C:\Users\vitya\AppData\Local\Programs\Python\Python311\Lib\site-packages\django\template\base.py", line 504, in parse
    self.invalid_block_tag(token, command, parse_until)
  File "C:\Users\vitya\AppData\Local\Programs\Python\Python311\Lib\site-packages\django\template\base.py", line 555, in invalid_block_tag
    raise self.error(
django.template.exceptions.TemplateSyntaxError: Invalid block tag on line 33: 'endfor', expected 'endblock'. Did you forget to register or load this tag?
2024-05-22 19:37:09,836 ERROR Internal Server Error: /contacts/
Traceback (most recent call last):
  File "C:\Users\vitya\AppData\Local\Programs\Python\Python311\Lib\site-packages\django\template\base.py", line 502, in parse
    compile_func = self.tags[command]
                   ~~~~~~~~~^^^^^^^^^
KeyError: 'endfor'

During handling of the above exception, another exception occurred:

Traceback (most recent call last):
  File "C:\Users\vitya\AppData\Local\Programs\Python\Python311\Lib\site-packages\django\core\handlers\exception.py", line 55, in inner
    response = get_response(request)
               ^^^^^^^^^^^^^^^^^^^^^
  File "C:\Users\vitya\AppData\Local\Programs\Python\Python311\Lib\site-packages\django\core\handlers\base.py", line 197, in _get_response
    response = wrapped_callback(request, *callback_args, **callback_kwargs)
               ^^^^^^^^^^^^^^^^^^^^^^^^^^^^^^^^^^^^^^^^^^^^^^^^^^^^^^^^^^^^
  File "C:\Users\vitya\cinema\movies\views.py", line 103, in contacts
    return render(request, 'contacts.html', { 'staff' : staff })
           ^^^^^^^^^^^^^^^^^^^^^^^^^^^^^^^^^^^^^^^^^^^^^^^^^^^^^
  File "C:\Users\vitya\AppData\Local\Programs\Python\Python311\Lib\site-packages\django\shortcuts.py", line 25, in render
    content = loader.render_to_string(template_name, context, request, using=using)
              ^^^^^^^^^^^^^^^^^^^^^^^^^^^^^^^^^^^^^^^^^^^^^^^^^^^^^^^^^^^^^^^^^^^^^
  File "C:\Users\vitya\AppData\Local\Programs\Python\Python311\Lib\site-packages\django\template\loader.py", line 61, in render_to_string
    template = get_template(template_name, using=using)
               ^^^^^^^^^^^^^^^^^^^^^^^^^^^^^^^^^^^^^^^^
  File "C:\Users\vitya\AppData\Local\Programs\Python\Python311\Lib\site-packages\django\template\loader.py", line 15, in get_template
    return engine.get_template(template_name)
           ^^^^^^^^^^^^^^^^^^^^^^^^^^^^^^^^^^
  File "C:\Users\vitya\AppData\Local\Programs\Python\Python311\Lib\site-packages\django\template\backends\django.py", line 33, in get_template
    return Template(self.engine.get_template(template_name), self)
                    ^^^^^^^^^^^^^^^^^^^^^^^^^^^^^^^^^^^^^^^
  File "C:\Users\vitya\AppData\Local\Programs\Python\Python311\Lib\site-packages\django\template\engine.py", line 177, in get_template
    template, origin = self.find_template(template_name)
                       ^^^^^^^^^^^^^^^^^^^^^^^^^^^^^^^^^
  File "C:\Users\vitya\AppData\Local\Programs\Python\Python311\Lib\site-packages\django\template\engine.py", line 159, in find_template
    template = loader.get_template(name, skip=skip)
               ^^^^^^^^^^^^^^^^^^^^^^^^^^^^^^^^^^^^
  File "C:\Users\vitya\AppData\Local\Programs\Python\Python311\Lib\site-packages\django\template\loaders\cached.py", line 57, in get_template
    template = super().get_template(template_name, skip)
               ^^^^^^^^^^^^^^^^^^^^^^^^^^^^^^^^^^^^^^^^^
  File "C:\Users\vitya\AppData\Local\Programs\Python\Python311\Lib\site-packages\django\template\loaders\base.py", line 28, in get_template
    return Template(
           ^^^^^^^^^
  File "C:\Users\vitya\AppData\Local\Programs\Python\Python311\Lib\site-packages\django\template\base.py", line 154, in __init__
    self.nodelist = self.compile_nodelist()
                    ^^^^^^^^^^^^^^^^^^^^^^^
  File "C:\Users\vitya\AppData\Local\Programs\Python\Python311\Lib\site-packages\django\template\base.py", line 196, in compile_nodelist
    return parser.parse()
           ^^^^^^^^^^^^^^
  File "C:\Users\vitya\AppData\Local\Programs\Python\Python311\Lib\site-packages\django\template\base.py", line 510, in parse
    raise self.error(token, e)
  File "C:\Users\vitya\AppData\Local\Programs\Python\Python311\Lib\site-packages\django\template\base.py", line 508, in parse
    compiled_result = compile_func(self, token)
                      ^^^^^^^^^^^^^^^^^^^^^^^^^
  File "C:\Users\vitya\AppData\Local\Programs\Python\Python311\Lib\site-packages\django\template\loader_tags.py", line 295, in do_extends
    nodelist = parser.parse()
               ^^^^^^^^^^^^^^
  File "C:\Users\vitya\AppData\Local\Programs\Python\Python311\Lib\site-packages\django\template\base.py", line 510, in parse
    raise self.error(token, e)
  File "C:\Users\vitya\AppData\Local\Programs\Python\Python311\Lib\site-packages\django\template\base.py", line 508, in parse
    compiled_result = compile_func(self, token)
                      ^^^^^^^^^^^^^^^^^^^^^^^^^
  File "C:\Users\vitya\AppData\Local\Programs\Python\Python311\Lib\site-packages\django\template\loader_tags.py", line 234, in do_block
    nodelist = parser.parse(("endblock",))
               ^^^^^^^^^^^^^^^^^^^^^^^^^^^
  File "C:\Users\vitya\AppData\Local\Programs\Python\Python311\Lib\site-packages\django\template\base.py", line 504, in parse
    self.invalid_block_tag(token, command, parse_until)
  File "C:\Users\vitya\AppData\Local\Programs\Python\Python311\Lib\site-packages\django\template\base.py", line 555, in invalid_block_tag
    raise self.error(
django.template.exceptions.TemplateSyntaxError: Invalid block tag on line 33: 'endfor', expected 'endblock'. Did you forget to register or load this tag?
2024-05-22 19:37:10,143 ERROR Internal Server Error: /contacts/
Traceback (most recent call last):
  File "C:\Users\vitya\AppData\Local\Programs\Python\Python311\Lib\site-packages\django\template\base.py", line 502, in parse
    compile_func = self.tags[command]
                   ~~~~~~~~~^^^^^^^^^
KeyError: 'endfor'

During handling of the above exception, another exception occurred:

Traceback (most recent call last):
  File "C:\Users\vitya\AppData\Local\Programs\Python\Python311\Lib\site-packages\django\core\handlers\exception.py", line 55, in inner
    response = get_response(request)
               ^^^^^^^^^^^^^^^^^^^^^
  File "C:\Users\vitya\AppData\Local\Programs\Python\Python311\Lib\site-packages\django\core\handlers\base.py", line 197, in _get_response
    response = wrapped_callback(request, *callback_args, **callback_kwargs)
               ^^^^^^^^^^^^^^^^^^^^^^^^^^^^^^^^^^^^^^^^^^^^^^^^^^^^^^^^^^^^
  File "C:\Users\vitya\cinema\movies\views.py", line 103, in contacts
    return render(request, 'contacts.html', { 'staff' : staff })
           ^^^^^^^^^^^^^^^^^^^^^^^^^^^^^^^^^^^^^^^^^^^^^^^^^^^^^
  File "C:\Users\vitya\AppData\Local\Programs\Python\Python311\Lib\site-packages\django\shortcuts.py", line 25, in render
    content = loader.render_to_string(template_name, context, request, using=using)
              ^^^^^^^^^^^^^^^^^^^^^^^^^^^^^^^^^^^^^^^^^^^^^^^^^^^^^^^^^^^^^^^^^^^^^
  File "C:\Users\vitya\AppData\Local\Programs\Python\Python311\Lib\site-packages\django\template\loader.py", line 61, in render_to_string
    template = get_template(template_name, using=using)
               ^^^^^^^^^^^^^^^^^^^^^^^^^^^^^^^^^^^^^^^^
  File "C:\Users\vitya\AppData\Local\Programs\Python\Python311\Lib\site-packages\django\template\loader.py", line 15, in get_template
    return engine.get_template(template_name)
           ^^^^^^^^^^^^^^^^^^^^^^^^^^^^^^^^^^
  File "C:\Users\vitya\AppData\Local\Programs\Python\Python311\Lib\site-packages\django\template\backends\django.py", line 33, in get_template
    return Template(self.engine.get_template(template_name), self)
                    ^^^^^^^^^^^^^^^^^^^^^^^^^^^^^^^^^^^^^^^
  File "C:\Users\vitya\AppData\Local\Programs\Python\Python311\Lib\site-packages\django\template\engine.py", line 177, in get_template
    template, origin = self.find_template(template_name)
                       ^^^^^^^^^^^^^^^^^^^^^^^^^^^^^^^^^
  File "C:\Users\vitya\AppData\Local\Programs\Python\Python311\Lib\site-packages\django\template\engine.py", line 159, in find_template
    template = loader.get_template(name, skip=skip)
               ^^^^^^^^^^^^^^^^^^^^^^^^^^^^^^^^^^^^
  File "C:\Users\vitya\AppData\Local\Programs\Python\Python311\Lib\site-packages\django\template\loaders\cached.py", line 57, in get_template
    template = super().get_template(template_name, skip)
               ^^^^^^^^^^^^^^^^^^^^^^^^^^^^^^^^^^^^^^^^^
  File "C:\Users\vitya\AppData\Local\Programs\Python\Python311\Lib\site-packages\django\template\loaders\base.py", line 28, in get_template
    return Template(
           ^^^^^^^^^
  File "C:\Users\vitya\AppData\Local\Programs\Python\Python311\Lib\site-packages\django\template\base.py", line 154, in __init__
    self.nodelist = self.compile_nodelist()
                    ^^^^^^^^^^^^^^^^^^^^^^^
  File "C:\Users\vitya\AppData\Local\Programs\Python\Python311\Lib\site-packages\django\template\base.py", line 196, in compile_nodelist
    return parser.parse()
           ^^^^^^^^^^^^^^
  File "C:\Users\vitya\AppData\Local\Programs\Python\Python311\Lib\site-packages\django\template\base.py", line 510, in parse
    raise self.error(token, e)
  File "C:\Users\vitya\AppData\Local\Programs\Python\Python311\Lib\site-packages\django\template\base.py", line 508, in parse
    compiled_result = compile_func(self, token)
                      ^^^^^^^^^^^^^^^^^^^^^^^^^
  File "C:\Users\vitya\AppData\Local\Programs\Python\Python311\Lib\site-packages\django\template\loader_tags.py", line 295, in do_extends
    nodelist = parser.parse()
               ^^^^^^^^^^^^^^
  File "C:\Users\vitya\AppData\Local\Programs\Python\Python311\Lib\site-packages\django\template\base.py", line 510, in parse
    raise self.error(token, e)
  File "C:\Users\vitya\AppData\Local\Programs\Python\Python311\Lib\site-packages\django\template\base.py", line 508, in parse
    compiled_result = compile_func(self, token)
                      ^^^^^^^^^^^^^^^^^^^^^^^^^
  File "C:\Users\vitya\AppData\Local\Programs\Python\Python311\Lib\site-packages\django\template\loader_tags.py", line 234, in do_block
    nodelist = parser.parse(("endblock",))
               ^^^^^^^^^^^^^^^^^^^^^^^^^^^
  File "C:\Users\vitya\AppData\Local\Programs\Python\Python311\Lib\site-packages\django\template\base.py", line 504, in parse
    self.invalid_block_tag(token, command, parse_until)
  File "C:\Users\vitya\AppData\Local\Programs\Python\Python311\Lib\site-packages\django\template\base.py", line 555, in invalid_block_tag
    raise self.error(
django.template.exceptions.TemplateSyntaxError: Invalid block tag on line 33: 'endfor', expected 'endblock'. Did you forget to register or load this tag?
2024-05-22 19:37:10,379 ERROR Internal Server Error: /contacts/
Traceback (most recent call last):
  File "C:\Users\vitya\AppData\Local\Programs\Python\Python311\Lib\site-packages\django\template\base.py", line 502, in parse
    compile_func = self.tags[command]
                   ~~~~~~~~~^^^^^^^^^
KeyError: 'endfor'

During handling of the above exception, another exception occurred:

Traceback (most recent call last):
  File "C:\Users\vitya\AppData\Local\Programs\Python\Python311\Lib\site-packages\django\core\handlers\exception.py", line 55, in inner
    response = get_response(request)
               ^^^^^^^^^^^^^^^^^^^^^
  File "C:\Users\vitya\AppData\Local\Programs\Python\Python311\Lib\site-packages\django\core\handlers\base.py", line 197, in _get_response
    response = wrapped_callback(request, *callback_args, **callback_kwargs)
               ^^^^^^^^^^^^^^^^^^^^^^^^^^^^^^^^^^^^^^^^^^^^^^^^^^^^^^^^^^^^
  File "C:\Users\vitya\cinema\movies\views.py", line 103, in contacts
    return render(request, 'contacts.html', { 'staff' : staff })
           ^^^^^^^^^^^^^^^^^^^^^^^^^^^^^^^^^^^^^^^^^^^^^^^^^^^^^
  File "C:\Users\vitya\AppData\Local\Programs\Python\Python311\Lib\site-packages\django\shortcuts.py", line 25, in render
    content = loader.render_to_string(template_name, context, request, using=using)
              ^^^^^^^^^^^^^^^^^^^^^^^^^^^^^^^^^^^^^^^^^^^^^^^^^^^^^^^^^^^^^^^^^^^^^
  File "C:\Users\vitya\AppData\Local\Programs\Python\Python311\Lib\site-packages\django\template\loader.py", line 61, in render_to_string
    template = get_template(template_name, using=using)
               ^^^^^^^^^^^^^^^^^^^^^^^^^^^^^^^^^^^^^^^^
  File "C:\Users\vitya\AppData\Local\Programs\Python\Python311\Lib\site-packages\django\template\loader.py", line 15, in get_template
    return engine.get_template(template_name)
           ^^^^^^^^^^^^^^^^^^^^^^^^^^^^^^^^^^
  File "C:\Users\vitya\AppData\Local\Programs\Python\Python311\Lib\site-packages\django\template\backends\django.py", line 33, in get_template
    return Template(self.engine.get_template(template_name), self)
                    ^^^^^^^^^^^^^^^^^^^^^^^^^^^^^^^^^^^^^^^
  File "C:\Users\vitya\AppData\Local\Programs\Python\Python311\Lib\site-packages\django\template\engine.py", line 177, in get_template
    template, origin = self.find_template(template_name)
                       ^^^^^^^^^^^^^^^^^^^^^^^^^^^^^^^^^
  File "C:\Users\vitya\AppData\Local\Programs\Python\Python311\Lib\site-packages\django\template\engine.py", line 159, in find_template
    template = loader.get_template(name, skip=skip)
               ^^^^^^^^^^^^^^^^^^^^^^^^^^^^^^^^^^^^
  File "C:\Users\vitya\AppData\Local\Programs\Python\Python311\Lib\site-packages\django\template\loaders\cached.py", line 57, in get_template
    template = super().get_template(template_name, skip)
               ^^^^^^^^^^^^^^^^^^^^^^^^^^^^^^^^^^^^^^^^^
  File "C:\Users\vitya\AppData\Local\Programs\Python\Python311\Lib\site-packages\django\template\loaders\base.py", line 28, in get_template
    return Template(
           ^^^^^^^^^
  File "C:\Users\vitya\AppData\Local\Programs\Python\Python311\Lib\site-packages\django\template\base.py", line 154, in __init__
    self.nodelist = self.compile_nodelist()
                    ^^^^^^^^^^^^^^^^^^^^^^^
  File "C:\Users\vitya\AppData\Local\Programs\Python\Python311\Lib\site-packages\django\template\base.py", line 196, in compile_nodelist
    return parser.parse()
           ^^^^^^^^^^^^^^
  File "C:\Users\vitya\AppData\Local\Programs\Python\Python311\Lib\site-packages\django\template\base.py", line 510, in parse
    raise self.error(token, e)
  File "C:\Users\vitya\AppData\Local\Programs\Python\Python311\Lib\site-packages\django\template\base.py", line 508, in parse
    compiled_result = compile_func(self, token)
                      ^^^^^^^^^^^^^^^^^^^^^^^^^
  File "C:\Users\vitya\AppData\Local\Programs\Python\Python311\Lib\site-packages\django\template\loader_tags.py", line 295, in do_extends
    nodelist = parser.parse()
               ^^^^^^^^^^^^^^
  File "C:\Users\vitya\AppData\Local\Programs\Python\Python311\Lib\site-packages\django\template\base.py", line 510, in parse
    raise self.error(token, e)
  File "C:\Users\vitya\AppData\Local\Programs\Python\Python311\Lib\site-packages\django\template\base.py", line 508, in parse
    compiled_result = compile_func(self, token)
                      ^^^^^^^^^^^^^^^^^^^^^^^^^
  File "C:\Users\vitya\AppData\Local\Programs\Python\Python311\Lib\site-packages\django\template\loader_tags.py", line 234, in do_block
    nodelist = parser.parse(("endblock",))
               ^^^^^^^^^^^^^^^^^^^^^^^^^^^
  File "C:\Users\vitya\AppData\Local\Programs\Python\Python311\Lib\site-packages\django\template\base.py", line 504, in parse
    self.invalid_block_tag(token, command, parse_until)
  File "C:\Users\vitya\AppData\Local\Programs\Python\Python311\Lib\site-packages\django\template\base.py", line 555, in invalid_block_tag
    raise self.error(
django.template.exceptions.TemplateSyntaxError: Invalid block tag on line 33: 'endfor', expected 'endblock'. Did you forget to register or load this tag?
2024-05-22 19:37:13,947 ERROR Internal Server Error: /contacts/
Traceback (most recent call last):
  File "C:\Users\vitya\AppData\Local\Programs\Python\Python311\Lib\site-packages\django\template\base.py", line 502, in parse
    compile_func = self.tags[command]
                   ~~~~~~~~~^^^^^^^^^
KeyError: 'endfor'

During handling of the above exception, another exception occurred:

Traceback (most recent call last):
  File "C:\Users\vitya\AppData\Local\Programs\Python\Python311\Lib\site-packages\django\core\handlers\exception.py", line 55, in inner
    response = get_response(request)
               ^^^^^^^^^^^^^^^^^^^^^
  File "C:\Users\vitya\AppData\Local\Programs\Python\Python311\Lib\site-packages\django\core\handlers\base.py", line 197, in _get_response
    response = wrapped_callback(request, *callback_args, **callback_kwargs)
               ^^^^^^^^^^^^^^^^^^^^^^^^^^^^^^^^^^^^^^^^^^^^^^^^^^^^^^^^^^^^
  File "C:\Users\vitya\cinema\movies\views.py", line 103, in contacts
    return render(request, 'contacts.html', { 'staff' : staff })
           ^^^^^^^^^^^^^^^^^^^^^^^^^^^^^^^^^^^^^^^^^^^^^^^^^^^^^
  File "C:\Users\vitya\AppData\Local\Programs\Python\Python311\Lib\site-packages\django\shortcuts.py", line 25, in render
    content = loader.render_to_string(template_name, context, request, using=using)
              ^^^^^^^^^^^^^^^^^^^^^^^^^^^^^^^^^^^^^^^^^^^^^^^^^^^^^^^^^^^^^^^^^^^^^
  File "C:\Users\vitya\AppData\Local\Programs\Python\Python311\Lib\site-packages\django\template\loader.py", line 61, in render_to_string
    template = get_template(template_name, using=using)
               ^^^^^^^^^^^^^^^^^^^^^^^^^^^^^^^^^^^^^^^^
  File "C:\Users\vitya\AppData\Local\Programs\Python\Python311\Lib\site-packages\django\template\loader.py", line 15, in get_template
    return engine.get_template(template_name)
           ^^^^^^^^^^^^^^^^^^^^^^^^^^^^^^^^^^
  File "C:\Users\vitya\AppData\Local\Programs\Python\Python311\Lib\site-packages\django\template\backends\django.py", line 33, in get_template
    return Template(self.engine.get_template(template_name), self)
                    ^^^^^^^^^^^^^^^^^^^^^^^^^^^^^^^^^^^^^^^
  File "C:\Users\vitya\AppData\Local\Programs\Python\Python311\Lib\site-packages\django\template\engine.py", line 177, in get_template
    template, origin = self.find_template(template_name)
                       ^^^^^^^^^^^^^^^^^^^^^^^^^^^^^^^^^
  File "C:\Users\vitya\AppData\Local\Programs\Python\Python311\Lib\site-packages\django\template\engine.py", line 159, in find_template
    template = loader.get_template(name, skip=skip)
               ^^^^^^^^^^^^^^^^^^^^^^^^^^^^^^^^^^^^
  File "C:\Users\vitya\AppData\Local\Programs\Python\Python311\Lib\site-packages\django\template\loaders\cached.py", line 57, in get_template
    template = super().get_template(template_name, skip)
               ^^^^^^^^^^^^^^^^^^^^^^^^^^^^^^^^^^^^^^^^^
  File "C:\Users\vitya\AppData\Local\Programs\Python\Python311\Lib\site-packages\django\template\loaders\base.py", line 28, in get_template
    return Template(
           ^^^^^^^^^
  File "C:\Users\vitya\AppData\Local\Programs\Python\Python311\Lib\site-packages\django\template\base.py", line 154, in __init__
    self.nodelist = self.compile_nodelist()
                    ^^^^^^^^^^^^^^^^^^^^^^^
  File "C:\Users\vitya\AppData\Local\Programs\Python\Python311\Lib\site-packages\django\template\base.py", line 196, in compile_nodelist
    return parser.parse()
           ^^^^^^^^^^^^^^
  File "C:\Users\vitya\AppData\Local\Programs\Python\Python311\Lib\site-packages\django\template\base.py", line 510, in parse
    raise self.error(token, e)
  File "C:\Users\vitya\AppData\Local\Programs\Python\Python311\Lib\site-packages\django\template\base.py", line 508, in parse
    compiled_result = compile_func(self, token)
                      ^^^^^^^^^^^^^^^^^^^^^^^^^
  File "C:\Users\vitya\AppData\Local\Programs\Python\Python311\Lib\site-packages\django\template\loader_tags.py", line 295, in do_extends
    nodelist = parser.parse()
               ^^^^^^^^^^^^^^
  File "C:\Users\vitya\AppData\Local\Programs\Python\Python311\Lib\site-packages\django\template\base.py", line 510, in parse
    raise self.error(token, e)
  File "C:\Users\vitya\AppData\Local\Programs\Python\Python311\Lib\site-packages\django\template\base.py", line 508, in parse
    compiled_result = compile_func(self, token)
                      ^^^^^^^^^^^^^^^^^^^^^^^^^
  File "C:\Users\vitya\AppData\Local\Programs\Python\Python311\Lib\site-packages\django\template\loader_tags.py", line 234, in do_block
    nodelist = parser.parse(("endblock",))
               ^^^^^^^^^^^^^^^^^^^^^^^^^^^
  File "C:\Users\vitya\AppData\Local\Programs\Python\Python311\Lib\site-packages\django\template\base.py", line 504, in parse
    self.invalid_block_tag(token, command, parse_until)
  File "C:\Users\vitya\AppData\Local\Programs\Python\Python311\Lib\site-packages\django\template\base.py", line 555, in invalid_block_tag
    raise self.error(
django.template.exceptions.TemplateSyntaxError: Invalid block tag on line 33: 'endfor', expected 'endblock'. Did you forget to register or load this tag?
2024-05-22 19:37:14,220 ERROR Internal Server Error: /contacts/
Traceback (most recent call last):
  File "C:\Users\vitya\AppData\Local\Programs\Python\Python311\Lib\site-packages\django\template\base.py", line 502, in parse
    compile_func = self.tags[command]
                   ~~~~~~~~~^^^^^^^^^
KeyError: 'endfor'

During handling of the above exception, another exception occurred:

Traceback (most recent call last):
  File "C:\Users\vitya\AppData\Local\Programs\Python\Python311\Lib\site-packages\django\core\handlers\exception.py", line 55, in inner
    response = get_response(request)
               ^^^^^^^^^^^^^^^^^^^^^
  File "C:\Users\vitya\AppData\Local\Programs\Python\Python311\Lib\site-packages\django\core\handlers\base.py", line 197, in _get_response
    response = wrapped_callback(request, *callback_args, **callback_kwargs)
               ^^^^^^^^^^^^^^^^^^^^^^^^^^^^^^^^^^^^^^^^^^^^^^^^^^^^^^^^^^^^
  File "C:\Users\vitya\cinema\movies\views.py", line 103, in contacts
    return render(request, 'contacts.html', { 'staff' : staff })
           ^^^^^^^^^^^^^^^^^^^^^^^^^^^^^^^^^^^^^^^^^^^^^^^^^^^^^
  File "C:\Users\vitya\AppData\Local\Programs\Python\Python311\Lib\site-packages\django\shortcuts.py", line 25, in render
    content = loader.render_to_string(template_name, context, request, using=using)
              ^^^^^^^^^^^^^^^^^^^^^^^^^^^^^^^^^^^^^^^^^^^^^^^^^^^^^^^^^^^^^^^^^^^^^
  File "C:\Users\vitya\AppData\Local\Programs\Python\Python311\Lib\site-packages\django\template\loader.py", line 61, in render_to_string
    template = get_template(template_name, using=using)
               ^^^^^^^^^^^^^^^^^^^^^^^^^^^^^^^^^^^^^^^^
  File "C:\Users\vitya\AppData\Local\Programs\Python\Python311\Lib\site-packages\django\template\loader.py", line 15, in get_template
    return engine.get_template(template_name)
           ^^^^^^^^^^^^^^^^^^^^^^^^^^^^^^^^^^
  File "C:\Users\vitya\AppData\Local\Programs\Python\Python311\Lib\site-packages\django\template\backends\django.py", line 33, in get_template
    return Template(self.engine.get_template(template_name), self)
                    ^^^^^^^^^^^^^^^^^^^^^^^^^^^^^^^^^^^^^^^
  File "C:\Users\vitya\AppData\Local\Programs\Python\Python311\Lib\site-packages\django\template\engine.py", line 177, in get_template
    template, origin = self.find_template(template_name)
                       ^^^^^^^^^^^^^^^^^^^^^^^^^^^^^^^^^
  File "C:\Users\vitya\AppData\Local\Programs\Python\Python311\Lib\site-packages\django\template\engine.py", line 159, in find_template
    template = loader.get_template(name, skip=skip)
               ^^^^^^^^^^^^^^^^^^^^^^^^^^^^^^^^^^^^
  File "C:\Users\vitya\AppData\Local\Programs\Python\Python311\Lib\site-packages\django\template\loaders\cached.py", line 57, in get_template
    template = super().get_template(template_name, skip)
               ^^^^^^^^^^^^^^^^^^^^^^^^^^^^^^^^^^^^^^^^^
  File "C:\Users\vitya\AppData\Local\Programs\Python\Python311\Lib\site-packages\django\template\loaders\base.py", line 28, in get_template
    return Template(
           ^^^^^^^^^
  File "C:\Users\vitya\AppData\Local\Programs\Python\Python311\Lib\site-packages\django\template\base.py", line 154, in __init__
    self.nodelist = self.compile_nodelist()
                    ^^^^^^^^^^^^^^^^^^^^^^^
  File "C:\Users\vitya\AppData\Local\Programs\Python\Python311\Lib\site-packages\django\template\base.py", line 196, in compile_nodelist
    return parser.parse()
           ^^^^^^^^^^^^^^
  File "C:\Users\vitya\AppData\Local\Programs\Python\Python311\Lib\site-packages\django\template\base.py", line 510, in parse
    raise self.error(token, e)
  File "C:\Users\vitya\AppData\Local\Programs\Python\Python311\Lib\site-packages\django\template\base.py", line 508, in parse
    compiled_result = compile_func(self, token)
                      ^^^^^^^^^^^^^^^^^^^^^^^^^
  File "C:\Users\vitya\AppData\Local\Programs\Python\Python311\Lib\site-packages\django\template\loader_tags.py", line 295, in do_extends
    nodelist = parser.parse()
               ^^^^^^^^^^^^^^
  File "C:\Users\vitya\AppData\Local\Programs\Python\Python311\Lib\site-packages\django\template\base.py", line 510, in parse
    raise self.error(token, e)
  File "C:\Users\vitya\AppData\Local\Programs\Python\Python311\Lib\site-packages\django\template\base.py", line 508, in parse
    compiled_result = compile_func(self, token)
                      ^^^^^^^^^^^^^^^^^^^^^^^^^
  File "C:\Users\vitya\AppData\Local\Programs\Python\Python311\Lib\site-packages\django\template\loader_tags.py", line 234, in do_block
    nodelist = parser.parse(("endblock",))
               ^^^^^^^^^^^^^^^^^^^^^^^^^^^
  File "C:\Users\vitya\AppData\Local\Programs\Python\Python311\Lib\site-packages\django\template\base.py", line 504, in parse
    self.invalid_block_tag(token, command, parse_until)
  File "C:\Users\vitya\AppData\Local\Programs\Python\Python311\Lib\site-packages\django\template\base.py", line 555, in invalid_block_tag
    raise self.error(
django.template.exceptions.TemplateSyntaxError: Invalid block tag on line 33: 'endfor', expected 'endblock'. Did you forget to register or load this tag?
2024-05-22 19:52:05,577 INFO News successful got
2024-05-22 19:54:58,724 ERROR Internal Server Error: /contacts/
Traceback (most recent call last):
  File "C:\Users\vitya\AppData\Local\Programs\Python\Python311\Lib\site-packages\django\template\base.py", line 502, in parse
    compile_func = self.tags[command]
                   ~~~~~~~~~^^^^^^^^^
KeyError: 'static'

During handling of the above exception, another exception occurred:

Traceback (most recent call last):
  File "C:\Users\vitya\AppData\Local\Programs\Python\Python311\Lib\site-packages\django\core\handlers\exception.py", line 55, in inner
    response = get_response(request)
               ^^^^^^^^^^^^^^^^^^^^^
  File "C:\Users\vitya\AppData\Local\Programs\Python\Python311\Lib\site-packages\django\core\handlers\base.py", line 197, in _get_response
    response = wrapped_callback(request, *callback_args, **callback_kwargs)
               ^^^^^^^^^^^^^^^^^^^^^^^^^^^^^^^^^^^^^^^^^^^^^^^^^^^^^^^^^^^^
  File "C:\Users\vitya\cinema\movies\views.py", line 103, in contacts
    return render(request, 'contacts.html', { 'staff' : staff })
           ^^^^^^^^^^^^^^^^^^^^^^^^^^^^^^^^^^^^^^^^^^^^^^^^^^^^^
  File "C:\Users\vitya\AppData\Local\Programs\Python\Python311\Lib\site-packages\django\shortcuts.py", line 25, in render
    content = loader.render_to_string(template_name, context, request, using=using)
              ^^^^^^^^^^^^^^^^^^^^^^^^^^^^^^^^^^^^^^^^^^^^^^^^^^^^^^^^^^^^^^^^^^^^^
  File "C:\Users\vitya\AppData\Local\Programs\Python\Python311\Lib\site-packages\django\template\loader.py", line 61, in render_to_string
    template = get_template(template_name, using=using)
               ^^^^^^^^^^^^^^^^^^^^^^^^^^^^^^^^^^^^^^^^
  File "C:\Users\vitya\AppData\Local\Programs\Python\Python311\Lib\site-packages\django\template\loader.py", line 15, in get_template
    return engine.get_template(template_name)
           ^^^^^^^^^^^^^^^^^^^^^^^^^^^^^^^^^^
  File "C:\Users\vitya\AppData\Local\Programs\Python\Python311\Lib\site-packages\django\template\backends\django.py", line 33, in get_template
    return Template(self.engine.get_template(template_name), self)
                    ^^^^^^^^^^^^^^^^^^^^^^^^^^^^^^^^^^^^^^^
  File "C:\Users\vitya\AppData\Local\Programs\Python\Python311\Lib\site-packages\django\template\engine.py", line 177, in get_template
    template, origin = self.find_template(template_name)
                       ^^^^^^^^^^^^^^^^^^^^^^^^^^^^^^^^^
  File "C:\Users\vitya\AppData\Local\Programs\Python\Python311\Lib\site-packages\django\template\engine.py", line 159, in find_template
    template = loader.get_template(name, skip=skip)
               ^^^^^^^^^^^^^^^^^^^^^^^^^^^^^^^^^^^^
  File "C:\Users\vitya\AppData\Local\Programs\Python\Python311\Lib\site-packages\django\template\loaders\cached.py", line 57, in get_template
    template = super().get_template(template_name, skip)
               ^^^^^^^^^^^^^^^^^^^^^^^^^^^^^^^^^^^^^^^^^
  File "C:\Users\vitya\AppData\Local\Programs\Python\Python311\Lib\site-packages\django\template\loaders\base.py", line 28, in get_template
    return Template(
           ^^^^^^^^^
  File "C:\Users\vitya\AppData\Local\Programs\Python\Python311\Lib\site-packages\django\template\base.py", line 154, in __init__
    self.nodelist = self.compile_nodelist()
                    ^^^^^^^^^^^^^^^^^^^^^^^
  File "C:\Users\vitya\AppData\Local\Programs\Python\Python311\Lib\site-packages\django\template\base.py", line 196, in compile_nodelist
    return parser.parse()
           ^^^^^^^^^^^^^^
  File "C:\Users\vitya\AppData\Local\Programs\Python\Python311\Lib\site-packages\django\template\base.py", line 510, in parse
    raise self.error(token, e)
  File "C:\Users\vitya\AppData\Local\Programs\Python\Python311\Lib\site-packages\django\template\base.py", line 508, in parse
    compiled_result = compile_func(self, token)
                      ^^^^^^^^^^^^^^^^^^^^^^^^^
  File "C:\Users\vitya\AppData\Local\Programs\Python\Python311\Lib\site-packages\django\template\loader_tags.py", line 295, in do_extends
    nodelist = parser.parse()
               ^^^^^^^^^^^^^^
  File "C:\Users\vitya\AppData\Local\Programs\Python\Python311\Lib\site-packages\django\template\base.py", line 510, in parse
    raise self.error(token, e)
  File "C:\Users\vitya\AppData\Local\Programs\Python\Python311\Lib\site-packages\django\template\base.py", line 508, in parse
    compiled_result = compile_func(self, token)
                      ^^^^^^^^^^^^^^^^^^^^^^^^^
  File "C:\Users\vitya\AppData\Local\Programs\Python\Python311\Lib\site-packages\django\template\loader_tags.py", line 234, in do_block
    nodelist = parser.parse(("endblock",))
               ^^^^^^^^^^^^^^^^^^^^^^^^^^^
  File "C:\Users\vitya\AppData\Local\Programs\Python\Python311\Lib\site-packages\django\template\base.py", line 510, in parse
    raise self.error(token, e)
  File "C:\Users\vitya\AppData\Local\Programs\Python\Python311\Lib\site-packages\django\template\base.py", line 508, in parse
    compiled_result = compile_func(self, token)
                      ^^^^^^^^^^^^^^^^^^^^^^^^^
  File "C:\Users\vitya\AppData\Local\Programs\Python\Python311\Lib\site-packages\django\template\defaulttags.py", line 861, in do_for
    nodelist_loop = parser.parse(
                    ^^^^^^^^^^^^^
  File "C:\Users\vitya\AppData\Local\Programs\Python\Python311\Lib\site-packages\django\template\base.py", line 510, in parse
    raise self.error(token, e)
  File "C:\Users\vitya\AppData\Local\Programs\Python\Python311\Lib\site-packages\django\template\base.py", line 508, in parse
    compiled_result = compile_func(self, token)
                      ^^^^^^^^^^^^^^^^^^^^^^^^^
  File "C:\Users\vitya\AppData\Local\Programs\Python\Python311\Lib\site-packages\django\template\defaulttags.py", line 975, in do_if
    nodelist = parser.parse(("endif",))
               ^^^^^^^^^^^^^^^^^^^^^^^^
  File "C:\Users\vitya\AppData\Local\Programs\Python\Python311\Lib\site-packages\django\template\base.py", line 504, in parse
    self.invalid_block_tag(token, command, parse_until)
  File "C:\Users\vitya\AppData\Local\Programs\Python\Python311\Lib\site-packages\django\template\base.py", line 555, in invalid_block_tag
    raise self.error(
django.template.exceptions.TemplateSyntaxError: Invalid block tag on line 38: 'static', expected 'endif'. Did you forget to register or load this tag?
2024-05-22 19:55:01,402 ERROR Internal Server Error: /contacts/
Traceback (most recent call last):
  File "C:\Users\vitya\AppData\Local\Programs\Python\Python311\Lib\site-packages\django\template\base.py", line 502, in parse
    compile_func = self.tags[command]
                   ~~~~~~~~~^^^^^^^^^
KeyError: 'static'

During handling of the above exception, another exception occurred:

Traceback (most recent call last):
  File "C:\Users\vitya\AppData\Local\Programs\Python\Python311\Lib\site-packages\django\core\handlers\exception.py", line 55, in inner
    response = get_response(request)
               ^^^^^^^^^^^^^^^^^^^^^
  File "C:\Users\vitya\AppData\Local\Programs\Python\Python311\Lib\site-packages\django\core\handlers\base.py", line 197, in _get_response
    response = wrapped_callback(request, *callback_args, **callback_kwargs)
               ^^^^^^^^^^^^^^^^^^^^^^^^^^^^^^^^^^^^^^^^^^^^^^^^^^^^^^^^^^^^
  File "C:\Users\vitya\cinema\movies\views.py", line 103, in contacts
    return render(request, 'contacts.html', { 'staff' : staff })
           ^^^^^^^^^^^^^^^^^^^^^^^^^^^^^^^^^^^^^^^^^^^^^^^^^^^^^
  File "C:\Users\vitya\AppData\Local\Programs\Python\Python311\Lib\site-packages\django\shortcuts.py", line 25, in render
    content = loader.render_to_string(template_name, context, request, using=using)
              ^^^^^^^^^^^^^^^^^^^^^^^^^^^^^^^^^^^^^^^^^^^^^^^^^^^^^^^^^^^^^^^^^^^^^
  File "C:\Users\vitya\AppData\Local\Programs\Python\Python311\Lib\site-packages\django\template\loader.py", line 61, in render_to_string
    template = get_template(template_name, using=using)
               ^^^^^^^^^^^^^^^^^^^^^^^^^^^^^^^^^^^^^^^^
  File "C:\Users\vitya\AppData\Local\Programs\Python\Python311\Lib\site-packages\django\template\loader.py", line 15, in get_template
    return engine.get_template(template_name)
           ^^^^^^^^^^^^^^^^^^^^^^^^^^^^^^^^^^
  File "C:\Users\vitya\AppData\Local\Programs\Python\Python311\Lib\site-packages\django\template\backends\django.py", line 33, in get_template
    return Template(self.engine.get_template(template_name), self)
                    ^^^^^^^^^^^^^^^^^^^^^^^^^^^^^^^^^^^^^^^
  File "C:\Users\vitya\AppData\Local\Programs\Python\Python311\Lib\site-packages\django\template\engine.py", line 177, in get_template
    template, origin = self.find_template(template_name)
                       ^^^^^^^^^^^^^^^^^^^^^^^^^^^^^^^^^
  File "C:\Users\vitya\AppData\Local\Programs\Python\Python311\Lib\site-packages\django\template\engine.py", line 159, in find_template
    template = loader.get_template(name, skip=skip)
               ^^^^^^^^^^^^^^^^^^^^^^^^^^^^^^^^^^^^
  File "C:\Users\vitya\AppData\Local\Programs\Python\Python311\Lib\site-packages\django\template\loaders\cached.py", line 57, in get_template
    template = super().get_template(template_name, skip)
               ^^^^^^^^^^^^^^^^^^^^^^^^^^^^^^^^^^^^^^^^^
  File "C:\Users\vitya\AppData\Local\Programs\Python\Python311\Lib\site-packages\django\template\loaders\base.py", line 28, in get_template
    return Template(
           ^^^^^^^^^
  File "C:\Users\vitya\AppData\Local\Programs\Python\Python311\Lib\site-packages\django\template\base.py", line 154, in __init__
    self.nodelist = self.compile_nodelist()
                    ^^^^^^^^^^^^^^^^^^^^^^^
  File "C:\Users\vitya\AppData\Local\Programs\Python\Python311\Lib\site-packages\django\template\base.py", line 196, in compile_nodelist
    return parser.parse()
           ^^^^^^^^^^^^^^
  File "C:\Users\vitya\AppData\Local\Programs\Python\Python311\Lib\site-packages\django\template\base.py", line 510, in parse
    raise self.error(token, e)
  File "C:\Users\vitya\AppData\Local\Programs\Python\Python311\Lib\site-packages\django\template\base.py", line 508, in parse
    compiled_result = compile_func(self, token)
                      ^^^^^^^^^^^^^^^^^^^^^^^^^
  File "C:\Users\vitya\AppData\Local\Programs\Python\Python311\Lib\site-packages\django\template\loader_tags.py", line 295, in do_extends
    nodelist = parser.parse()
               ^^^^^^^^^^^^^^
  File "C:\Users\vitya\AppData\Local\Programs\Python\Python311\Lib\site-packages\django\template\base.py", line 510, in parse
    raise self.error(token, e)
  File "C:\Users\vitya\AppData\Local\Programs\Python\Python311\Lib\site-packages\django\template\base.py", line 508, in parse
    compiled_result = compile_func(self, token)
                      ^^^^^^^^^^^^^^^^^^^^^^^^^
  File "C:\Users\vitya\AppData\Local\Programs\Python\Python311\Lib\site-packages\django\template\loader_tags.py", line 234, in do_block
    nodelist = parser.parse(("endblock",))
               ^^^^^^^^^^^^^^^^^^^^^^^^^^^
  File "C:\Users\vitya\AppData\Local\Programs\Python\Python311\Lib\site-packages\django\template\base.py", line 510, in parse
    raise self.error(token, e)
  File "C:\Users\vitya\AppData\Local\Programs\Python\Python311\Lib\site-packages\django\template\base.py", line 508, in parse
    compiled_result = compile_func(self, token)
                      ^^^^^^^^^^^^^^^^^^^^^^^^^
  File "C:\Users\vitya\AppData\Local\Programs\Python\Python311\Lib\site-packages\django\template\defaulttags.py", line 861, in do_for
    nodelist_loop = parser.parse(
                    ^^^^^^^^^^^^^
  File "C:\Users\vitya\AppData\Local\Programs\Python\Python311\Lib\site-packages\django\template\base.py", line 510, in parse
    raise self.error(token, e)
  File "C:\Users\vitya\AppData\Local\Programs\Python\Python311\Lib\site-packages\django\template\base.py", line 508, in parse
    compiled_result = compile_func(self, token)
                      ^^^^^^^^^^^^^^^^^^^^^^^^^
  File "C:\Users\vitya\AppData\Local\Programs\Python\Python311\Lib\site-packages\django\template\defaulttags.py", line 975, in do_if
    nodelist = parser.parse(("endif",))
               ^^^^^^^^^^^^^^^^^^^^^^^^
  File "C:\Users\vitya\AppData\Local\Programs\Python\Python311\Lib\site-packages\django\template\base.py", line 504, in parse
    self.invalid_block_tag(token, command, parse_until)
  File "C:\Users\vitya\AppData\Local\Programs\Python\Python311\Lib\site-packages\django\template\base.py", line 555, in invalid_block_tag
    raise self.error(
django.template.exceptions.TemplateSyntaxError: Invalid block tag on line 38: 'static', expected 'endif'. Did you forget to register or load this tag?
2024-05-22 19:59:05,114 INFO News successful got
2024-05-22 19:59:46,186 INFO News successful got
2024-05-22 19:59:46,215 ERROR Internal Server Error: /news/
Traceback (most recent call last):
  File "C:\Users\vitya\AppData\Local\Programs\Python\Python311\Lib\site-packages\django\template\base.py", line 502, in parse
    compile_func = self.tags[command]
                   ~~~~~~~~~^^^^^^^^^
KeyError: 'endblock'

During handling of the above exception, another exception occurred:

Traceback (most recent call last):
  File "C:\Users\vitya\AppData\Local\Programs\Python\Python311\Lib\site-packages\django\core\handlers\exception.py", line 55, in inner
    response = get_response(request)
               ^^^^^^^^^^^^^^^^^^^^^
  File "C:\Users\vitya\AppData\Local\Programs\Python\Python311\Lib\site-packages\django\core\handlers\base.py", line 197, in _get_response
    response = wrapped_callback(request, *callback_args, **callback_kwargs)
               ^^^^^^^^^^^^^^^^^^^^^^^^^^^^^^^^^^^^^^^^^^^^^^^^^^^^^^^^^^^^
  File "C:\Users\vitya\cinema\movies\views.py", line 77, in news
    return render(request, 'news.html', { 'news_list' : news_list })
           ^^^^^^^^^^^^^^^^^^^^^^^^^^^^^^^^^^^^^^^^^^^^^^^^^^^^^^^^^
  File "C:\Users\vitya\AppData\Local\Programs\Python\Python311\Lib\site-packages\django\shortcuts.py", line 25, in render
    content = loader.render_to_string(template_name, context, request, using=using)
              ^^^^^^^^^^^^^^^^^^^^^^^^^^^^^^^^^^^^^^^^^^^^^^^^^^^^^^^^^^^^^^^^^^^^^
  File "C:\Users\vitya\AppData\Local\Programs\Python\Python311\Lib\site-packages\django\template\loader.py", line 61, in render_to_string
    template = get_template(template_name, using=using)
               ^^^^^^^^^^^^^^^^^^^^^^^^^^^^^^^^^^^^^^^^
  File "C:\Users\vitya\AppData\Local\Programs\Python\Python311\Lib\site-packages\django\template\loader.py", line 15, in get_template
    return engine.get_template(template_name)
           ^^^^^^^^^^^^^^^^^^^^^^^^^^^^^^^^^^
  File "C:\Users\vitya\AppData\Local\Programs\Python\Python311\Lib\site-packages\django\template\backends\django.py", line 33, in get_template
    return Template(self.engine.get_template(template_name), self)
                    ^^^^^^^^^^^^^^^^^^^^^^^^^^^^^^^^^^^^^^^
  File "C:\Users\vitya\AppData\Local\Programs\Python\Python311\Lib\site-packages\django\template\engine.py", line 177, in get_template
    template, origin = self.find_template(template_name)
                       ^^^^^^^^^^^^^^^^^^^^^^^^^^^^^^^^^
  File "C:\Users\vitya\AppData\Local\Programs\Python\Python311\Lib\site-packages\django\template\engine.py", line 159, in find_template
    template = loader.get_template(name, skip=skip)
               ^^^^^^^^^^^^^^^^^^^^^^^^^^^^^^^^^^^^
  File "C:\Users\vitya\AppData\Local\Programs\Python\Python311\Lib\site-packages\django\template\loaders\cached.py", line 57, in get_template
    template = super().get_template(template_name, skip)
               ^^^^^^^^^^^^^^^^^^^^^^^^^^^^^^^^^^^^^^^^^
  File "C:\Users\vitya\AppData\Local\Programs\Python\Python311\Lib\site-packages\django\template\loaders\base.py", line 28, in get_template
    return Template(
           ^^^^^^^^^
  File "C:\Users\vitya\AppData\Local\Programs\Python\Python311\Lib\site-packages\django\template\base.py", line 154, in __init__
    self.nodelist = self.compile_nodelist()
                    ^^^^^^^^^^^^^^^^^^^^^^^
  File "C:\Users\vitya\AppData\Local\Programs\Python\Python311\Lib\site-packages\django\template\base.py", line 196, in compile_nodelist
    return parser.parse()
           ^^^^^^^^^^^^^^
  File "C:\Users\vitya\AppData\Local\Programs\Python\Python311\Lib\site-packages\django\template\base.py", line 510, in parse
    raise self.error(token, e)
  File "C:\Users\vitya\AppData\Local\Programs\Python\Python311\Lib\site-packages\django\template\base.py", line 508, in parse
    compiled_result = compile_func(self, token)
                      ^^^^^^^^^^^^^^^^^^^^^^^^^
  File "C:\Users\vitya\AppData\Local\Programs\Python\Python311\Lib\site-packages\django\template\loader_tags.py", line 295, in do_extends
    nodelist = parser.parse()
               ^^^^^^^^^^^^^^
  File "C:\Users\vitya\AppData\Local\Programs\Python\Python311\Lib\site-packages\django\template\base.py", line 504, in parse
    self.invalid_block_tag(token, command, parse_until)
  File "C:\Users\vitya\AppData\Local\Programs\Python\Python311\Lib\site-packages\django\template\base.py", line 565, in invalid_block_tag
    raise self.error(
django.template.exceptions.TemplateSyntaxError: Invalid block tag on line 9: 'endblock'. Did you forget to register or load this tag?
2024-05-22 19:59:46,897 INFO News successful got
2024-05-22 19:59:46,921 ERROR Internal Server Error: /news/
Traceback (most recent call last):
  File "C:\Users\vitya\AppData\Local\Programs\Python\Python311\Lib\site-packages\django\template\base.py", line 502, in parse
    compile_func = self.tags[command]
                   ~~~~~~~~~^^^^^^^^^
KeyError: 'endblock'

During handling of the above exception, another exception occurred:

Traceback (most recent call last):
  File "C:\Users\vitya\AppData\Local\Programs\Python\Python311\Lib\site-packages\django\core\handlers\exception.py", line 55, in inner
    response = get_response(request)
               ^^^^^^^^^^^^^^^^^^^^^
  File "C:\Users\vitya\AppData\Local\Programs\Python\Python311\Lib\site-packages\django\core\handlers\base.py", line 197, in _get_response
    response = wrapped_callback(request, *callback_args, **callback_kwargs)
               ^^^^^^^^^^^^^^^^^^^^^^^^^^^^^^^^^^^^^^^^^^^^^^^^^^^^^^^^^^^^
  File "C:\Users\vitya\cinema\movies\views.py", line 77, in news
    return render(request, 'news.html', { 'news_list' : news_list })
           ^^^^^^^^^^^^^^^^^^^^^^^^^^^^^^^^^^^^^^^^^^^^^^^^^^^^^^^^^
  File "C:\Users\vitya\AppData\Local\Programs\Python\Python311\Lib\site-packages\django\shortcuts.py", line 25, in render
    content = loader.render_to_string(template_name, context, request, using=using)
              ^^^^^^^^^^^^^^^^^^^^^^^^^^^^^^^^^^^^^^^^^^^^^^^^^^^^^^^^^^^^^^^^^^^^^
  File "C:\Users\vitya\AppData\Local\Programs\Python\Python311\Lib\site-packages\django\template\loader.py", line 61, in render_to_string
    template = get_template(template_name, using=using)
               ^^^^^^^^^^^^^^^^^^^^^^^^^^^^^^^^^^^^^^^^
  File "C:\Users\vitya\AppData\Local\Programs\Python\Python311\Lib\site-packages\django\template\loader.py", line 15, in get_template
    return engine.get_template(template_name)
           ^^^^^^^^^^^^^^^^^^^^^^^^^^^^^^^^^^
  File "C:\Users\vitya\AppData\Local\Programs\Python\Python311\Lib\site-packages\django\template\backends\django.py", line 33, in get_template
    return Template(self.engine.get_template(template_name), self)
                    ^^^^^^^^^^^^^^^^^^^^^^^^^^^^^^^^^^^^^^^
  File "C:\Users\vitya\AppData\Local\Programs\Python\Python311\Lib\site-packages\django\template\engine.py", line 177, in get_template
    template, origin = self.find_template(template_name)
                       ^^^^^^^^^^^^^^^^^^^^^^^^^^^^^^^^^
  File "C:\Users\vitya\AppData\Local\Programs\Python\Python311\Lib\site-packages\django\template\engine.py", line 159, in find_template
    template = loader.get_template(name, skip=skip)
               ^^^^^^^^^^^^^^^^^^^^^^^^^^^^^^^^^^^^
  File "C:\Users\vitya\AppData\Local\Programs\Python\Python311\Lib\site-packages\django\template\loaders\cached.py", line 57, in get_template
    template = super().get_template(template_name, skip)
               ^^^^^^^^^^^^^^^^^^^^^^^^^^^^^^^^^^^^^^^^^
  File "C:\Users\vitya\AppData\Local\Programs\Python\Python311\Lib\site-packages\django\template\loaders\base.py", line 28, in get_template
    return Template(
           ^^^^^^^^^
  File "C:\Users\vitya\AppData\Local\Programs\Python\Python311\Lib\site-packages\django\template\base.py", line 154, in __init__
    self.nodelist = self.compile_nodelist()
                    ^^^^^^^^^^^^^^^^^^^^^^^
  File "C:\Users\vitya\AppData\Local\Programs\Python\Python311\Lib\site-packages\django\template\base.py", line 196, in compile_nodelist
    return parser.parse()
           ^^^^^^^^^^^^^^
  File "C:\Users\vitya\AppData\Local\Programs\Python\Python311\Lib\site-packages\django\template\base.py", line 510, in parse
    raise self.error(token, e)
  File "C:\Users\vitya\AppData\Local\Programs\Python\Python311\Lib\site-packages\django\template\base.py", line 508, in parse
    compiled_result = compile_func(self, token)
                      ^^^^^^^^^^^^^^^^^^^^^^^^^
  File "C:\Users\vitya\AppData\Local\Programs\Python\Python311\Lib\site-packages\django\template\loader_tags.py", line 295, in do_extends
    nodelist = parser.parse()
               ^^^^^^^^^^^^^^
  File "C:\Users\vitya\AppData\Local\Programs\Python\Python311\Lib\site-packages\django\template\base.py", line 504, in parse
    self.invalid_block_tag(token, command, parse_until)
  File "C:\Users\vitya\AppData\Local\Programs\Python\Python311\Lib\site-packages\django\template\base.py", line 565, in invalid_block_tag
    raise self.error(
django.template.exceptions.TemplateSyntaxError: Invalid block tag on line 9: 'endblock'. Did you forget to register or load this tag?
2024-05-22 20:00:12,359 INFO News successful got
2024-05-22 20:00:12,391 ERROR Internal Server Error: /news/
Traceback (most recent call last):
  File "C:\Users\vitya\AppData\Local\Programs\Python\Python311\Lib\site-packages\django\template\base.py", line 502, in parse
    compile_func = self.tags[command]
                   ~~~~~~~~~^^^^^^^^^
KeyError: 'endblock'

During handling of the above exception, another exception occurred:

Traceback (most recent call last):
  File "C:\Users\vitya\AppData\Local\Programs\Python\Python311\Lib\site-packages\django\core\handlers\exception.py", line 55, in inner
    response = get_response(request)
               ^^^^^^^^^^^^^^^^^^^^^
  File "C:\Users\vitya\AppData\Local\Programs\Python\Python311\Lib\site-packages\django\core\handlers\base.py", line 197, in _get_response
    response = wrapped_callback(request, *callback_args, **callback_kwargs)
               ^^^^^^^^^^^^^^^^^^^^^^^^^^^^^^^^^^^^^^^^^^^^^^^^^^^^^^^^^^^^
  File "C:\Users\vitya\cinema\movies\views.py", line 77, in news
    return render(request, 'news.html', { 'news_list' : news_list })
           ^^^^^^^^^^^^^^^^^^^^^^^^^^^^^^^^^^^^^^^^^^^^^^^^^^^^^^^^^
  File "C:\Users\vitya\AppData\Local\Programs\Python\Python311\Lib\site-packages\django\shortcuts.py", line 25, in render
    content = loader.render_to_string(template_name, context, request, using=using)
              ^^^^^^^^^^^^^^^^^^^^^^^^^^^^^^^^^^^^^^^^^^^^^^^^^^^^^^^^^^^^^^^^^^^^^
  File "C:\Users\vitya\AppData\Local\Programs\Python\Python311\Lib\site-packages\django\template\loader.py", line 61, in render_to_string
    template = get_template(template_name, using=using)
               ^^^^^^^^^^^^^^^^^^^^^^^^^^^^^^^^^^^^^^^^
  File "C:\Users\vitya\AppData\Local\Programs\Python\Python311\Lib\site-packages\django\template\loader.py", line 15, in get_template
    return engine.get_template(template_name)
           ^^^^^^^^^^^^^^^^^^^^^^^^^^^^^^^^^^
  File "C:\Users\vitya\AppData\Local\Programs\Python\Python311\Lib\site-packages\django\template\backends\django.py", line 33, in get_template
    return Template(self.engine.get_template(template_name), self)
                    ^^^^^^^^^^^^^^^^^^^^^^^^^^^^^^^^^^^^^^^
  File "C:\Users\vitya\AppData\Local\Programs\Python\Python311\Lib\site-packages\django\template\engine.py", line 177, in get_template
    template, origin = self.find_template(template_name)
                       ^^^^^^^^^^^^^^^^^^^^^^^^^^^^^^^^^
  File "C:\Users\vitya\AppData\Local\Programs\Python\Python311\Lib\site-packages\django\template\engine.py", line 159, in find_template
    template = loader.get_template(name, skip=skip)
               ^^^^^^^^^^^^^^^^^^^^^^^^^^^^^^^^^^^^
  File "C:\Users\vitya\AppData\Local\Programs\Python\Python311\Lib\site-packages\django\template\loaders\cached.py", line 57, in get_template
    template = super().get_template(template_name, skip)
               ^^^^^^^^^^^^^^^^^^^^^^^^^^^^^^^^^^^^^^^^^
  File "C:\Users\vitya\AppData\Local\Programs\Python\Python311\Lib\site-packages\django\template\loaders\base.py", line 28, in get_template
    return Template(
           ^^^^^^^^^
  File "C:\Users\vitya\AppData\Local\Programs\Python\Python311\Lib\site-packages\django\template\base.py", line 154, in __init__
    self.nodelist = self.compile_nodelist()
                    ^^^^^^^^^^^^^^^^^^^^^^^
  File "C:\Users\vitya\AppData\Local\Programs\Python\Python311\Lib\site-packages\django\template\base.py", line 196, in compile_nodelist
    return parser.parse()
           ^^^^^^^^^^^^^^
  File "C:\Users\vitya\AppData\Local\Programs\Python\Python311\Lib\site-packages\django\template\base.py", line 510, in parse
    raise self.error(token, e)
  File "C:\Users\vitya\AppData\Local\Programs\Python\Python311\Lib\site-packages\django\template\base.py", line 508, in parse
    compiled_result = compile_func(self, token)
                      ^^^^^^^^^^^^^^^^^^^^^^^^^
  File "C:\Users\vitya\AppData\Local\Programs\Python\Python311\Lib\site-packages\django\template\loader_tags.py", line 295, in do_extends
    nodelist = parser.parse()
               ^^^^^^^^^^^^^^
  File "C:\Users\vitya\AppData\Local\Programs\Python\Python311\Lib\site-packages\django\template\base.py", line 504, in parse
    self.invalid_block_tag(token, command, parse_until)
  File "C:\Users\vitya\AppData\Local\Programs\Python\Python311\Lib\site-packages\django\template\base.py", line 565, in invalid_block_tag
    raise self.error(
django.template.exceptions.TemplateSyntaxError: Invalid block tag on line 3: 'endblock'. Did you forget to register or load this tag?
2024-05-22 20:00:12,748 INFO News successful got
2024-05-22 20:00:13,109 INFO News successful got
2024-05-22 20:00:13,407 INFO News successful got
2024-05-22 20:00:13,598 INFO News successful got
2024-05-22 20:00:18,648 INFO News successful got
2024-05-22 20:00:18,934 INFO News successful got
2024-05-22 20:00:19,208 INFO News successful got
2024-05-22 20:00:19,573 INFO News successful got
2024-05-22 20:00:19,890 INFO News successful got
2024-05-22 20:00:20,490 INFO News successful got
2024-05-22 20:00:24,805 INFO News successful got
2024-05-22 20:00:25,074 INFO News successful got
2024-05-22 20:00:25,299 INFO News successful got
2024-05-22 20:00:25,584 INFO News successful got
2024-05-22 20:00:25,891 INFO News successful got
2024-05-22 20:00:26,136 INFO News successful got
2024-05-22 20:00:34,189 INFO News successful got
2024-05-22 20:01:40,201 INFO News successful got
2024-05-22 20:01:46,438 INFO News successful got
2024-05-22 20:03:48,890 INFO News successful got
2024-05-22 20:03:52,429 INFO News successful got
2024-05-22 20:16:16,124 ERROR Internal Server Error: /
Traceback (most recent call last):
  File "C:\Users\vitya\AppData\Local\Programs\Python\Python311\Lib\site-packages\django\template\base.py", line 502, in parse
    compile_func = self.tags[command]
                   ~~~~~~~~~^^^^^^^^^
KeyError: 'endblock'

During handling of the above exception, another exception occurred:

Traceback (most recent call last):
  File "C:\Users\vitya\AppData\Local\Programs\Python\Python311\Lib\site-packages\django\core\handlers\exception.py", line 55, in inner
    response = get_response(request)
               ^^^^^^^^^^^^^^^^^^^^^
  File "C:\Users\vitya\AppData\Local\Programs\Python\Python311\Lib\site-packages\django\core\handlers\base.py", line 197, in _get_response
    response = wrapped_callback(request, *callback_args, **callback_kwargs)
               ^^^^^^^^^^^^^^^^^^^^^^^^^^^^^^^^^^^^^^^^^^^^^^^^^^^^^^^^^^^^
  File "C:\Users\vitya\cinema\movies\views.py", line 41, in index
    return render(request, 'main.html')
           ^^^^^^^^^^^^^^^^^^^^^^^^^^^^
  File "C:\Users\vitya\AppData\Local\Programs\Python\Python311\Lib\site-packages\django\shortcuts.py", line 25, in render
    content = loader.render_to_string(template_name, context, request, using=using)
              ^^^^^^^^^^^^^^^^^^^^^^^^^^^^^^^^^^^^^^^^^^^^^^^^^^^^^^^^^^^^^^^^^^^^^
  File "C:\Users\vitya\AppData\Local\Programs\Python\Python311\Lib\site-packages\django\template\loader.py", line 61, in render_to_string
    template = get_template(template_name, using=using)
               ^^^^^^^^^^^^^^^^^^^^^^^^^^^^^^^^^^^^^^^^
  File "C:\Users\vitya\AppData\Local\Programs\Python\Python311\Lib\site-packages\django\template\loader.py", line 15, in get_template
    return engine.get_template(template_name)
           ^^^^^^^^^^^^^^^^^^^^^^^^^^^^^^^^^^
  File "C:\Users\vitya\AppData\Local\Programs\Python\Python311\Lib\site-packages\django\template\backends\django.py", line 33, in get_template
    return Template(self.engine.get_template(template_name), self)
                    ^^^^^^^^^^^^^^^^^^^^^^^^^^^^^^^^^^^^^^^
  File "C:\Users\vitya\AppData\Local\Programs\Python\Python311\Lib\site-packages\django\template\engine.py", line 177, in get_template
    template, origin = self.find_template(template_name)
                       ^^^^^^^^^^^^^^^^^^^^^^^^^^^^^^^^^
  File "C:\Users\vitya\AppData\Local\Programs\Python\Python311\Lib\site-packages\django\template\engine.py", line 159, in find_template
    template = loader.get_template(name, skip=skip)
               ^^^^^^^^^^^^^^^^^^^^^^^^^^^^^^^^^^^^
  File "C:\Users\vitya\AppData\Local\Programs\Python\Python311\Lib\site-packages\django\template\loaders\cached.py", line 57, in get_template
    template = super().get_template(template_name, skip)
               ^^^^^^^^^^^^^^^^^^^^^^^^^^^^^^^^^^^^^^^^^
  File "C:\Users\vitya\AppData\Local\Programs\Python\Python311\Lib\site-packages\django\template\loaders\base.py", line 28, in get_template
    return Template(
           ^^^^^^^^^
  File "C:\Users\vitya\AppData\Local\Programs\Python\Python311\Lib\site-packages\django\template\base.py", line 154, in __init__
    self.nodelist = self.compile_nodelist()
                    ^^^^^^^^^^^^^^^^^^^^^^^
  File "C:\Users\vitya\AppData\Local\Programs\Python\Python311\Lib\site-packages\django\template\base.py", line 196, in compile_nodelist
    return parser.parse()
           ^^^^^^^^^^^^^^
  File "C:\Users\vitya\AppData\Local\Programs\Python\Python311\Lib\site-packages\django\template\base.py", line 510, in parse
    raise self.error(token, e)
  File "C:\Users\vitya\AppData\Local\Programs\Python\Python311\Lib\site-packages\django\template\base.py", line 508, in parse
    compiled_result = compile_func(self, token)
                      ^^^^^^^^^^^^^^^^^^^^^^^^^
  File "C:\Users\vitya\AppData\Local\Programs\Python\Python311\Lib\site-packages\django\template\loader_tags.py", line 295, in do_extends
    nodelist = parser.parse()
               ^^^^^^^^^^^^^^
  File "C:\Users\vitya\AppData\Local\Programs\Python\Python311\Lib\site-packages\django\template\base.py", line 504, in parse
    self.invalid_block_tag(token, command, parse_until)
  File "C:\Users\vitya\AppData\Local\Programs\Python\Python311\Lib\site-packages\django\template\base.py", line 565, in invalid_block_tag
    raise self.error(
django.template.exceptions.TemplateSyntaxError: Invalid block tag on line 9: 'endblock'. Did you forget to register or load this tag?
2024-05-22 20:16:16,623 ERROR Internal Server Error: /
Traceback (most recent call last):
  File "C:\Users\vitya\AppData\Local\Programs\Python\Python311\Lib\site-packages\django\template\base.py", line 502, in parse
    compile_func = self.tags[command]
                   ~~~~~~~~~^^^^^^^^^
KeyError: 'endblock'

During handling of the above exception, another exception occurred:

Traceback (most recent call last):
  File "C:\Users\vitya\AppData\Local\Programs\Python\Python311\Lib\site-packages\django\core\handlers\exception.py", line 55, in inner
    response = get_response(request)
               ^^^^^^^^^^^^^^^^^^^^^
  File "C:\Users\vitya\AppData\Local\Programs\Python\Python311\Lib\site-packages\django\core\handlers\base.py", line 197, in _get_response
    response = wrapped_callback(request, *callback_args, **callback_kwargs)
               ^^^^^^^^^^^^^^^^^^^^^^^^^^^^^^^^^^^^^^^^^^^^^^^^^^^^^^^^^^^^
  File "C:\Users\vitya\cinema\movies\views.py", line 41, in index
    return render(request, 'main.html')
           ^^^^^^^^^^^^^^^^^^^^^^^^^^^^
  File "C:\Users\vitya\AppData\Local\Programs\Python\Python311\Lib\site-packages\django\shortcuts.py", line 25, in render
    content = loader.render_to_string(template_name, context, request, using=using)
              ^^^^^^^^^^^^^^^^^^^^^^^^^^^^^^^^^^^^^^^^^^^^^^^^^^^^^^^^^^^^^^^^^^^^^
  File "C:\Users\vitya\AppData\Local\Programs\Python\Python311\Lib\site-packages\django\template\loader.py", line 61, in render_to_string
    template = get_template(template_name, using=using)
               ^^^^^^^^^^^^^^^^^^^^^^^^^^^^^^^^^^^^^^^^
  File "C:\Users\vitya\AppData\Local\Programs\Python\Python311\Lib\site-packages\django\template\loader.py", line 15, in get_template
    return engine.get_template(template_name)
           ^^^^^^^^^^^^^^^^^^^^^^^^^^^^^^^^^^
  File "C:\Users\vitya\AppData\Local\Programs\Python\Python311\Lib\site-packages\django\template\backends\django.py", line 33, in get_template
    return Template(self.engine.get_template(template_name), self)
                    ^^^^^^^^^^^^^^^^^^^^^^^^^^^^^^^^^^^^^^^
  File "C:\Users\vitya\AppData\Local\Programs\Python\Python311\Lib\site-packages\django\template\engine.py", line 177, in get_template
    template, origin = self.find_template(template_name)
                       ^^^^^^^^^^^^^^^^^^^^^^^^^^^^^^^^^
  File "C:\Users\vitya\AppData\Local\Programs\Python\Python311\Lib\site-packages\django\template\engine.py", line 159, in find_template
    template = loader.get_template(name, skip=skip)
               ^^^^^^^^^^^^^^^^^^^^^^^^^^^^^^^^^^^^
  File "C:\Users\vitya\AppData\Local\Programs\Python\Python311\Lib\site-packages\django\template\loaders\cached.py", line 57, in get_template
    template = super().get_template(template_name, skip)
               ^^^^^^^^^^^^^^^^^^^^^^^^^^^^^^^^^^^^^^^^^
  File "C:\Users\vitya\AppData\Local\Programs\Python\Python311\Lib\site-packages\django\template\loaders\base.py", line 28, in get_template
    return Template(
           ^^^^^^^^^
  File "C:\Users\vitya\AppData\Local\Programs\Python\Python311\Lib\site-packages\django\template\base.py", line 154, in __init__
    self.nodelist = self.compile_nodelist()
                    ^^^^^^^^^^^^^^^^^^^^^^^
  File "C:\Users\vitya\AppData\Local\Programs\Python\Python311\Lib\site-packages\django\template\base.py", line 196, in compile_nodelist
    return parser.parse()
           ^^^^^^^^^^^^^^
  File "C:\Users\vitya\AppData\Local\Programs\Python\Python311\Lib\site-packages\django\template\base.py", line 510, in parse
    raise self.error(token, e)
  File "C:\Users\vitya\AppData\Local\Programs\Python\Python311\Lib\site-packages\django\template\base.py", line 508, in parse
    compiled_result = compile_func(self, token)
                      ^^^^^^^^^^^^^^^^^^^^^^^^^
  File "C:\Users\vitya\AppData\Local\Programs\Python\Python311\Lib\site-packages\django\template\loader_tags.py", line 295, in do_extends
    nodelist = parser.parse()
               ^^^^^^^^^^^^^^
  File "C:\Users\vitya\AppData\Local\Programs\Python\Python311\Lib\site-packages\django\template\base.py", line 504, in parse
    self.invalid_block_tag(token, command, parse_until)
  File "C:\Users\vitya\AppData\Local\Programs\Python\Python311\Lib\site-packages\django\template\base.py", line 565, in invalid_block_tag
    raise self.error(
django.template.exceptions.TemplateSyntaxError: Invalid block tag on line 9: 'endblock'. Did you forget to register or load this tag?
2024-05-22 20:16:17,057 ERROR Internal Server Error: /
Traceback (most recent call last):
  File "C:\Users\vitya\AppData\Local\Programs\Python\Python311\Lib\site-packages\django\template\base.py", line 502, in parse
    compile_func = self.tags[command]
                   ~~~~~~~~~^^^^^^^^^
KeyError: 'endblock'

During handling of the above exception, another exception occurred:

Traceback (most recent call last):
  File "C:\Users\vitya\AppData\Local\Programs\Python\Python311\Lib\site-packages\django\core\handlers\exception.py", line 55, in inner
    response = get_response(request)
               ^^^^^^^^^^^^^^^^^^^^^
  File "C:\Users\vitya\AppData\Local\Programs\Python\Python311\Lib\site-packages\django\core\handlers\base.py", line 197, in _get_response
    response = wrapped_callback(request, *callback_args, **callback_kwargs)
               ^^^^^^^^^^^^^^^^^^^^^^^^^^^^^^^^^^^^^^^^^^^^^^^^^^^^^^^^^^^^
  File "C:\Users\vitya\cinema\movies\views.py", line 41, in index
    return render(request, 'main.html')
           ^^^^^^^^^^^^^^^^^^^^^^^^^^^^
  File "C:\Users\vitya\AppData\Local\Programs\Python\Python311\Lib\site-packages\django\shortcuts.py", line 25, in render
    content = loader.render_to_string(template_name, context, request, using=using)
              ^^^^^^^^^^^^^^^^^^^^^^^^^^^^^^^^^^^^^^^^^^^^^^^^^^^^^^^^^^^^^^^^^^^^^
  File "C:\Users\vitya\AppData\Local\Programs\Python\Python311\Lib\site-packages\django\template\loader.py", line 61, in render_to_string
    template = get_template(template_name, using=using)
               ^^^^^^^^^^^^^^^^^^^^^^^^^^^^^^^^^^^^^^^^
  File "C:\Users\vitya\AppData\Local\Programs\Python\Python311\Lib\site-packages\django\template\loader.py", line 15, in get_template
    return engine.get_template(template_name)
           ^^^^^^^^^^^^^^^^^^^^^^^^^^^^^^^^^^
  File "C:\Users\vitya\AppData\Local\Programs\Python\Python311\Lib\site-packages\django\template\backends\django.py", line 33, in get_template
    return Template(self.engine.get_template(template_name), self)
                    ^^^^^^^^^^^^^^^^^^^^^^^^^^^^^^^^^^^^^^^
  File "C:\Users\vitya\AppData\Local\Programs\Python\Python311\Lib\site-packages\django\template\engine.py", line 177, in get_template
    template, origin = self.find_template(template_name)
                       ^^^^^^^^^^^^^^^^^^^^^^^^^^^^^^^^^
  File "C:\Users\vitya\AppData\Local\Programs\Python\Python311\Lib\site-packages\django\template\engine.py", line 159, in find_template
    template = loader.get_template(name, skip=skip)
               ^^^^^^^^^^^^^^^^^^^^^^^^^^^^^^^^^^^^
  File "C:\Users\vitya\AppData\Local\Programs\Python\Python311\Lib\site-packages\django\template\loaders\cached.py", line 57, in get_template
    template = super().get_template(template_name, skip)
               ^^^^^^^^^^^^^^^^^^^^^^^^^^^^^^^^^^^^^^^^^
  File "C:\Users\vitya\AppData\Local\Programs\Python\Python311\Lib\site-packages\django\template\loaders\base.py", line 28, in get_template
    return Template(
           ^^^^^^^^^
  File "C:\Users\vitya\AppData\Local\Programs\Python\Python311\Lib\site-packages\django\template\base.py", line 154, in __init__
    self.nodelist = self.compile_nodelist()
                    ^^^^^^^^^^^^^^^^^^^^^^^
  File "C:\Users\vitya\AppData\Local\Programs\Python\Python311\Lib\site-packages\django\template\base.py", line 196, in compile_nodelist
    return parser.parse()
           ^^^^^^^^^^^^^^
  File "C:\Users\vitya\AppData\Local\Programs\Python\Python311\Lib\site-packages\django\template\base.py", line 510, in parse
    raise self.error(token, e)
  File "C:\Users\vitya\AppData\Local\Programs\Python\Python311\Lib\site-packages\django\template\base.py", line 508, in parse
    compiled_result = compile_func(self, token)
                      ^^^^^^^^^^^^^^^^^^^^^^^^^
  File "C:\Users\vitya\AppData\Local\Programs\Python\Python311\Lib\site-packages\django\template\loader_tags.py", line 295, in do_extends
    nodelist = parser.parse()
               ^^^^^^^^^^^^^^
  File "C:\Users\vitya\AppData\Local\Programs\Python\Python311\Lib\site-packages\django\template\base.py", line 504, in parse
    self.invalid_block_tag(token, command, parse_until)
  File "C:\Users\vitya\AppData\Local\Programs\Python\Python311\Lib\site-packages\django\template\base.py", line 565, in invalid_block_tag
    raise self.error(
django.template.exceptions.TemplateSyntaxError: Invalid block tag on line 9: 'endblock'. Did you forget to register or load this tag?
2024-05-22 20:16:17,341 ERROR Internal Server Error: /
Traceback (most recent call last):
  File "C:\Users\vitya\AppData\Local\Programs\Python\Python311\Lib\site-packages\django\template\base.py", line 502, in parse
    compile_func = self.tags[command]
                   ~~~~~~~~~^^^^^^^^^
KeyError: 'endblock'

During handling of the above exception, another exception occurred:

Traceback (most recent call last):
  File "C:\Users\vitya\AppData\Local\Programs\Python\Python311\Lib\site-packages\django\core\handlers\exception.py", line 55, in inner
    response = get_response(request)
               ^^^^^^^^^^^^^^^^^^^^^
  File "C:\Users\vitya\AppData\Local\Programs\Python\Python311\Lib\site-packages\django\core\handlers\base.py", line 197, in _get_response
    response = wrapped_callback(request, *callback_args, **callback_kwargs)
               ^^^^^^^^^^^^^^^^^^^^^^^^^^^^^^^^^^^^^^^^^^^^^^^^^^^^^^^^^^^^
  File "C:\Users\vitya\cinema\movies\views.py", line 41, in index
    return render(request, 'main.html')
           ^^^^^^^^^^^^^^^^^^^^^^^^^^^^
  File "C:\Users\vitya\AppData\Local\Programs\Python\Python311\Lib\site-packages\django\shortcuts.py", line 25, in render
    content = loader.render_to_string(template_name, context, request, using=using)
              ^^^^^^^^^^^^^^^^^^^^^^^^^^^^^^^^^^^^^^^^^^^^^^^^^^^^^^^^^^^^^^^^^^^^^
  File "C:\Users\vitya\AppData\Local\Programs\Python\Python311\Lib\site-packages\django\template\loader.py", line 61, in render_to_string
    template = get_template(template_name, using=using)
               ^^^^^^^^^^^^^^^^^^^^^^^^^^^^^^^^^^^^^^^^
  File "C:\Users\vitya\AppData\Local\Programs\Python\Python311\Lib\site-packages\django\template\loader.py", line 15, in get_template
    return engine.get_template(template_name)
           ^^^^^^^^^^^^^^^^^^^^^^^^^^^^^^^^^^
  File "C:\Users\vitya\AppData\Local\Programs\Python\Python311\Lib\site-packages\django\template\backends\django.py", line 33, in get_template
    return Template(self.engine.get_template(template_name), self)
                    ^^^^^^^^^^^^^^^^^^^^^^^^^^^^^^^^^^^^^^^
  File "C:\Users\vitya\AppData\Local\Programs\Python\Python311\Lib\site-packages\django\template\engine.py", line 177, in get_template
    template, origin = self.find_template(template_name)
                       ^^^^^^^^^^^^^^^^^^^^^^^^^^^^^^^^^
  File "C:\Users\vitya\AppData\Local\Programs\Python\Python311\Lib\site-packages\django\template\engine.py", line 159, in find_template
    template = loader.get_template(name, skip=skip)
               ^^^^^^^^^^^^^^^^^^^^^^^^^^^^^^^^^^^^
  File "C:\Users\vitya\AppData\Local\Programs\Python\Python311\Lib\site-packages\django\template\loaders\cached.py", line 57, in get_template
    template = super().get_template(template_name, skip)
               ^^^^^^^^^^^^^^^^^^^^^^^^^^^^^^^^^^^^^^^^^
  File "C:\Users\vitya\AppData\Local\Programs\Python\Python311\Lib\site-packages\django\template\loaders\base.py", line 28, in get_template
    return Template(
           ^^^^^^^^^
  File "C:\Users\vitya\AppData\Local\Programs\Python\Python311\Lib\site-packages\django\template\base.py", line 154, in __init__
    self.nodelist = self.compile_nodelist()
                    ^^^^^^^^^^^^^^^^^^^^^^^
  File "C:\Users\vitya\AppData\Local\Programs\Python\Python311\Lib\site-packages\django\template\base.py", line 196, in compile_nodelist
    return parser.parse()
           ^^^^^^^^^^^^^^
  File "C:\Users\vitya\AppData\Local\Programs\Python\Python311\Lib\site-packages\django\template\base.py", line 510, in parse
    raise self.error(token, e)
  File "C:\Users\vitya\AppData\Local\Programs\Python\Python311\Lib\site-packages\django\template\base.py", line 508, in parse
    compiled_result = compile_func(self, token)
                      ^^^^^^^^^^^^^^^^^^^^^^^^^
  File "C:\Users\vitya\AppData\Local\Programs\Python\Python311\Lib\site-packages\django\template\loader_tags.py", line 295, in do_extends
    nodelist = parser.parse()
               ^^^^^^^^^^^^^^
  File "C:\Users\vitya\AppData\Local\Programs\Python\Python311\Lib\site-packages\django\template\base.py", line 504, in parse
    self.invalid_block_tag(token, command, parse_until)
  File "C:\Users\vitya\AppData\Local\Programs\Python\Python311\Lib\site-packages\django\template\base.py", line 565, in invalid_block_tag
    raise self.error(
django.template.exceptions.TemplateSyntaxError: Invalid block tag on line 9: 'endblock'. Did you forget to register or load this tag?
2024-05-22 20:16:17,615 ERROR Internal Server Error: /
Traceback (most recent call last):
  File "C:\Users\vitya\AppData\Local\Programs\Python\Python311\Lib\site-packages\django\template\base.py", line 502, in parse
    compile_func = self.tags[command]
                   ~~~~~~~~~^^^^^^^^^
KeyError: 'endblock'

During handling of the above exception, another exception occurred:

Traceback (most recent call last):
  File "C:\Users\vitya\AppData\Local\Programs\Python\Python311\Lib\site-packages\django\core\handlers\exception.py", line 55, in inner
    response = get_response(request)
               ^^^^^^^^^^^^^^^^^^^^^
  File "C:\Users\vitya\AppData\Local\Programs\Python\Python311\Lib\site-packages\django\core\handlers\base.py", line 197, in _get_response
    response = wrapped_callback(request, *callback_args, **callback_kwargs)
               ^^^^^^^^^^^^^^^^^^^^^^^^^^^^^^^^^^^^^^^^^^^^^^^^^^^^^^^^^^^^
  File "C:\Users\vitya\cinema\movies\views.py", line 41, in index
    return render(request, 'main.html')
           ^^^^^^^^^^^^^^^^^^^^^^^^^^^^
  File "C:\Users\vitya\AppData\Local\Programs\Python\Python311\Lib\site-packages\django\shortcuts.py", line 25, in render
    content = loader.render_to_string(template_name, context, request, using=using)
              ^^^^^^^^^^^^^^^^^^^^^^^^^^^^^^^^^^^^^^^^^^^^^^^^^^^^^^^^^^^^^^^^^^^^^
  File "C:\Users\vitya\AppData\Local\Programs\Python\Python311\Lib\site-packages\django\template\loader.py", line 61, in render_to_string
    template = get_template(template_name, using=using)
               ^^^^^^^^^^^^^^^^^^^^^^^^^^^^^^^^^^^^^^^^
  File "C:\Users\vitya\AppData\Local\Programs\Python\Python311\Lib\site-packages\django\template\loader.py", line 15, in get_template
    return engine.get_template(template_name)
           ^^^^^^^^^^^^^^^^^^^^^^^^^^^^^^^^^^
  File "C:\Users\vitya\AppData\Local\Programs\Python\Python311\Lib\site-packages\django\template\backends\django.py", line 33, in get_template
    return Template(self.engine.get_template(template_name), self)
                    ^^^^^^^^^^^^^^^^^^^^^^^^^^^^^^^^^^^^^^^
  File "C:\Users\vitya\AppData\Local\Programs\Python\Python311\Lib\site-packages\django\template\engine.py", line 177, in get_template
    template, origin = self.find_template(template_name)
                       ^^^^^^^^^^^^^^^^^^^^^^^^^^^^^^^^^
  File "C:\Users\vitya\AppData\Local\Programs\Python\Python311\Lib\site-packages\django\template\engine.py", line 159, in find_template
    template = loader.get_template(name, skip=skip)
               ^^^^^^^^^^^^^^^^^^^^^^^^^^^^^^^^^^^^
  File "C:\Users\vitya\AppData\Local\Programs\Python\Python311\Lib\site-packages\django\template\loaders\cached.py", line 57, in get_template
    template = super().get_template(template_name, skip)
               ^^^^^^^^^^^^^^^^^^^^^^^^^^^^^^^^^^^^^^^^^
  File "C:\Users\vitya\AppData\Local\Programs\Python\Python311\Lib\site-packages\django\template\loaders\base.py", line 28, in get_template
    return Template(
           ^^^^^^^^^
  File "C:\Users\vitya\AppData\Local\Programs\Python\Python311\Lib\site-packages\django\template\base.py", line 154, in __init__
    self.nodelist = self.compile_nodelist()
                    ^^^^^^^^^^^^^^^^^^^^^^^
  File "C:\Users\vitya\AppData\Local\Programs\Python\Python311\Lib\site-packages\django\template\base.py", line 196, in compile_nodelist
    return parser.parse()
           ^^^^^^^^^^^^^^
  File "C:\Users\vitya\AppData\Local\Programs\Python\Python311\Lib\site-packages\django\template\base.py", line 510, in parse
    raise self.error(token, e)
  File "C:\Users\vitya\AppData\Local\Programs\Python\Python311\Lib\site-packages\django\template\base.py", line 508, in parse
    compiled_result = compile_func(self, token)
                      ^^^^^^^^^^^^^^^^^^^^^^^^^
  File "C:\Users\vitya\AppData\Local\Programs\Python\Python311\Lib\site-packages\django\template\loader_tags.py", line 295, in do_extends
    nodelist = parser.parse()
               ^^^^^^^^^^^^^^
  File "C:\Users\vitya\AppData\Local\Programs\Python\Python311\Lib\site-packages\django\template\base.py", line 504, in parse
    self.invalid_block_tag(token, command, parse_until)
  File "C:\Users\vitya\AppData\Local\Programs\Python\Python311\Lib\site-packages\django\template\base.py", line 565, in invalid_block_tag
    raise self.error(
django.template.exceptions.TemplateSyntaxError: Invalid block tag on line 9: 'endblock'. Did you forget to register or load this tag?
2024-05-22 20:16:17,831 ERROR Internal Server Error: /
Traceback (most recent call last):
  File "C:\Users\vitya\AppData\Local\Programs\Python\Python311\Lib\site-packages\django\template\base.py", line 502, in parse
    compile_func = self.tags[command]
                   ~~~~~~~~~^^^^^^^^^
KeyError: 'endblock'

During handling of the above exception, another exception occurred:

Traceback (most recent call last):
  File "C:\Users\vitya\AppData\Local\Programs\Python\Python311\Lib\site-packages\django\core\handlers\exception.py", line 55, in inner
    response = get_response(request)
               ^^^^^^^^^^^^^^^^^^^^^
  File "C:\Users\vitya\AppData\Local\Programs\Python\Python311\Lib\site-packages\django\core\handlers\base.py", line 197, in _get_response
    response = wrapped_callback(request, *callback_args, **callback_kwargs)
               ^^^^^^^^^^^^^^^^^^^^^^^^^^^^^^^^^^^^^^^^^^^^^^^^^^^^^^^^^^^^
  File "C:\Users\vitya\cinema\movies\views.py", line 41, in index
    return render(request, 'main.html')
           ^^^^^^^^^^^^^^^^^^^^^^^^^^^^
  File "C:\Users\vitya\AppData\Local\Programs\Python\Python311\Lib\site-packages\django\shortcuts.py", line 25, in render
    content = loader.render_to_string(template_name, context, request, using=using)
              ^^^^^^^^^^^^^^^^^^^^^^^^^^^^^^^^^^^^^^^^^^^^^^^^^^^^^^^^^^^^^^^^^^^^^
  File "C:\Users\vitya\AppData\Local\Programs\Python\Python311\Lib\site-packages\django\template\loader.py", line 61, in render_to_string
    template = get_template(template_name, using=using)
               ^^^^^^^^^^^^^^^^^^^^^^^^^^^^^^^^^^^^^^^^
  File "C:\Users\vitya\AppData\Local\Programs\Python\Python311\Lib\site-packages\django\template\loader.py", line 15, in get_template
    return engine.get_template(template_name)
           ^^^^^^^^^^^^^^^^^^^^^^^^^^^^^^^^^^
  File "C:\Users\vitya\AppData\Local\Programs\Python\Python311\Lib\site-packages\django\template\backends\django.py", line 33, in get_template
    return Template(self.engine.get_template(template_name), self)
                    ^^^^^^^^^^^^^^^^^^^^^^^^^^^^^^^^^^^^^^^
  File "C:\Users\vitya\AppData\Local\Programs\Python\Python311\Lib\site-packages\django\template\engine.py", line 177, in get_template
    template, origin = self.find_template(template_name)
                       ^^^^^^^^^^^^^^^^^^^^^^^^^^^^^^^^^
  File "C:\Users\vitya\AppData\Local\Programs\Python\Python311\Lib\site-packages\django\template\engine.py", line 159, in find_template
    template = loader.get_template(name, skip=skip)
               ^^^^^^^^^^^^^^^^^^^^^^^^^^^^^^^^^^^^
  File "C:\Users\vitya\AppData\Local\Programs\Python\Python311\Lib\site-packages\django\template\loaders\cached.py", line 57, in get_template
    template = super().get_template(template_name, skip)
               ^^^^^^^^^^^^^^^^^^^^^^^^^^^^^^^^^^^^^^^^^
  File "C:\Users\vitya\AppData\Local\Programs\Python\Python311\Lib\site-packages\django\template\loaders\base.py", line 28, in get_template
    return Template(
           ^^^^^^^^^
  File "C:\Users\vitya\AppData\Local\Programs\Python\Python311\Lib\site-packages\django\template\base.py", line 154, in __init__
    self.nodelist = self.compile_nodelist()
                    ^^^^^^^^^^^^^^^^^^^^^^^
  File "C:\Users\vitya\AppData\Local\Programs\Python\Python311\Lib\site-packages\django\template\base.py", line 196, in compile_nodelist
    return parser.parse()
           ^^^^^^^^^^^^^^
  File "C:\Users\vitya\AppData\Local\Programs\Python\Python311\Lib\site-packages\django\template\base.py", line 510, in parse
    raise self.error(token, e)
  File "C:\Users\vitya\AppData\Local\Programs\Python\Python311\Lib\site-packages\django\template\base.py", line 508, in parse
    compiled_result = compile_func(self, token)
                      ^^^^^^^^^^^^^^^^^^^^^^^^^
  File "C:\Users\vitya\AppData\Local\Programs\Python\Python311\Lib\site-packages\django\template\loader_tags.py", line 295, in do_extends
    nodelist = parser.parse()
               ^^^^^^^^^^^^^^
  File "C:\Users\vitya\AppData\Local\Programs\Python\Python311\Lib\site-packages\django\template\base.py", line 504, in parse
    self.invalid_block_tag(token, command, parse_until)
  File "C:\Users\vitya\AppData\Local\Programs\Python\Python311\Lib\site-packages\django\template\base.py", line 565, in invalid_block_tag
    raise self.error(
django.template.exceptions.TemplateSyntaxError: Invalid block tag on line 9: 'endblock'. Did you forget to register or load this tag?
2024-05-22 20:16:26,483 ERROR Internal Server Error: /
Traceback (most recent call last):
  File "C:\Users\vitya\AppData\Local\Programs\Python\Python311\Lib\site-packages\django\template\base.py", line 502, in parse
    compile_func = self.tags[command]
                   ~~~~~~~~~^^^^^^^^^
KeyError: 'endblock'

During handling of the above exception, another exception occurred:

Traceback (most recent call last):
  File "C:\Users\vitya\AppData\Local\Programs\Python\Python311\Lib\site-packages\django\core\handlers\exception.py", line 55, in inner
    response = get_response(request)
               ^^^^^^^^^^^^^^^^^^^^^
  File "C:\Users\vitya\AppData\Local\Programs\Python\Python311\Lib\site-packages\django\core\handlers\base.py", line 197, in _get_response
    response = wrapped_callback(request, *callback_args, **callback_kwargs)
               ^^^^^^^^^^^^^^^^^^^^^^^^^^^^^^^^^^^^^^^^^^^^^^^^^^^^^^^^^^^^
  File "C:\Users\vitya\cinema\movies\views.py", line 41, in index
    return render(request, 'main.html')
           ^^^^^^^^^^^^^^^^^^^^^^^^^^^^
  File "C:\Users\vitya\AppData\Local\Programs\Python\Python311\Lib\site-packages\django\shortcuts.py", line 25, in render
    content = loader.render_to_string(template_name, context, request, using=using)
              ^^^^^^^^^^^^^^^^^^^^^^^^^^^^^^^^^^^^^^^^^^^^^^^^^^^^^^^^^^^^^^^^^^^^^
  File "C:\Users\vitya\AppData\Local\Programs\Python\Python311\Lib\site-packages\django\template\loader.py", line 61, in render_to_string
    template = get_template(template_name, using=using)
               ^^^^^^^^^^^^^^^^^^^^^^^^^^^^^^^^^^^^^^^^
  File "C:\Users\vitya\AppData\Local\Programs\Python\Python311\Lib\site-packages\django\template\loader.py", line 15, in get_template
    return engine.get_template(template_name)
           ^^^^^^^^^^^^^^^^^^^^^^^^^^^^^^^^^^
  File "C:\Users\vitya\AppData\Local\Programs\Python\Python311\Lib\site-packages\django\template\backends\django.py", line 33, in get_template
    return Template(self.engine.get_template(template_name), self)
                    ^^^^^^^^^^^^^^^^^^^^^^^^^^^^^^^^^^^^^^^
  File "C:\Users\vitya\AppData\Local\Programs\Python\Python311\Lib\site-packages\django\template\engine.py", line 177, in get_template
    template, origin = self.find_template(template_name)
                       ^^^^^^^^^^^^^^^^^^^^^^^^^^^^^^^^^
  File "C:\Users\vitya\AppData\Local\Programs\Python\Python311\Lib\site-packages\django\template\engine.py", line 159, in find_template
    template = loader.get_template(name, skip=skip)
               ^^^^^^^^^^^^^^^^^^^^^^^^^^^^^^^^^^^^
  File "C:\Users\vitya\AppData\Local\Programs\Python\Python311\Lib\site-packages\django\template\loaders\cached.py", line 57, in get_template
    template = super().get_template(template_name, skip)
               ^^^^^^^^^^^^^^^^^^^^^^^^^^^^^^^^^^^^^^^^^
  File "C:\Users\vitya\AppData\Local\Programs\Python\Python311\Lib\site-packages\django\template\loaders\base.py", line 28, in get_template
    return Template(
           ^^^^^^^^^
  File "C:\Users\vitya\AppData\Local\Programs\Python\Python311\Lib\site-packages\django\template\base.py", line 154, in __init__
    self.nodelist = self.compile_nodelist()
                    ^^^^^^^^^^^^^^^^^^^^^^^
  File "C:\Users\vitya\AppData\Local\Programs\Python\Python311\Lib\site-packages\django\template\base.py", line 196, in compile_nodelist
    return parser.parse()
           ^^^^^^^^^^^^^^
  File "C:\Users\vitya\AppData\Local\Programs\Python\Python311\Lib\site-packages\django\template\base.py", line 510, in parse
    raise self.error(token, e)
  File "C:\Users\vitya\AppData\Local\Programs\Python\Python311\Lib\site-packages\django\template\base.py", line 508, in parse
    compiled_result = compile_func(self, token)
                      ^^^^^^^^^^^^^^^^^^^^^^^^^
  File "C:\Users\vitya\AppData\Local\Programs\Python\Python311\Lib\site-packages\django\template\loader_tags.py", line 295, in do_extends
    nodelist = parser.parse()
               ^^^^^^^^^^^^^^
  File "C:\Users\vitya\AppData\Local\Programs\Python\Python311\Lib\site-packages\django\template\base.py", line 504, in parse
    self.invalid_block_tag(token, command, parse_until)
  File "C:\Users\vitya\AppData\Local\Programs\Python\Python311\Lib\site-packages\django\template\base.py", line 565, in invalid_block_tag
    raise self.error(
django.template.exceptions.TemplateSyntaxError: Invalid block tag on line 3: 'endblock'. Did you forget to register or load this tag?
2024-05-22 20:16:26,795 ERROR Internal Server Error: /
Traceback (most recent call last):
  File "C:\Users\vitya\AppData\Local\Programs\Python\Python311\Lib\site-packages\django\template\base.py", line 502, in parse
    compile_func = self.tags[command]
                   ~~~~~~~~~^^^^^^^^^
KeyError: 'endblock'

During handling of the above exception, another exception occurred:

Traceback (most recent call last):
  File "C:\Users\vitya\AppData\Local\Programs\Python\Python311\Lib\site-packages\django\core\handlers\exception.py", line 55, in inner
    response = get_response(request)
               ^^^^^^^^^^^^^^^^^^^^^
  File "C:\Users\vitya\AppData\Local\Programs\Python\Python311\Lib\site-packages\django\core\handlers\base.py", line 197, in _get_response
    response = wrapped_callback(request, *callback_args, **callback_kwargs)
               ^^^^^^^^^^^^^^^^^^^^^^^^^^^^^^^^^^^^^^^^^^^^^^^^^^^^^^^^^^^^
  File "C:\Users\vitya\cinema\movies\views.py", line 41, in index
    return render(request, 'main.html')
           ^^^^^^^^^^^^^^^^^^^^^^^^^^^^
  File "C:\Users\vitya\AppData\Local\Programs\Python\Python311\Lib\site-packages\django\shortcuts.py", line 25, in render
    content = loader.render_to_string(template_name, context, request, using=using)
              ^^^^^^^^^^^^^^^^^^^^^^^^^^^^^^^^^^^^^^^^^^^^^^^^^^^^^^^^^^^^^^^^^^^^^
  File "C:\Users\vitya\AppData\Local\Programs\Python\Python311\Lib\site-packages\django\template\loader.py", line 61, in render_to_string
    template = get_template(template_name, using=using)
               ^^^^^^^^^^^^^^^^^^^^^^^^^^^^^^^^^^^^^^^^
  File "C:\Users\vitya\AppData\Local\Programs\Python\Python311\Lib\site-packages\django\template\loader.py", line 15, in get_template
    return engine.get_template(template_name)
           ^^^^^^^^^^^^^^^^^^^^^^^^^^^^^^^^^^
  File "C:\Users\vitya\AppData\Local\Programs\Python\Python311\Lib\site-packages\django\template\backends\django.py", line 33, in get_template
    return Template(self.engine.get_template(template_name), self)
                    ^^^^^^^^^^^^^^^^^^^^^^^^^^^^^^^^^^^^^^^
  File "C:\Users\vitya\AppData\Local\Programs\Python\Python311\Lib\site-packages\django\template\engine.py", line 177, in get_template
    template, origin = self.find_template(template_name)
                       ^^^^^^^^^^^^^^^^^^^^^^^^^^^^^^^^^
  File "C:\Users\vitya\AppData\Local\Programs\Python\Python311\Lib\site-packages\django\template\engine.py", line 159, in find_template
    template = loader.get_template(name, skip=skip)
               ^^^^^^^^^^^^^^^^^^^^^^^^^^^^^^^^^^^^
  File "C:\Users\vitya\AppData\Local\Programs\Python\Python311\Lib\site-packages\django\template\loaders\cached.py", line 57, in get_template
    template = super().get_template(template_name, skip)
               ^^^^^^^^^^^^^^^^^^^^^^^^^^^^^^^^^^^^^^^^^
  File "C:\Users\vitya\AppData\Local\Programs\Python\Python311\Lib\site-packages\django\template\loaders\base.py", line 28, in get_template
    return Template(
           ^^^^^^^^^
  File "C:\Users\vitya\AppData\Local\Programs\Python\Python311\Lib\site-packages\django\template\base.py", line 154, in __init__
    self.nodelist = self.compile_nodelist()
                    ^^^^^^^^^^^^^^^^^^^^^^^
  File "C:\Users\vitya\AppData\Local\Programs\Python\Python311\Lib\site-packages\django\template\base.py", line 196, in compile_nodelist
    return parser.parse()
           ^^^^^^^^^^^^^^
  File "C:\Users\vitya\AppData\Local\Programs\Python\Python311\Lib\site-packages\django\template\base.py", line 510, in parse
    raise self.error(token, e)
  File "C:\Users\vitya\AppData\Local\Programs\Python\Python311\Lib\site-packages\django\template\base.py", line 508, in parse
    compiled_result = compile_func(self, token)
                      ^^^^^^^^^^^^^^^^^^^^^^^^^
  File "C:\Users\vitya\AppData\Local\Programs\Python\Python311\Lib\site-packages\django\template\loader_tags.py", line 295, in do_extends
    nodelist = parser.parse()
               ^^^^^^^^^^^^^^
  File "C:\Users\vitya\AppData\Local\Programs\Python\Python311\Lib\site-packages\django\template\base.py", line 504, in parse
    self.invalid_block_tag(token, command, parse_until)
  File "C:\Users\vitya\AppData\Local\Programs\Python\Python311\Lib\site-packages\django\template\base.py", line 565, in invalid_block_tag
    raise self.error(
django.template.exceptions.TemplateSyntaxError: Invalid block tag on line 3: 'endblock'. Did you forget to register or load this tag?
2024-05-22 20:21:21,919 INFO News successful got
2024-05-22 20:21:29,638 INFO News successful got
2024-05-22 21:20:17,191 INFO C:\Users\vitya\cinema\movies\views.py changed, reloading.
2024-05-22 21:22:16,729 INFO C:\Users\vitya\cinema\movies\forms.py changed, reloading.
2024-05-22 21:23:15,453 INFO C:\Users\vitya\cinema\movies\forms.py changed, reloading.
2024-05-22 21:24:19,622 INFO C:\Users\vitya\cinema\movies\forms.py changed, reloading.
2024-05-22 21:26:03,809 INFO C:\Users\vitya\cinema\movies\forms.py changed, reloading.
2024-05-22 21:26:07,373 INFO C:\Users\vitya\cinema\movies\forms.py changed, reloading.
2024-05-22 21:26:11,804 INFO C:\Users\vitya\cinema\movies\forms.py changed, reloading.
2024-05-22 21:26:24,795 INFO C:\Users\vitya\cinema\movies\forms.py changed, reloading.
2024-05-22 21:26:57,177 INFO C:\Users\vitya\cinema\movies\forms.py changed, reloading.
2024-05-22 21:27:00,811 INFO C:\Users\vitya\cinema\movies\forms.py changed, reloading.
2024-05-22 21:28:30,572 INFO C:\Users\vitya\cinema\movies\forms.py changed, reloading.
2024-05-22 21:28:36,043 INFO C:\Users\vitya\cinema\movies\forms.py changed, reloading.
2024-05-22 21:28:38,528 INFO C:\Users\vitya\cinema\movies\forms.py changed, reloading.
2024-05-22 21:28:44,102 INFO C:\Users\vitya\cinema\movies\forms.py changed, reloading.
2024-05-22 21:28:46,592 INFO C:\Users\vitya\cinema\movies\forms.py changed, reloading.
2024-05-22 21:29:03,498 INFO Register success: Username: w
2024-05-22 21:34:55,882 INFO News successful got
2024-05-22 21:34:57,330 INFO News successful got
2024-05-22 21:45:19,944 INFO News successful got
2024-05-22 21:46:03,875 WARNING Not Found: /coupons
2024-05-22 21:46:32,814 INFO News successful got
2024-05-22 21:46:38,164 WARNING Not Found: /coupons
2024-05-22 21:46:49,555 INFO C:\Users\vitya\cinema\movies\urls.py changed, reloading.
2024-05-22 21:46:53,357 INFO C:\Users\vitya\cinema\movies\urls.py changed, reloading.
2024-05-22 21:46:55,671 INFO C:\Users\vitya\cinema\movies\urls.py changed, reloading.
2024-05-22 21:46:59,095 INFO C:\Users\vitya\cinema\movies\urls.py changed, reloading.
2024-05-22 21:47:27,755 INFO C:\Users\vitya\cinema\movies\views.py changed, reloading.
2024-05-22 21:47:57,024 INFO C:\Users\vitya\cinema\movies\views.py changed, reloading.
2024-05-22 21:49:26,454 WARNING Not Found: /coupons/create
2024-05-22 21:49:36,174 INFO C:\Users\vitya\cinema\movies\urls.py changed, reloading.
2024-05-22 21:49:59,008 INFO C:\Users\vitya\cinema\movies\models.py changed, reloading.
2024-05-22 21:57:06,130 INFO C:\Users\vitya\cinema\movies\models.py changed, reloading.
2024-05-22 21:59:01,908 INFO C:\Users\vitya\cinema\movies\forms.py changed, reloading.
2024-05-22 21:59:06,533 INFO C:\Users\vitya\cinema\movies\forms.py changed, reloading.
2024-05-22 22:03:09,520 WARNING Not Found: /coupons/create
2024-05-22 22:03:17,140 INFO C:\Users\vitya\cinema\movies\urls.py changed, reloading.
2024-05-22 22:04:02,857 INFO C:\Users\vitya\cinema\movies\views.py changed, reloading.
2024-05-22 22:04:07,226 INFO C:\Users\vitya\cinema\movies\views.py changed, reloading.
2024-05-22 22:04:12,944 INFO C:\Users\vitya\cinema\movies\views.py changed, reloading.
2024-05-22 22:04:23,751 INFO C:\Users\vitya\cinema\movies\views.py changed, reloading.
2024-05-22 22:08:24,375 INFO C:\Users\vitya\cinema\movies\models.py changed, reloading.
2024-05-22 22:08:29,055 INFO C:\Users\vitya\cinema\movies\models.py changed, reloading.
2024-05-22 22:09:54,894 INFO C:\Users\vitya\cinema\movies\models.py changed, reloading.
2024-05-22 22:10:26,159 INFO C:\Users\vitya\cinema\movies\models.py changed, reloading.
2024-05-22 22:10:46,101 INFO C:\Users\vitya\cinema\movies\models.py changed, reloading.
2024-05-22 22:12:49,409 INFO C:\Users\vitya\cinema\movies\models.py changed, reloading.
2024-05-22 22:12:52,080 INFO C:\Users\vitya\cinema\movies\models.py changed, reloading.
2024-05-22 22:13:03,349 INFO C:\Users\vitya\cinema\movies\models.py changed, reloading.
2024-05-22 22:13:14,121 INFO C:\Users\vitya\cinema\movies\models.py changed, reloading.
2024-05-22 22:13:17,801 INFO C:\Users\vitya\cinema\movies\models.py changed, reloading.
2024-05-22 22:13:22,509 INFO C:\Users\vitya\cinema\movies\models.py changed, reloading.
2024-05-22 22:13:26,525 INFO C:\Users\vitya\cinema\movies\models.py changed, reloading.
2024-05-22 22:13:30,192 INFO C:\Users\vitya\cinema\movies\models.py changed, reloading.
2024-05-22 22:14:15,417 INFO C:\Users\vitya\cinema\movies\models.py changed, reloading.
2024-05-22 22:17:54,949 INFO C:\Users\vitya\cinema\movies\views.py changed, reloading.
2024-05-22 22:18:35,459 INFO C:\Users\vitya\cinema\movies\views.py changed, reloading.
2024-05-22 22:18:47,299 INFO C:\Users\vitya\cinema\movies\views.py changed, reloading.
2024-05-22 22:18:49,949 INFO C:\Users\vitya\cinema\movies\views.py changed, reloading.
2024-05-22 22:18:55,401 INFO C:\Users\vitya\cinema\movies\views.py changed, reloading.
2024-05-22 22:19:01,039 INFO C:\Users\vitya\cinema\movies\views.py changed, reloading.
2024-05-22 22:19:04,709 INFO C:\Users\vitya\cinema\movies\views.py changed, reloading.
2024-05-22 22:19:09,292 INFO C:\Users\vitya\cinema\movies\views.py changed, reloading.
2024-05-22 22:19:43,470 INFO C:\Users\vitya\cinema\movies\views.py changed, reloading.
2024-05-22 22:19:48,159 INFO C:\Users\vitya\cinema\movies\views.py changed, reloading.
2024-05-22 22:20:48,939 ERROR Internal Server Error: /make-ticket/9/
Traceback (most recent call last):
  File "C:\Users\vitya\AppData\Local\Programs\Python\Python311\Lib\site-packages\django\core\handlers\exception.py", line 55, in inner
    response = get_response(request)
               ^^^^^^^^^^^^^^^^^^^^^
  File "C:\Users\vitya\AppData\Local\Programs\Python\Python311\Lib\site-packages\django\core\handlers\base.py", line 197, in _get_response
    response = wrapped_callback(request, *callback_args, **callback_kwargs)
               ^^^^^^^^^^^^^^^^^^^^^^^^^^^^^^^^^^^^^^^^^^^^^^^^^^^^^^^^^^^^
  File "C:\Users\vitya\AppData\Local\Programs\Python\Python311\Lib\site-packages\django\contrib\auth\decorators.py", line 23, in _wrapper_view
    return view_func(request, *args, **kwargs)
           ^^^^^^^^^^^^^^^^^^^^^^^^^^^^^^^^^^^
  File "C:\Users\vitya\cinema\movies\views.py", line 291, in make_ticket
    return render('use_coupon.html')
           ^^^^^^^^^^^^^^^^^^^^^^^^^
TypeError: render() missing 1 required positional argument: 'template_name'
2024-05-22 22:20:59,305 ERROR Internal Server Error: /make-ticket/9/
Traceback (most recent call last):
  File "C:\Users\vitya\AppData\Local\Programs\Python\Python311\Lib\site-packages\django\core\handlers\exception.py", line 55, in inner
    response = get_response(request)
               ^^^^^^^^^^^^^^^^^^^^^
  File "C:\Users\vitya\AppData\Local\Programs\Python\Python311\Lib\site-packages\django\core\handlers\base.py", line 197, in _get_response
    response = wrapped_callback(request, *callback_args, **callback_kwargs)
               ^^^^^^^^^^^^^^^^^^^^^^^^^^^^^^^^^^^^^^^^^^^^^^^^^^^^^^^^^^^^
  File "C:\Users\vitya\AppData\Local\Programs\Python\Python311\Lib\site-packages\django\contrib\auth\decorators.py", line 23, in _wrapper_view
    return view_func(request, *args, **kwargs)
           ^^^^^^^^^^^^^^^^^^^^^^^^^^^^^^^^^^^
  File "C:\Users\vitya\cinema\movies\views.py", line 291, in make_ticket
    return render('use_coupon.html')
           ^^^^^^^^^^^^^^^^^^^^^^^^^
TypeError: render() missing 1 required positional argument: 'template_name'
2024-05-22 22:20:59,850 ERROR Internal Server Error: /make-ticket/9/
Traceback (most recent call last):
  File "C:\Users\vitya\AppData\Local\Programs\Python\Python311\Lib\site-packages\django\core\handlers\exception.py", line 55, in inner
    response = get_response(request)
               ^^^^^^^^^^^^^^^^^^^^^
  File "C:\Users\vitya\AppData\Local\Programs\Python\Python311\Lib\site-packages\django\core\handlers\base.py", line 197, in _get_response
    response = wrapped_callback(request, *callback_args, **callback_kwargs)
               ^^^^^^^^^^^^^^^^^^^^^^^^^^^^^^^^^^^^^^^^^^^^^^^^^^^^^^^^^^^^
  File "C:\Users\vitya\AppData\Local\Programs\Python\Python311\Lib\site-packages\django\contrib\auth\decorators.py", line 23, in _wrapper_view
    return view_func(request, *args, **kwargs)
           ^^^^^^^^^^^^^^^^^^^^^^^^^^^^^^^^^^^
  File "C:\Users\vitya\cinema\movies\views.py", line 291, in make_ticket
    return render(request, 'use_coupon.html')
           ^^^^^^^^^^^^^^^^^^^^^^^^^
TypeError: render() missing 1 required positional argument: 'template_name'
2024-05-22 22:21:00,218 INFO C:\Users\vitya\cinema\movies\views.py changed, reloading.
2024-05-22 22:24:08,011 INFO C:\Users\vitya\cinema\movies\views.py changed, reloading.
2024-05-22 22:24:58,811 INFO C:\Users\vitya\cinema\movies\views.py changed, reloading.
2024-05-22 22:25:01,432 INFO C:\Users\vitya\cinema\movies\views.py changed, reloading.
2024-05-22 22:25:12,854 INFO C:\Users\vitya\cinema\movies\views.py changed, reloading.
2024-05-22 22:25:16,371 INFO C:\Users\vitya\cinema\movies\views.py changed, reloading.
2024-05-22 22:25:20,040 INFO C:\Users\vitya\cinema\movies\views.py changed, reloading.
2024-05-22 22:25:26,620 INFO C:\Users\vitya\cinema\movies\views.py changed, reloading.
2024-05-22 22:26:39,734 INFO C:\Users\vitya\cinema\movies\views.py changed, reloading.
2024-05-22 22:26:51,504 INFO C:\Users\vitya\cinema\movies\views.py changed, reloading.
2024-05-22 22:26:54,112 INFO C:\Users\vitya\cinema\movies\views.py changed, reloading.
2024-05-22 22:27:10,085 INFO C:\Users\vitya\cinema\movies\views.py changed, reloading.
2024-05-22 22:27:16,770 INFO C:\Users\vitya\cinema\movies\views.py changed, reloading.
2024-05-22 22:27:27,621 INFO C:\Users\vitya\cinema\movies\views.py changed, reloading.
2024-05-22 22:27:31,252 INFO C:\Users\vitya\cinema\movies\views.py changed, reloading.
2024-05-22 22:27:36,751 INFO C:\Users\vitya\cinema\movies\views.py changed, reloading.
2024-05-22 22:28:06,285 WARNING Forbidden (CSRF token missing.): /make-ticket/9/
2024-05-22 22:28:25,912 ERROR Internal Server Error: /make-ticket/9/
Traceback (most recent call last):
  File "C:\Users\vitya\AppData\Local\Programs\Python\Python311\Lib\site-packages\django\core\handlers\exception.py", line 55, in inner
    response = get_response(request)
               ^^^^^^^^^^^^^^^^^^^^^
  File "C:\Users\vitya\AppData\Local\Programs\Python\Python311\Lib\site-packages\django\core\handlers\base.py", line 197, in _get_response
    response = wrapped_callback(request, *callback_args, **callback_kwargs)
               ^^^^^^^^^^^^^^^^^^^^^^^^^^^^^^^^^^^^^^^^^^^^^^^^^^^^^^^^^^^^
  File "C:\Users\vitya\AppData\Local\Programs\Python\Python311\Lib\site-packages\django\contrib\auth\decorators.py", line 23, in _wrapper_view
    return view_func(request, *args, **kwargs)
           ^^^^^^^^^^^^^^^^^^^^^^^^^^^^^^^^^^^
  File "C:\Users\vitya\cinema\movies\views.py", line 280, in make_ticket
    coupon = Coupon.objects.get(code=entered_code)
             ^^^^^^^^^^^^^^^^^^^^^^^^^^^^^^^^^^^^^
  File "C:\Users\vitya\AppData\Local\Programs\Python\Python311\Lib\site-packages\django\db\models\manager.py", line 87, in manager_method
    return getattr(self.get_queryset(), name)(*args, **kwargs)
           ^^^^^^^^^^^^^^^^^^^^^^^^^^^^^^^^^^^^^^^^^^^^^^^^^^^
  File "C:\Users\vitya\AppData\Local\Programs\Python\Python311\Lib\site-packages\django\db\models\query.py", line 635, in get
    clone = self._chain() if self.query.combinator else self.filter(*args, **kwargs)
                                                        ^^^^^^^^^^^^^^^^^^^^^^^^^^^^
  File "C:\Users\vitya\AppData\Local\Programs\Python\Python311\Lib\site-packages\django\db\models\query.py", line 1476, in filter
    return self._filter_or_exclude(False, args, kwargs)
           ^^^^^^^^^^^^^^^^^^^^^^^^^^^^^^^^^^^^^^^^^^^^
  File "C:\Users\vitya\AppData\Local\Programs\Python\Python311\Lib\site-packages\django\db\models\query.py", line 1494, in _filter_or_exclude
    clone._filter_or_exclude_inplace(negate, args, kwargs)
  File "C:\Users\vitya\AppData\Local\Programs\Python\Python311\Lib\site-packages\django\db\models\query.py", line 1501, in _filter_or_exclude_inplace
    self._query.add_q(Q(*args, **kwargs))
  File "C:\Users\vitya\AppData\Local\Programs\Python\Python311\Lib\site-packages\django\db\models\sql\query.py", line 1613, in add_q
    clause, _ = self._add_q(q_object, self.used_aliases)
                ^^^^^^^^^^^^^^^^^^^^^^^^^^^^^^^^^^^^^^^^
  File "C:\Users\vitya\AppData\Local\Programs\Python\Python311\Lib\site-packages\django\db\models\sql\query.py", line 1645, in _add_q
    child_clause, needed_inner = self.build_filter(
                                 ^^^^^^^^^^^^^^^^^^
  File "C:\Users\vitya\AppData\Local\Programs\Python\Python311\Lib\site-packages\django\db\models\sql\query.py", line 1495, in build_filter
    lookups, parts, reffed_expression = self.solve_lookup_type(arg, summarize)
                                        ^^^^^^^^^^^^^^^^^^^^^^^^^^^^^^^^^^^^^^
  File "C:\Users\vitya\AppData\Local\Programs\Python\Python311\Lib\site-packages\django\db\models\sql\query.py", line 1307, in solve_lookup_type
    _, field, _, lookup_parts = self.names_to_path(lookup_splitted, self.get_meta())
                                ^^^^^^^^^^^^^^^^^^^^^^^^^^^^^^^^^^^^^^^^^^^^^^^^^^^^
  File "C:\Users\vitya\AppData\Local\Programs\Python\Python311\Lib\site-packages\django\db\models\sql\query.py", line 1772, in names_to_path
    raise FieldError(
django.core.exceptions.FieldError: Cannot resolve keyword 'code' into field. Choices are: clients_used, code_phrase, discount, id, ticket
2024-05-22 22:28:39,967 INFO C:\Users\vitya\cinema\movies\views.py changed, reloading.
2024-05-22 22:28:51,705 INFO C:\Users\vitya\cinema\movies\views.py changed, reloading.
2024-05-22 22:28:56,271 INFO C:\Users\vitya\cinema\movies\views.py changed, reloading.
2024-05-22 22:28:59,811 INFO C:\Users\vitya\cinema\movies\views.py changed, reloading.
2024-05-22 22:29:06,392 INFO C:\Users\vitya\cinema\movies\views.py changed, reloading.
2024-05-22 22:29:10,022 INFO C:\Users\vitya\cinema\movies\views.py changed, reloading.
2024-05-22 22:29:18,620 INFO C:\Users\vitya\cinema\movies\views.py changed, reloading.
2024-05-22 22:29:21,171 INFO C:\Users\vitya\cinema\movies\views.py changed, reloading.
2024-05-22 22:29:27,826 INFO C:\Users\vitya\cinema\movies\views.py changed, reloading.
2024-05-22 22:29:33,441 INFO C:\Users\vitya\cinema\movies\views.py changed, reloading.
2024-05-22 22:29:36,053 INFO C:\Users\vitya\cinema\movies\views.py changed, reloading.
2024-05-22 22:29:39,624 INFO C:\Users\vitya\cinema\movies\views.py changed, reloading.
2024-05-22 22:30:06,070 INFO C:\Users\vitya\cinema\movies\views.py changed, reloading.
2024-05-22 22:30:10,637 INFO C:\Users\vitya\cinema\movies\views.py changed, reloading.
2024-05-22 22:30:14,141 INFO C:\Users\vitya\cinema\movies\views.py changed, reloading.
2024-05-22 22:30:26,052 INFO C:\Users\vitya\cinema\movies\views.py changed, reloading.
2024-05-22 22:33:09,828 INFO C:\Users\vitya\cinema\movies\views.py changed, reloading.
2024-05-22 22:33:13,445 INFO C:\Users\vitya\cinema\movies\views.py changed, reloading.
2024-05-22 22:33:29,182 INFO C:\Users\vitya\cinema\movies\views.py changed, reloading.
2024-05-22 22:33:31,894 INFO C:\Users\vitya\cinema\movies\views.py changed, reloading.
2024-05-22 22:33:56,741 WARNING Not Found: /make-ticket
2024-05-22 22:34:11,641 ERROR Internal Server Error: /make-ticket/9/
Traceback (most recent call last):
  File "C:\Users\vitya\AppData\Local\Programs\Python\Python311\Lib\site-packages\django\core\handlers\exception.py", line 55, in inner
    response = get_response(request)
               ^^^^^^^^^^^^^^^^^^^^^
  File "C:\Users\vitya\AppData\Local\Programs\Python\Python311\Lib\site-packages\django\core\handlers\base.py", line 197, in _get_response
    response = wrapped_callback(request, *callback_args, **callback_kwargs)
               ^^^^^^^^^^^^^^^^^^^^^^^^^^^^^^^^^^^^^^^^^^^^^^^^^^^^^^^^^^^^
  File "C:\Users\vitya\AppData\Local\Programs\Python\Python311\Lib\site-packages\django\contrib\auth\decorators.py", line 23, in _wrapper_view
    return view_func(request, *args, **kwargs)
           ^^^^^^^^^^^^^^^^^^^^^^^^^^^^^^^^^^^
  File "C:\Users\vitya\cinema\movies\views.py", line 283, in make_ticket
    if not coupon.use_coupon(request.user):
           ^^^^^^^^^^^^^^^^^^^^^^^^^^^^^^^
  File "C:\Users\vitya\cinema\movies\models.py", line 91, in use_coupon
    self.customers_used.add(client)
    ^^^^^^^^^^^^^^^^^^^
AttributeError: 'Coupon' object has no attribute 'customers_used'
2024-05-22 22:34:20,384 ERROR Internal Server Error: /make-ticket/9/
Traceback (most recent call last):
  File "C:\Users\vitya\AppData\Local\Programs\Python\Python311\Lib\site-packages\django\core\handlers\exception.py", line 55, in inner
    response = get_response(request)
               ^^^^^^^^^^^^^^^^^^^^^
  File "C:\Users\vitya\AppData\Local\Programs\Python\Python311\Lib\site-packages\django\core\handlers\base.py", line 197, in _get_response
    response = wrapped_callback(request, *callback_args, **callback_kwargs)
               ^^^^^^^^^^^^^^^^^^^^^^^^^^^^^^^^^^^^^^^^^^^^^^^^^^^^^^^^^^^^
  File "C:\Users\vitya\AppData\Local\Programs\Python\Python311\Lib\site-packages\django\contrib\auth\decorators.py", line 23, in _wrapper_view
    return view_func(request, *args, **kwargs)
           ^^^^^^^^^^^^^^^^^^^^^^^^^^^^^^^^^^^
  File "C:\Users\vitya\cinema\movies\views.py", line 283, in make_ticket
    if not coupon.use_coupon(request.user):
           ^^^^^^^^^^^^^^^^^^^^^^^^^^^^^^^
  File "C:\Users\vitya\cinema\movies\models.py", line 91, in use_coupon
    self.customers_used.add(client)
    ^^^^^^^^^^^^^^^^^^^
AttributeError: 'Coupon' object has no attribute 'customers_used'
2024-05-22 22:34:32,188 INFO C:\Users\vitya\cinema\movies\models.py changed, reloading.
2024-05-22 22:35:45,308 INFO C:\Users\vitya\cinema\movies\views.py changed, reloading.
2024-05-22 22:36:02,107 INFO C:\Users\vitya\cinema\movies\views.py changed, reloading.
2024-05-22 22:36:45,270 INFO C:\Users\vitya\cinema\movies\views.py changed, reloading.
2024-05-22 22:37:25,777 INFO C:\Users\vitya\cinema\movies\views.py changed, reloading.
2024-05-22 22:37:28,481 INFO C:\Users\vitya\cinema\movies\views.py changed, reloading.
2024-05-22 22:40:18,550 INFO C:\Users\vitya\cinema\movies\admin.py changed, reloading.
2024-05-22 22:41:39,517 ERROR Internal Server Error: /make-ticket/9/
Traceback (most recent call last):
  File "C:\Users\vitya\AppData\Local\Programs\Python\Python311\Lib\site-packages\django\core\handlers\exception.py", line 55, in inner
    response = get_response(request)
               ^^^^^^^^^^^^^^^^^^^^^
  File "C:\Users\vitya\AppData\Local\Programs\Python\Python311\Lib\site-packages\django\core\handlers\base.py", line 197, in _get_response
    response = wrapped_callback(request, *callback_args, **callback_kwargs)
               ^^^^^^^^^^^^^^^^^^^^^^^^^^^^^^^^^^^^^^^^^^^^^^^^^^^^^^^^^^^^
  File "C:\Users\vitya\AppData\Local\Programs\Python\Python311\Lib\site-packages\django\contrib\auth\decorators.py", line 23, in _wrapper_view
    return view_func(request, *args, **kwargs)
           ^^^^^^^^^^^^^^^^^^^^^^^^^^^^^^^^^^^
  File "C:\Users\vitya\cinema\movies\views.py", line 299, in make_ticket
    if coupon:
       ^^^^^^
UnboundLocalError: cannot access local variable 'coupon' where it is not associated with a value
2024-05-22 22:41:53,627 INFO C:\Users\vitya\cinema\movies\views.py changed, reloading.
2024-05-22 22:42:00,347 INFO C:\Users\vitya\cinema\movies\views.py changed, reloading.
2024-05-22 22:42:07,088 INFO C:\Users\vitya\cinema\movies\views.py changed, reloading.
2024-05-22 22:43:26,532 INFO News successful got
2024-05-22 22:54:11,211 INFO C:\Users\vitya\cinema\movies\urls.py changed, reloading.
2024-05-22 22:55:06,071 INFO C:\Users\vitya\cinema\movies\urls.py changed, reloading.
2024-05-22 22:55:44,711 INFO C:\Users\vitya\cinema\movies\views.py changed, reloading.
2024-05-22 22:56:00,383 INFO C:\Users\vitya\cinema\movies\views.py changed, reloading.
2024-05-22 22:56:04,970 INFO C:\Users\vitya\cinema\movies\views.py changed, reloading.
2024-05-22 22:56:25,012 INFO C:\Users\vitya\cinema\movies\views.py changed, reloading.
2024-05-22 22:56:39,881 INFO C:\Users\vitya\cinema\movies\views.py changed, reloading.
2024-05-22 22:56:45,523 INFO C:\Users\vitya\cinema\movies\views.py changed, reloading.
2024-05-22 22:56:48,065 INFO C:\Users\vitya\cinema\movies\views.py changed, reloading.
2024-05-22 22:56:51,696 INFO C:\Users\vitya\cinema\movies\views.py changed, reloading.
2024-05-22 22:56:56,321 INFO C:\Users\vitya\cinema\movies\views.py changed, reloading.
2024-05-22 22:56:59,071 INFO C:\Users\vitya\cinema\movies\views.py changed, reloading.
2024-05-22 22:57:03,676 INFO C:\Users\vitya\cinema\movies\views.py changed, reloading.
2024-05-22 22:57:16,506 INFO C:\Users\vitya\cinema\movies\urls.py changed, reloading.
2024-05-22 22:59:28,976 WARNING Forbidden (CSRF token missing.): /coupons/
2024-05-22 22:59:51,229 WARNING Forbidden (CSRF token missing.): /coupons/
2024-05-22 23:00:11,829 INFO C:\Users\vitya\cinema\movies\views.py changed, reloading.
2024-05-22 23:00:37,153 INFO C:\Users\vitya\cinema\movies\urls.py changed, reloading.
2024-05-22 23:00:40,576 INFO C:\Users\vitya\cinema\movies\urls.py changed, reloading.
2024-05-22 23:01:08,379 ERROR Internal Server Error: /coupons/delete
Traceback (most recent call last):
  File "C:\Users\vitya\AppData\Local\Programs\Python\Python311\Lib\site-packages\django\core\handlers\exception.py", line 55, in inner
    response = get_response(request)
               ^^^^^^^^^^^^^^^^^^^^^
  File "C:\Users\vitya\AppData\Local\Programs\Python\Python311\Lib\site-packages\django\core\handlers\base.py", line 197, in _get_response
    response = wrapped_callback(request, *callback_args, **callback_kwargs)
               ^^^^^^^^^^^^^^^^^^^^^^^^^^^^^^^^^^^^^^^^^^^^^^^^^^^^^^^^^^^^
  File "C:\Users\vitya\AppData\Local\Programs\Python\Python311\Lib\site-packages\django\contrib\auth\decorators.py", line 23, in _wrapper_view
    return view_func(request, *args, **kwargs)
           ^^^^^^^^^^^^^^^^^^^^^^^^^^^^^^^^^^^
  File "C:\Users\vitya\AppData\Local\Programs\Python\Python311\Lib\site-packages\django\contrib\auth\decorators.py", line 23, in _wrapper_view
    return view_func(request, *args, **kwargs)
           ^^^^^^^^^^^^^^^^^^^^^^^^^^^^^^^^^^^
  File "C:\Users\vitya\cinema\movies\views.py", line 776, in delete_coupon_by_id
    coupon = Coupon.objects.get(id=coupon_id)
             ^^^^^^^^^^^^^^^^^^^^^^^^^^^^^^^^
  File "C:\Users\vitya\AppData\Local\Programs\Python\Python311\Lib\site-packages\django\db\models\manager.py", line 87, in manager_method
    return getattr(self.get_queryset(), name)(*args, **kwargs)
           ^^^^^^^^^^^^^^^^^^^^^^^^^^^^^^^^^^^^^^^^^^^^^^^^^^^
  File "C:\Users\vitya\AppData\Local\Programs\Python\Python311\Lib\site-packages\django\db\models\query.py", line 649, in get
    raise self.model.DoesNotExist(
movies.models.Coupon.DoesNotExist: Coupon matching query does not exist.
2024-05-22 23:01:22,404 INFO C:\Users\vitya\cinema\movies\views.py changed, reloading.
2024-05-22 23:01:43,810 INFO C:\Users\vitya\cinema\movies\views.py changed, reloading.
2024-05-22 23:01:50,171 INFO C:\Users\vitya\cinema\movies\views.py changed, reloading.
2024-05-22 23:01:55,729 INFO C:\Users\vitya\cinema\movies\views.py changed, reloading.
2024-05-22 23:02:07,495 INFO C:\Users\vitya\cinema\movies\views.py changed, reloading.
2024-05-22 23:02:11,204 INFO C:\Users\vitya\cinema\movies\views.py changed, reloading.
2024-05-22 23:02:15,749 INFO C:\Users\vitya\cinema\movies\views.py changed, reloading.
2024-05-22 23:02:19,393 INFO C:\Users\vitya\cinema\movies\views.py changed, reloading.
2024-05-22 23:02:25,999 INFO C:\Users\vitya\cinema\movies\views.py changed, reloading.
2024-05-22 23:02:35,459 INFO C:\Users\vitya\cinema\movies\views.py changed, reloading.
2024-05-22 23:02:40,213 INFO C:\Users\vitya\cinema\movies\views.py changed, reloading.
2024-05-22 23:02:45,903 INFO C:\Users\vitya\cinema\movies\views.py changed, reloading.
2024-05-22 23:02:50,536 INFO C:\Users\vitya\cinema\movies\views.py changed, reloading.
2024-05-22 23:03:40,049 ERROR Internal Server Error: /coupons/delete
Traceback (most recent call last):
  File "C:\Users\vitya\AppData\Local\Programs\Python\Python311\Lib\site-packages\django\db\models\fields\__init__.py", line 2117, in get_prep_value
    return int(value)
           ^^^^^^^^^^
ValueError: invalid literal for int() with base 10: ''

The above exception was the direct cause of the following exception:

Traceback (most recent call last):
  File "C:\Users\vitya\AppData\Local\Programs\Python\Python311\Lib\site-packages\django\core\handlers\exception.py", line 55, in inner
    response = get_response(request)
               ^^^^^^^^^^^^^^^^^^^^^
  File "C:\Users\vitya\AppData\Local\Programs\Python\Python311\Lib\site-packages\django\core\handlers\base.py", line 197, in _get_response
    response = wrapped_callback(request, *callback_args, **callback_kwargs)
               ^^^^^^^^^^^^^^^^^^^^^^^^^^^^^^^^^^^^^^^^^^^^^^^^^^^^^^^^^^^^
  File "C:\Users\vitya\AppData\Local\Programs\Python\Python311\Lib\site-packages\django\contrib\auth\decorators.py", line 23, in _wrapper_view
    return view_func(request, *args, **kwargs)
           ^^^^^^^^^^^^^^^^^^^^^^^^^^^^^^^^^^^
  File "C:\Users\vitya\AppData\Local\Programs\Python\Python311\Lib\site-packages\django\contrib\auth\decorators.py", line 23, in _wrapper_view
    return view_func(request, *args, **kwargs)
           ^^^^^^^^^^^^^^^^^^^^^^^^^^^^^^^^^^^
  File "C:\Users\vitya\cinema\movies\views.py", line 777, in delete_coupon_by_id
    coupon = Coupon.objects.get(id=coupon_id)
             ^^^^^^^^^^^^^^^^^^^^^^^^^^^^^^^^
  File "C:\Users\vitya\AppData\Local\Programs\Python\Python311\Lib\site-packages\django\db\models\manager.py", line 87, in manager_method
    return getattr(self.get_queryset(), name)(*args, **kwargs)
           ^^^^^^^^^^^^^^^^^^^^^^^^^^^^^^^^^^^^^^^^^^^^^^^^^^^
  File "C:\Users\vitya\AppData\Local\Programs\Python\Python311\Lib\site-packages\django\db\models\query.py", line 635, in get
    clone = self._chain() if self.query.combinator else self.filter(*args, **kwargs)
                                                        ^^^^^^^^^^^^^^^^^^^^^^^^^^^^
  File "C:\Users\vitya\AppData\Local\Programs\Python\Python311\Lib\site-packages\django\db\models\query.py", line 1476, in filter
    return self._filter_or_exclude(False, args, kwargs)
           ^^^^^^^^^^^^^^^^^^^^^^^^^^^^^^^^^^^^^^^^^^^^
  File "C:\Users\vitya\AppData\Local\Programs\Python\Python311\Lib\site-packages\django\db\models\query.py", line 1494, in _filter_or_exclude
    clone._filter_or_exclude_inplace(negate, args, kwargs)
  File "C:\Users\vitya\AppData\Local\Programs\Python\Python311\Lib\site-packages\django\db\models\query.py", line 1501, in _filter_or_exclude_inplace
    self._query.add_q(Q(*args, **kwargs))
  File "C:\Users\vitya\AppData\Local\Programs\Python\Python311\Lib\site-packages\django\db\models\sql\query.py", line 1613, in add_q
    clause, _ = self._add_q(q_object, self.used_aliases)
                ^^^^^^^^^^^^^^^^^^^^^^^^^^^^^^^^^^^^^^^^
  File "C:\Users\vitya\AppData\Local\Programs\Python\Python311\Lib\site-packages\django\db\models\sql\query.py", line 1645, in _add_q
    child_clause, needed_inner = self.build_filter(
                                 ^^^^^^^^^^^^^^^^^^
  File "C:\Users\vitya\AppData\Local\Programs\Python\Python311\Lib\site-packages\django\db\models\sql\query.py", line 1559, in build_filter
    condition = self.build_lookup(lookups, col, value)
                ^^^^^^^^^^^^^^^^^^^^^^^^^^^^^^^^^^^^^^
  File "C:\Users\vitya\AppData\Local\Programs\Python\Python311\Lib\site-packages\django\db\models\sql\query.py", line 1389, in build_lookup
    lookup = lookup_class(lhs, rhs)
             ^^^^^^^^^^^^^^^^^^^^^^
  File "C:\Users\vitya\AppData\Local\Programs\Python\Python311\Lib\site-packages\django\db\models\lookups.py", line 30, in __init__
    self.rhs = self.get_prep_lookup()
               ^^^^^^^^^^^^^^^^^^^^^^
  File "C:\Users\vitya\AppData\Local\Programs\Python\Python311\Lib\site-packages\django\db\models\lookups.py", line 364, in get_prep_lookup
    return super().get_prep_lookup()
           ^^^^^^^^^^^^^^^^^^^^^^^^^
  File "C:\Users\vitya\AppData\Local\Programs\Python\Python311\Lib\site-packages\django\db\models\lookups.py", line 88, in get_prep_lookup
    return self.lhs.output_field.get_prep_value(self.rhs)
           ^^^^^^^^^^^^^^^^^^^^^^^^^^^^^^^^^^^^^^^^^^^^^^
  File "C:\Users\vitya\AppData\Local\Programs\Python\Python311\Lib\site-packages\django\db\models\fields\__init__.py", line 2119, in get_prep_value
    raise e.__class__(
ValueError: Field 'id' expected a number but got ''.
2024-05-22 23:04:05,889 ERROR Internal Server Error: /coupons/delete
Traceback (most recent call last):
  File "C:\Users\vitya\AppData\Local\Programs\Python\Python311\Lib\site-packages\django\db\models\fields\__init__.py", line 2117, in get_prep_value
    return int(value)
           ^^^^^^^^^^
ValueError: invalid literal for int() with base 10: ''

The above exception was the direct cause of the following exception:

Traceback (most recent call last):
  File "C:\Users\vitya\AppData\Local\Programs\Python\Python311\Lib\site-packages\django\core\handlers\exception.py", line 55, in inner
    response = get_response(request)
               ^^^^^^^^^^^^^^^^^^^^^
  File "C:\Users\vitya\AppData\Local\Programs\Python\Python311\Lib\site-packages\django\core\handlers\base.py", line 197, in _get_response
    response = wrapped_callback(request, *callback_args, **callback_kwargs)
               ^^^^^^^^^^^^^^^^^^^^^^^^^^^^^^^^^^^^^^^^^^^^^^^^^^^^^^^^^^^^
  File "C:\Users\vitya\AppData\Local\Programs\Python\Python311\Lib\site-packages\django\contrib\auth\decorators.py", line 23, in _wrapper_view
    return view_func(request, *args, **kwargs)
           ^^^^^^^^^^^^^^^^^^^^^^^^^^^^^^^^^^^
  File "C:\Users\vitya\AppData\Local\Programs\Python\Python311\Lib\site-packages\django\contrib\auth\decorators.py", line 23, in _wrapper_view
    return view_func(request, *args, **kwargs)
           ^^^^^^^^^^^^^^^^^^^^^^^^^^^^^^^^^^^
  File "C:\Users\vitya\cinema\movies\views.py", line 777, in delete_coupon_by_id
    coupon = Coupon.objects.get(id=coupon_id)
             ^^^^^^^^^^^^^^^^^^^^^^^^^^^^^^^^
  File "C:\Users\vitya\AppData\Local\Programs\Python\Python311\Lib\site-packages\django\db\models\manager.py", line 87, in manager_method
    return getattr(self.get_queryset(), name)(*args, **kwargs)
           ^^^^^^^^^^^^^^^^^^^^^^^^^^^^^^^^^^^^^^^^^^^^^^^^^^^
  File "C:\Users\vitya\AppData\Local\Programs\Python\Python311\Lib\site-packages\django\db\models\query.py", line 635, in get
    clone = self._chain() if self.query.combinator else self.filter(*args, **kwargs)
                                                        ^^^^^^^^^^^^^^^^^^^^^^^^^^^^
  File "C:\Users\vitya\AppData\Local\Programs\Python\Python311\Lib\site-packages\django\db\models\query.py", line 1476, in filter
    return self._filter_or_exclude(False, args, kwargs)
           ^^^^^^^^^^^^^^^^^^^^^^^^^^^^^^^^^^^^^^^^^^^^
  File "C:\Users\vitya\AppData\Local\Programs\Python\Python311\Lib\site-packages\django\db\models\query.py", line 1494, in _filter_or_exclude
    clone._filter_or_exclude_inplace(negate, args, kwargs)
  File "C:\Users\vitya\AppData\Local\Programs\Python\Python311\Lib\site-packages\django\db\models\query.py", line 1501, in _filter_or_exclude_inplace
    self._query.add_q(Q(*args, **kwargs))
  File "C:\Users\vitya\AppData\Local\Programs\Python\Python311\Lib\site-packages\django\db\models\sql\query.py", line 1613, in add_q
    clause, _ = self._add_q(q_object, self.used_aliases)
                ^^^^^^^^^^^^^^^^^^^^^^^^^^^^^^^^^^^^^^^^
  File "C:\Users\vitya\AppData\Local\Programs\Python\Python311\Lib\site-packages\django\db\models\sql\query.py", line 1645, in _add_q
    child_clause, needed_inner = self.build_filter(
                                 ^^^^^^^^^^^^^^^^^^
  File "C:\Users\vitya\AppData\Local\Programs\Python\Python311\Lib\site-packages\django\db\models\sql\query.py", line 1559, in build_filter
    condition = self.build_lookup(lookups, col, value)
                ^^^^^^^^^^^^^^^^^^^^^^^^^^^^^^^^^^^^^^
  File "C:\Users\vitya\AppData\Local\Programs\Python\Python311\Lib\site-packages\django\db\models\sql\query.py", line 1389, in build_lookup
    lookup = lookup_class(lhs, rhs)
             ^^^^^^^^^^^^^^^^^^^^^^
  File "C:\Users\vitya\AppData\Local\Programs\Python\Python311\Lib\site-packages\django\db\models\lookups.py", line 30, in __init__
    self.rhs = self.get_prep_lookup()
               ^^^^^^^^^^^^^^^^^^^^^^
  File "C:\Users\vitya\AppData\Local\Programs\Python\Python311\Lib\site-packages\django\db\models\lookups.py", line 364, in get_prep_lookup
    return super().get_prep_lookup()
           ^^^^^^^^^^^^^^^^^^^^^^^^^
  File "C:\Users\vitya\AppData\Local\Programs\Python\Python311\Lib\site-packages\django\db\models\lookups.py", line 88, in get_prep_lookup
    return self.lhs.output_field.get_prep_value(self.rhs)
           ^^^^^^^^^^^^^^^^^^^^^^^^^^^^^^^^^^^^^^^^^^^^^^
  File "C:\Users\vitya\AppData\Local\Programs\Python\Python311\Lib\site-packages\django\db\models\fields\__init__.py", line 2119, in get_prep_value
    raise e.__class__(
ValueError: Field 'id' expected a number but got ''.
2024-05-22 23:04:57,609 INFO News successful got
2024-05-22 23:06:36,909 INFO News successful got
2024-05-23 01:12:41,324 ERROR Internal Server Error: /afisha/
Traceback (most recent call last):
  File "C:\Users\vitya\AppData\Local\Programs\Python\Python311\Lib\site-packages\django\template\base.py", line 875, in _resolve_lookup
    current = current[bit]
              ~~~~~~~^^^^^
TypeError: 'ImageFieldFile' object is not subscriptable

During handling of the above exception, another exception occurred:

Traceback (most recent call last):
  File "C:\Users\vitya\AppData\Local\Programs\Python\Python311\Lib\site-packages\django\core\handlers\exception.py", line 55, in inner
    response = get_response(request)
               ^^^^^^^^^^^^^^^^^^^^^
  File "C:\Users\vitya\AppData\Local\Programs\Python\Python311\Lib\site-packages\django\core\handlers\base.py", line 197, in _get_response
    response = wrapped_callback(request, *callback_args, **callback_kwargs)
               ^^^^^^^^^^^^^^^^^^^^^^^^^^^^^^^^^^^^^^^^^^^^^^^^^^^^^^^^^^^^
  File "C:\Users\vitya\cinema\movies\views.py", line 71, in afisha
    return render(request, 'afisha.html', {'movies': movies, 'genres': genres, 'selected_date': selected_date, 'selected_genre': selected_genre, 'search_movie_title': search_movie_title})
           ^^^^^^^^^^^^^^^^^^^^^^^^^^^^^^^^^^^^^^^^^^^^^^^^^^^^^^^^^^^^^^^^^^^^^^^^^^^^^^^^^^^^^^^^^^^^^^^^^^^^^^^^^^^^^^^^^^^^^^^^^^^^^^^^^^^^^^^^^^^^^^^^^^^^^^^^^^^^^^^^^^^^^^^^^^^^^^^^
  File "C:\Users\vitya\AppData\Local\Programs\Python\Python311\Lib\site-packages\django\shortcuts.py", line 25, in render
    content = loader.render_to_string(template_name, context, request, using=using)
              ^^^^^^^^^^^^^^^^^^^^^^^^^^^^^^^^^^^^^^^^^^^^^^^^^^^^^^^^^^^^^^^^^^^^^
  File "C:\Users\vitya\AppData\Local\Programs\Python\Python311\Lib\site-packages\django\template\loader.py", line 62, in render_to_string
    return template.render(context, request)
           ^^^^^^^^^^^^^^^^^^^^^^^^^^^^^^^^^
  File "C:\Users\vitya\AppData\Local\Programs\Python\Python311\Lib\site-packages\django\template\backends\django.py", line 61, in render
    return self.template.render(context)
           ^^^^^^^^^^^^^^^^^^^^^^^^^^^^^
  File "C:\Users\vitya\AppData\Local\Programs\Python\Python311\Lib\site-packages\django\template\base.py", line 171, in render
    return self._render(context)
           ^^^^^^^^^^^^^^^^^^^^^
  File "C:\Users\vitya\AppData\Local\Programs\Python\Python311\Lib\site-packages\django\test\utils.py", line 111, in instrumented_test_render
    return self.nodelist.render(context)
           ^^^^^^^^^^^^^^^^^^^^^^^^^^^^^
  File "C:\Users\vitya\AppData\Local\Programs\Python\Python311\Lib\site-packages\django\template\base.py", line 1000, in render
    return SafeString("".join([node.render_annotated(context) for node in self]))
                              ^^^^^^^^^^^^^^^^^^^^^^^^^^^^^^^^^^^^^^^^^^^^^^^^^
  File "C:\Users\vitya\AppData\Local\Programs\Python\Python311\Lib\site-packages\django\template\base.py", line 1000, in <listcomp>
    return SafeString("".join([node.render_annotated(context) for node in self]))
                               ^^^^^^^^^^^^^^^^^^^^^^^^^^^^^^
  File "C:\Users\vitya\AppData\Local\Programs\Python\Python311\Lib\site-packages\django\template\base.py", line 961, in render_annotated
    return self.render(context)
           ^^^^^^^^^^^^^^^^^^^^
  File "C:\Users\vitya\AppData\Local\Programs\Python\Python311\Lib\site-packages\django\template\loader_tags.py", line 159, in render
    return compiled_parent._render(context)
           ^^^^^^^^^^^^^^^^^^^^^^^^^^^^^^^^
  File "C:\Users\vitya\AppData\Local\Programs\Python\Python311\Lib\site-packages\django\test\utils.py", line 111, in instrumented_test_render
    return self.nodelist.render(context)
           ^^^^^^^^^^^^^^^^^^^^^^^^^^^^^
  File "C:\Users\vitya\AppData\Local\Programs\Python\Python311\Lib\site-packages\django\template\base.py", line 1000, in render
    return SafeString("".join([node.render_annotated(context) for node in self]))
                              ^^^^^^^^^^^^^^^^^^^^^^^^^^^^^^^^^^^^^^^^^^^^^^^^^
  File "C:\Users\vitya\AppData\Local\Programs\Python\Python311\Lib\site-packages\django\template\base.py", line 1000, in <listcomp>
    return SafeString("".join([node.render_annotated(context) for node in self]))
                               ^^^^^^^^^^^^^^^^^^^^^^^^^^^^^^
  File "C:\Users\vitya\AppData\Local\Programs\Python\Python311\Lib\site-packages\django\template\base.py", line 961, in render_annotated
    return self.render(context)
           ^^^^^^^^^^^^^^^^^^^^
  File "C:\Users\vitya\AppData\Local\Programs\Python\Python311\Lib\site-packages\django\template\loader_tags.py", line 65, in render
    result = block.nodelist.render(context)
             ^^^^^^^^^^^^^^^^^^^^^^^^^^^^^^
  File "C:\Users\vitya\AppData\Local\Programs\Python\Python311\Lib\site-packages\django\template\base.py", line 1000, in render
    return SafeString("".join([node.render_annotated(context) for node in self]))
                              ^^^^^^^^^^^^^^^^^^^^^^^^^^^^^^^^^^^^^^^^^^^^^^^^^
  File "C:\Users\vitya\AppData\Local\Programs\Python\Python311\Lib\site-packages\django\template\base.py", line 1000, in <listcomp>
    return SafeString("".join([node.render_annotated(context) for node in self]))
                               ^^^^^^^^^^^^^^^^^^^^^^^^^^^^^^
  File "C:\Users\vitya\AppData\Local\Programs\Python\Python311\Lib\site-packages\django\template\base.py", line 961, in render_annotated
    return self.render(context)
           ^^^^^^^^^^^^^^^^^^^^
  File "C:\Users\vitya\AppData\Local\Programs\Python\Python311\Lib\site-packages\django\template\defaulttags.py", line 326, in render
    return nodelist.render(context)
           ^^^^^^^^^^^^^^^^^^^^^^^^
  File "C:\Users\vitya\AppData\Local\Programs\Python\Python311\Lib\site-packages\django\template\base.py", line 1000, in render
    return SafeString("".join([node.render_annotated(context) for node in self]))
                              ^^^^^^^^^^^^^^^^^^^^^^^^^^^^^^^^^^^^^^^^^^^^^^^^^
  File "C:\Users\vitya\AppData\Local\Programs\Python\Python311\Lib\site-packages\django\template\base.py", line 1000, in <listcomp>
    return SafeString("".join([node.render_annotated(context) for node in self]))
                               ^^^^^^^^^^^^^^^^^^^^^^^^^^^^^^
  File "C:\Users\vitya\AppData\Local\Programs\Python\Python311\Lib\site-packages\django\template\base.py", line 961, in render_annotated
    return self.render(context)
           ^^^^^^^^^^^^^^^^^^^^
  File "C:\Users\vitya\AppData\Local\Programs\Python\Python311\Lib\site-packages\django\template\defaulttags.py", line 242, in render
    nodelist.append(node.render_annotated(context))
                    ^^^^^^^^^^^^^^^^^^^^^^^^^^^^^^
  File "C:\Users\vitya\AppData\Local\Programs\Python\Python311\Lib\site-packages\django\template\base.py", line 961, in render_annotated
    return self.render(context)
           ^^^^^^^^^^^^^^^^^^^^
  File "C:\Users\vitya\AppData\Local\Programs\Python\Python311\Lib\site-packages\django\template\base.py", line 1059, in render
    output = self.filter_expression.resolve(context)
             ^^^^^^^^^^^^^^^^^^^^^^^^^^^^^^^^^^^^^^^
  File "C:\Users\vitya\AppData\Local\Programs\Python\Python311\Lib\site-packages\django\template\base.py", line 710, in resolve
    obj = self.var.resolve(context)
          ^^^^^^^^^^^^^^^^^^^^^^^^^
  File "C:\Users\vitya\AppData\Local\Programs\Python\Python311\Lib\site-packages\django\template\base.py", line 842, in resolve
    value = self._resolve_lookup(context)
            ^^^^^^^^^^^^^^^^^^^^^^^^^^^^^
  File "C:\Users\vitya\AppData\Local\Programs\Python\Python311\Lib\site-packages\django\template\base.py", line 885, in _resolve_lookup
    current = getattr(current, bit)
              ^^^^^^^^^^^^^^^^^^^^^
  File "C:\Users\vitya\AppData\Local\Programs\Python\Python311\Lib\site-packages\django\db\models\fields\files.py", line 66, in url
    self._require_file()
  File "C:\Users\vitya\AppData\Local\Programs\Python\Python311\Lib\site-packages\django\db\models\fields\files.py", line 41, in _require_file
    raise ValueError(
ValueError: The 'poster' attribute has no file associated with it.
2024-05-23 01:12:41,410 ERROR Internal Server Error: /afisha/
Traceback (most recent call last):
  File "C:\Users\vitya\AppData\Local\Programs\Python\Python311\Lib\site-packages\django\template\base.py", line 875, in _resolve_lookup
    current = current[bit]
              ~~~~~~~^^^^^
TypeError: 'ImageFieldFile' object is not subscriptable

During handling of the above exception, another exception occurred:

Traceback (most recent call last):
  File "C:\Users\vitya\AppData\Local\Programs\Python\Python311\Lib\site-packages\django\core\handlers\exception.py", line 55, in inner
    response = get_response(request)
               ^^^^^^^^^^^^^^^^^^^^^
  File "C:\Users\vitya\AppData\Local\Programs\Python\Python311\Lib\site-packages\django\core\handlers\base.py", line 197, in _get_response
    response = wrapped_callback(request, *callback_args, **callback_kwargs)
               ^^^^^^^^^^^^^^^^^^^^^^^^^^^^^^^^^^^^^^^^^^^^^^^^^^^^^^^^^^^^
  File "C:\Users\vitya\cinema\movies\views.py", line 71, in afisha
    return render(request, 'afisha.html', {'movies': movies, 'genres': genres, 'selected_date': selected_date, 'selected_genre': selected_genre, 'search_movie_title': search_movie_title})
           ^^^^^^^^^^^^^^^^^^^^^^^^^^^^^^^^^^^^^^^^^^^^^^^^^^^^^^^^^^^^^^^^^^^^^^^^^^^^^^^^^^^^^^^^^^^^^^^^^^^^^^^^^^^^^^^^^^^^^^^^^^^^^^^^^^^^^^^^^^^^^^^^^^^^^^^^^^^^^^^^^^^^^^^^^^^^^^^^
  File "C:\Users\vitya\AppData\Local\Programs\Python\Python311\Lib\site-packages\django\shortcuts.py", line 25, in render
    content = loader.render_to_string(template_name, context, request, using=using)
              ^^^^^^^^^^^^^^^^^^^^^^^^^^^^^^^^^^^^^^^^^^^^^^^^^^^^^^^^^^^^^^^^^^^^^
  File "C:\Users\vitya\AppData\Local\Programs\Python\Python311\Lib\site-packages\django\template\loader.py", line 62, in render_to_string
    return template.render(context, request)
           ^^^^^^^^^^^^^^^^^^^^^^^^^^^^^^^^^
  File "C:\Users\vitya\AppData\Local\Programs\Python\Python311\Lib\site-packages\django\template\backends\django.py", line 61, in render
    return self.template.render(context)
           ^^^^^^^^^^^^^^^^^^^^^^^^^^^^^
  File "C:\Users\vitya\AppData\Local\Programs\Python\Python311\Lib\site-packages\django\template\base.py", line 171, in render
    return self._render(context)
           ^^^^^^^^^^^^^^^^^^^^^
  File "C:\Users\vitya\AppData\Local\Programs\Python\Python311\Lib\site-packages\django\test\utils.py", line 111, in instrumented_test_render
    return self.nodelist.render(context)
           ^^^^^^^^^^^^^^^^^^^^^^^^^^^^^
  File "C:\Users\vitya\AppData\Local\Programs\Python\Python311\Lib\site-packages\django\template\base.py", line 1000, in render
    return SafeString("".join([node.render_annotated(context) for node in self]))
                              ^^^^^^^^^^^^^^^^^^^^^^^^^^^^^^^^^^^^^^^^^^^^^^^^^
  File "C:\Users\vitya\AppData\Local\Programs\Python\Python311\Lib\site-packages\django\template\base.py", line 1000, in <listcomp>
    return SafeString("".join([node.render_annotated(context) for node in self]))
                               ^^^^^^^^^^^^^^^^^^^^^^^^^^^^^^
  File "C:\Users\vitya\AppData\Local\Programs\Python\Python311\Lib\site-packages\django\template\base.py", line 961, in render_annotated
    return self.render(context)
           ^^^^^^^^^^^^^^^^^^^^
  File "C:\Users\vitya\AppData\Local\Programs\Python\Python311\Lib\site-packages\django\template\loader_tags.py", line 159, in render
    return compiled_parent._render(context)
           ^^^^^^^^^^^^^^^^^^^^^^^^^^^^^^^^
  File "C:\Users\vitya\AppData\Local\Programs\Python\Python311\Lib\site-packages\django\test\utils.py", line 111, in instrumented_test_render
    return self.nodelist.render(context)
           ^^^^^^^^^^^^^^^^^^^^^^^^^^^^^
  File "C:\Users\vitya\AppData\Local\Programs\Python\Python311\Lib\site-packages\django\template\base.py", line 1000, in render
    return SafeString("".join([node.render_annotated(context) for node in self]))
                              ^^^^^^^^^^^^^^^^^^^^^^^^^^^^^^^^^^^^^^^^^^^^^^^^^
  File "C:\Users\vitya\AppData\Local\Programs\Python\Python311\Lib\site-packages\django\template\base.py", line 1000, in <listcomp>
    return SafeString("".join([node.render_annotated(context) for node in self]))
                               ^^^^^^^^^^^^^^^^^^^^^^^^^^^^^^
  File "C:\Users\vitya\AppData\Local\Programs\Python\Python311\Lib\site-packages\django\template\base.py", line 961, in render_annotated
    return self.render(context)
           ^^^^^^^^^^^^^^^^^^^^
  File "C:\Users\vitya\AppData\Local\Programs\Python\Python311\Lib\site-packages\django\template\loader_tags.py", line 65, in render
    result = block.nodelist.render(context)
             ^^^^^^^^^^^^^^^^^^^^^^^^^^^^^^
  File "C:\Users\vitya\AppData\Local\Programs\Python\Python311\Lib\site-packages\django\template\base.py", line 1000, in render
    return SafeString("".join([node.render_annotated(context) for node in self]))
                              ^^^^^^^^^^^^^^^^^^^^^^^^^^^^^^^^^^^^^^^^^^^^^^^^^
  File "C:\Users\vitya\AppData\Local\Programs\Python\Python311\Lib\site-packages\django\template\base.py", line 1000, in <listcomp>
    return SafeString("".join([node.render_annotated(context) for node in self]))
                               ^^^^^^^^^^^^^^^^^^^^^^^^^^^^^^
  File "C:\Users\vitya\AppData\Local\Programs\Python\Python311\Lib\site-packages\django\template\base.py", line 961, in render_annotated
    return self.render(context)
           ^^^^^^^^^^^^^^^^^^^^
  File "C:\Users\vitya\AppData\Local\Programs\Python\Python311\Lib\site-packages\django\template\defaulttags.py", line 326, in render
    return nodelist.render(context)
           ^^^^^^^^^^^^^^^^^^^^^^^^
  File "C:\Users\vitya\AppData\Local\Programs\Python\Python311\Lib\site-packages\django\template\base.py", line 1000, in render
    return SafeString("".join([node.render_annotated(context) for node in self]))
                              ^^^^^^^^^^^^^^^^^^^^^^^^^^^^^^^^^^^^^^^^^^^^^^^^^
  File "C:\Users\vitya\AppData\Local\Programs\Python\Python311\Lib\site-packages\django\template\base.py", line 1000, in <listcomp>
    return SafeString("".join([node.render_annotated(context) for node in self]))
                               ^^^^^^^^^^^^^^^^^^^^^^^^^^^^^^
  File "C:\Users\vitya\AppData\Local\Programs\Python\Python311\Lib\site-packages\django\template\base.py", line 961, in render_annotated
    return self.render(context)
           ^^^^^^^^^^^^^^^^^^^^
  File "C:\Users\vitya\AppData\Local\Programs\Python\Python311\Lib\site-packages\django\template\defaulttags.py", line 242, in render
    nodelist.append(node.render_annotated(context))
                    ^^^^^^^^^^^^^^^^^^^^^^^^^^^^^^
  File "C:\Users\vitya\AppData\Local\Programs\Python\Python311\Lib\site-packages\django\template\base.py", line 961, in render_annotated
    return self.render(context)
           ^^^^^^^^^^^^^^^^^^^^
  File "C:\Users\vitya\AppData\Local\Programs\Python\Python311\Lib\site-packages\django\template\base.py", line 1059, in render
    output = self.filter_expression.resolve(context)
             ^^^^^^^^^^^^^^^^^^^^^^^^^^^^^^^^^^^^^^^
  File "C:\Users\vitya\AppData\Local\Programs\Python\Python311\Lib\site-packages\django\template\base.py", line 710, in resolve
    obj = self.var.resolve(context)
          ^^^^^^^^^^^^^^^^^^^^^^^^^
  File "C:\Users\vitya\AppData\Local\Programs\Python\Python311\Lib\site-packages\django\template\base.py", line 842, in resolve
    value = self._resolve_lookup(context)
            ^^^^^^^^^^^^^^^^^^^^^^^^^^^^^
  File "C:\Users\vitya\AppData\Local\Programs\Python\Python311\Lib\site-packages\django\template\base.py", line 885, in _resolve_lookup
    current = getattr(current, bit)
              ^^^^^^^^^^^^^^^^^^^^^
  File "C:\Users\vitya\AppData\Local\Programs\Python\Python311\Lib\site-packages\django\db\models\fields\files.py", line 66, in url
    self._require_file()
  File "C:\Users\vitya\AppData\Local\Programs\Python\Python311\Lib\site-packages\django\db\models\fields\files.py", line 41, in _require_file
    raise ValueError(
ValueError: The 'poster' attribute has no file associated with it.
2024-05-23 01:12:41,430 ERROR Internal Server Error: /afisha/
Traceback (most recent call last):
  File "C:\Users\vitya\AppData\Local\Programs\Python\Python311\Lib\site-packages\django\template\base.py", line 875, in _resolve_lookup
    current = current[bit]
              ~~~~~~~^^^^^
TypeError: 'ImageFieldFile' object is not subscriptable

During handling of the above exception, another exception occurred:

Traceback (most recent call last):
  File "C:\Users\vitya\AppData\Local\Programs\Python\Python311\Lib\site-packages\django\core\handlers\exception.py", line 55, in inner
    response = get_response(request)
               ^^^^^^^^^^^^^^^^^^^^^
  File "C:\Users\vitya\AppData\Local\Programs\Python\Python311\Lib\site-packages\django\core\handlers\base.py", line 197, in _get_response
    response = wrapped_callback(request, *callback_args, **callback_kwargs)
               ^^^^^^^^^^^^^^^^^^^^^^^^^^^^^^^^^^^^^^^^^^^^^^^^^^^^^^^^^^^^
  File "C:\Users\vitya\cinema\movies\views.py", line 71, in afisha
    return render(request, 'afisha.html', {'movies': movies, 'genres': genres, 'selected_date': selected_date, 'selected_genre': selected_genre, 'search_movie_title': search_movie_title})
           ^^^^^^^^^^^^^^^^^^^^^^^^^^^^^^^^^^^^^^^^^^^^^^^^^^^^^^^^^^^^^^^^^^^^^^^^^^^^^^^^^^^^^^^^^^^^^^^^^^^^^^^^^^^^^^^^^^^^^^^^^^^^^^^^^^^^^^^^^^^^^^^^^^^^^^^^^^^^^^^^^^^^^^^^^^^^^^^^
  File "C:\Users\vitya\AppData\Local\Programs\Python\Python311\Lib\site-packages\django\shortcuts.py", line 25, in render
    content = loader.render_to_string(template_name, context, request, using=using)
              ^^^^^^^^^^^^^^^^^^^^^^^^^^^^^^^^^^^^^^^^^^^^^^^^^^^^^^^^^^^^^^^^^^^^^
  File "C:\Users\vitya\AppData\Local\Programs\Python\Python311\Lib\site-packages\django\template\loader.py", line 62, in render_to_string
    return template.render(context, request)
           ^^^^^^^^^^^^^^^^^^^^^^^^^^^^^^^^^
  File "C:\Users\vitya\AppData\Local\Programs\Python\Python311\Lib\site-packages\django\template\backends\django.py", line 61, in render
    return self.template.render(context)
           ^^^^^^^^^^^^^^^^^^^^^^^^^^^^^
  File "C:\Users\vitya\AppData\Local\Programs\Python\Python311\Lib\site-packages\django\template\base.py", line 171, in render
    return self._render(context)
           ^^^^^^^^^^^^^^^^^^^^^
  File "C:\Users\vitya\AppData\Local\Programs\Python\Python311\Lib\site-packages\django\test\utils.py", line 111, in instrumented_test_render
    return self.nodelist.render(context)
           ^^^^^^^^^^^^^^^^^^^^^^^^^^^^^
  File "C:\Users\vitya\AppData\Local\Programs\Python\Python311\Lib\site-packages\django\template\base.py", line 1000, in render
    return SafeString("".join([node.render_annotated(context) for node in self]))
                              ^^^^^^^^^^^^^^^^^^^^^^^^^^^^^^^^^^^^^^^^^^^^^^^^^
  File "C:\Users\vitya\AppData\Local\Programs\Python\Python311\Lib\site-packages\django\template\base.py", line 1000, in <listcomp>
    return SafeString("".join([node.render_annotated(context) for node in self]))
                               ^^^^^^^^^^^^^^^^^^^^^^^^^^^^^^
  File "C:\Users\vitya\AppData\Local\Programs\Python\Python311\Lib\site-packages\django\template\base.py", line 961, in render_annotated
    return self.render(context)
           ^^^^^^^^^^^^^^^^^^^^
  File "C:\Users\vitya\AppData\Local\Programs\Python\Python311\Lib\site-packages\django\template\loader_tags.py", line 159, in render
    return compiled_parent._render(context)
           ^^^^^^^^^^^^^^^^^^^^^^^^^^^^^^^^
  File "C:\Users\vitya\AppData\Local\Programs\Python\Python311\Lib\site-packages\django\test\utils.py", line 111, in instrumented_test_render
    return self.nodelist.render(context)
           ^^^^^^^^^^^^^^^^^^^^^^^^^^^^^
  File "C:\Users\vitya\AppData\Local\Programs\Python\Python311\Lib\site-packages\django\template\base.py", line 1000, in render
    return SafeString("".join([node.render_annotated(context) for node in self]))
                              ^^^^^^^^^^^^^^^^^^^^^^^^^^^^^^^^^^^^^^^^^^^^^^^^^
  File "C:\Users\vitya\AppData\Local\Programs\Python\Python311\Lib\site-packages\django\template\base.py", line 1000, in <listcomp>
    return SafeString("".join([node.render_annotated(context) for node in self]))
                               ^^^^^^^^^^^^^^^^^^^^^^^^^^^^^^
  File "C:\Users\vitya\AppData\Local\Programs\Python\Python311\Lib\site-packages\django\template\base.py", line 961, in render_annotated
    return self.render(context)
           ^^^^^^^^^^^^^^^^^^^^
  File "C:\Users\vitya\AppData\Local\Programs\Python\Python311\Lib\site-packages\django\template\loader_tags.py", line 65, in render
    result = block.nodelist.render(context)
             ^^^^^^^^^^^^^^^^^^^^^^^^^^^^^^
  File "C:\Users\vitya\AppData\Local\Programs\Python\Python311\Lib\site-packages\django\template\base.py", line 1000, in render
    return SafeString("".join([node.render_annotated(context) for node in self]))
                              ^^^^^^^^^^^^^^^^^^^^^^^^^^^^^^^^^^^^^^^^^^^^^^^^^
  File "C:\Users\vitya\AppData\Local\Programs\Python\Python311\Lib\site-packages\django\template\base.py", line 1000, in <listcomp>
    return SafeString("".join([node.render_annotated(context) for node in self]))
                               ^^^^^^^^^^^^^^^^^^^^^^^^^^^^^^
  File "C:\Users\vitya\AppData\Local\Programs\Python\Python311\Lib\site-packages\django\template\base.py", line 961, in render_annotated
    return self.render(context)
           ^^^^^^^^^^^^^^^^^^^^
  File "C:\Users\vitya\AppData\Local\Programs\Python\Python311\Lib\site-packages\django\template\defaulttags.py", line 326, in render
    return nodelist.render(context)
           ^^^^^^^^^^^^^^^^^^^^^^^^
  File "C:\Users\vitya\AppData\Local\Programs\Python\Python311\Lib\site-packages\django\template\base.py", line 1000, in render
    return SafeString("".join([node.render_annotated(context) for node in self]))
                              ^^^^^^^^^^^^^^^^^^^^^^^^^^^^^^^^^^^^^^^^^^^^^^^^^
  File "C:\Users\vitya\AppData\Local\Programs\Python\Python311\Lib\site-packages\django\template\base.py", line 1000, in <listcomp>
    return SafeString("".join([node.render_annotated(context) for node in self]))
                               ^^^^^^^^^^^^^^^^^^^^^^^^^^^^^^
  File "C:\Users\vitya\AppData\Local\Programs\Python\Python311\Lib\site-packages\django\template\base.py", line 961, in render_annotated
    return self.render(context)
           ^^^^^^^^^^^^^^^^^^^^
  File "C:\Users\vitya\AppData\Local\Programs\Python\Python311\Lib\site-packages\django\template\defaulttags.py", line 242, in render
    nodelist.append(node.render_annotated(context))
                    ^^^^^^^^^^^^^^^^^^^^^^^^^^^^^^
  File "C:\Users\vitya\AppData\Local\Programs\Python\Python311\Lib\site-packages\django\template\base.py", line 961, in render_annotated
    return self.render(context)
           ^^^^^^^^^^^^^^^^^^^^
  File "C:\Users\vitya\AppData\Local\Programs\Python\Python311\Lib\site-packages\django\template\base.py", line 1059, in render
    output = self.filter_expression.resolve(context)
             ^^^^^^^^^^^^^^^^^^^^^^^^^^^^^^^^^^^^^^^
  File "C:\Users\vitya\AppData\Local\Programs\Python\Python311\Lib\site-packages\django\template\base.py", line 710, in resolve
    obj = self.var.resolve(context)
          ^^^^^^^^^^^^^^^^^^^^^^^^^
  File "C:\Users\vitya\AppData\Local\Programs\Python\Python311\Lib\site-packages\django\template\base.py", line 842, in resolve
    value = self._resolve_lookup(context)
            ^^^^^^^^^^^^^^^^^^^^^^^^^^^^^
  File "C:\Users\vitya\AppData\Local\Programs\Python\Python311\Lib\site-packages\django\template\base.py", line 885, in _resolve_lookup
    current = getattr(current, bit)
              ^^^^^^^^^^^^^^^^^^^^^
  File "C:\Users\vitya\AppData\Local\Programs\Python\Python311\Lib\site-packages\django\db\models\fields\files.py", line 66, in url
    self._require_file()
  File "C:\Users\vitya\AppData\Local\Programs\Python\Python311\Lib\site-packages\django\db\models\fields\files.py", line 41, in _require_file
    raise ValueError(
ValueError: The 'poster' attribute has no file associated with it.
2024-05-23 01:12:41,452 ERROR Internal Server Error: /afisha/
Traceback (most recent call last):
  File "C:\Users\vitya\AppData\Local\Programs\Python\Python311\Lib\site-packages\django\template\base.py", line 875, in _resolve_lookup
    current = current[bit]
              ~~~~~~~^^^^^
TypeError: 'ImageFieldFile' object is not subscriptable

During handling of the above exception, another exception occurred:

Traceback (most recent call last):
  File "C:\Users\vitya\AppData\Local\Programs\Python\Python311\Lib\site-packages\django\core\handlers\exception.py", line 55, in inner
    response = get_response(request)
               ^^^^^^^^^^^^^^^^^^^^^
  File "C:\Users\vitya\AppData\Local\Programs\Python\Python311\Lib\site-packages\django\core\handlers\base.py", line 197, in _get_response
    response = wrapped_callback(request, *callback_args, **callback_kwargs)
               ^^^^^^^^^^^^^^^^^^^^^^^^^^^^^^^^^^^^^^^^^^^^^^^^^^^^^^^^^^^^
  File "C:\Users\vitya\cinema\movies\views.py", line 71, in afisha
    return render(request, 'afisha.html', {'movies': movies, 'genres': genres, 'selected_date': selected_date, 'selected_genre': selected_genre, 'search_movie_title': search_movie_title})
           ^^^^^^^^^^^^^^^^^^^^^^^^^^^^^^^^^^^^^^^^^^^^^^^^^^^^^^^^^^^^^^^^^^^^^^^^^^^^^^^^^^^^^^^^^^^^^^^^^^^^^^^^^^^^^^^^^^^^^^^^^^^^^^^^^^^^^^^^^^^^^^^^^^^^^^^^^^^^^^^^^^^^^^^^^^^^^^^^
  File "C:\Users\vitya\AppData\Local\Programs\Python\Python311\Lib\site-packages\django\shortcuts.py", line 25, in render
    content = loader.render_to_string(template_name, context, request, using=using)
              ^^^^^^^^^^^^^^^^^^^^^^^^^^^^^^^^^^^^^^^^^^^^^^^^^^^^^^^^^^^^^^^^^^^^^
  File "C:\Users\vitya\AppData\Local\Programs\Python\Python311\Lib\site-packages\django\template\loader.py", line 62, in render_to_string
    return template.render(context, request)
           ^^^^^^^^^^^^^^^^^^^^^^^^^^^^^^^^^
  File "C:\Users\vitya\AppData\Local\Programs\Python\Python311\Lib\site-packages\django\template\backends\django.py", line 61, in render
    return self.template.render(context)
           ^^^^^^^^^^^^^^^^^^^^^^^^^^^^^
  File "C:\Users\vitya\AppData\Local\Programs\Python\Python311\Lib\site-packages\django\template\base.py", line 171, in render
    return self._render(context)
           ^^^^^^^^^^^^^^^^^^^^^
  File "C:\Users\vitya\AppData\Local\Programs\Python\Python311\Lib\site-packages\django\test\utils.py", line 111, in instrumented_test_render
    return self.nodelist.render(context)
           ^^^^^^^^^^^^^^^^^^^^^^^^^^^^^
  File "C:\Users\vitya\AppData\Local\Programs\Python\Python311\Lib\site-packages\django\template\base.py", line 1000, in render
    return SafeString("".join([node.render_annotated(context) for node in self]))
                              ^^^^^^^^^^^^^^^^^^^^^^^^^^^^^^^^^^^^^^^^^^^^^^^^^
  File "C:\Users\vitya\AppData\Local\Programs\Python\Python311\Lib\site-packages\django\template\base.py", line 1000, in <listcomp>
    return SafeString("".join([node.render_annotated(context) for node in self]))
                               ^^^^^^^^^^^^^^^^^^^^^^^^^^^^^^
  File "C:\Users\vitya\AppData\Local\Programs\Python\Python311\Lib\site-packages\django\template\base.py", line 961, in render_annotated
    return self.render(context)
           ^^^^^^^^^^^^^^^^^^^^
  File "C:\Users\vitya\AppData\Local\Programs\Python\Python311\Lib\site-packages\django\template\loader_tags.py", line 159, in render
    return compiled_parent._render(context)
           ^^^^^^^^^^^^^^^^^^^^^^^^^^^^^^^^
  File "C:\Users\vitya\AppData\Local\Programs\Python\Python311\Lib\site-packages\django\test\utils.py", line 111, in instrumented_test_render
    return self.nodelist.render(context)
           ^^^^^^^^^^^^^^^^^^^^^^^^^^^^^
  File "C:\Users\vitya\AppData\Local\Programs\Python\Python311\Lib\site-packages\django\template\base.py", line 1000, in render
    return SafeString("".join([node.render_annotated(context) for node in self]))
                              ^^^^^^^^^^^^^^^^^^^^^^^^^^^^^^^^^^^^^^^^^^^^^^^^^
  File "C:\Users\vitya\AppData\Local\Programs\Python\Python311\Lib\site-packages\django\template\base.py", line 1000, in <listcomp>
    return SafeString("".join([node.render_annotated(context) for node in self]))
                               ^^^^^^^^^^^^^^^^^^^^^^^^^^^^^^
  File "C:\Users\vitya\AppData\Local\Programs\Python\Python311\Lib\site-packages\django\template\base.py", line 961, in render_annotated
    return self.render(context)
           ^^^^^^^^^^^^^^^^^^^^
  File "C:\Users\vitya\AppData\Local\Programs\Python\Python311\Lib\site-packages\django\template\loader_tags.py", line 65, in render
    result = block.nodelist.render(context)
             ^^^^^^^^^^^^^^^^^^^^^^^^^^^^^^
  File "C:\Users\vitya\AppData\Local\Programs\Python\Python311\Lib\site-packages\django\template\base.py", line 1000, in render
    return SafeString("".join([node.render_annotated(context) for node in self]))
                              ^^^^^^^^^^^^^^^^^^^^^^^^^^^^^^^^^^^^^^^^^^^^^^^^^
  File "C:\Users\vitya\AppData\Local\Programs\Python\Python311\Lib\site-packages\django\template\base.py", line 1000, in <listcomp>
    return SafeString("".join([node.render_annotated(context) for node in self]))
                               ^^^^^^^^^^^^^^^^^^^^^^^^^^^^^^
  File "C:\Users\vitya\AppData\Local\Programs\Python\Python311\Lib\site-packages\django\template\base.py", line 961, in render_annotated
    return self.render(context)
           ^^^^^^^^^^^^^^^^^^^^
  File "C:\Users\vitya\AppData\Local\Programs\Python\Python311\Lib\site-packages\django\template\defaulttags.py", line 326, in render
    return nodelist.render(context)
           ^^^^^^^^^^^^^^^^^^^^^^^^
  File "C:\Users\vitya\AppData\Local\Programs\Python\Python311\Lib\site-packages\django\template\base.py", line 1000, in render
    return SafeString("".join([node.render_annotated(context) for node in self]))
                              ^^^^^^^^^^^^^^^^^^^^^^^^^^^^^^^^^^^^^^^^^^^^^^^^^
  File "C:\Users\vitya\AppData\Local\Programs\Python\Python311\Lib\site-packages\django\template\base.py", line 1000, in <listcomp>
    return SafeString("".join([node.render_annotated(context) for node in self]))
                               ^^^^^^^^^^^^^^^^^^^^^^^^^^^^^^
  File "C:\Users\vitya\AppData\Local\Programs\Python\Python311\Lib\site-packages\django\template\base.py", line 961, in render_annotated
    return self.render(context)
           ^^^^^^^^^^^^^^^^^^^^
  File "C:\Users\vitya\AppData\Local\Programs\Python\Python311\Lib\site-packages\django\template\defaulttags.py", line 242, in render
    nodelist.append(node.render_annotated(context))
                    ^^^^^^^^^^^^^^^^^^^^^^^^^^^^^^
  File "C:\Users\vitya\AppData\Local\Programs\Python\Python311\Lib\site-packages\django\template\base.py", line 961, in render_annotated
    return self.render(context)
           ^^^^^^^^^^^^^^^^^^^^
  File "C:\Users\vitya\AppData\Local\Programs\Python\Python311\Lib\site-packages\django\template\base.py", line 1059, in render
    output = self.filter_expression.resolve(context)
             ^^^^^^^^^^^^^^^^^^^^^^^^^^^^^^^^^^^^^^^
  File "C:\Users\vitya\AppData\Local\Programs\Python\Python311\Lib\site-packages\django\template\base.py", line 710, in resolve
    obj = self.var.resolve(context)
          ^^^^^^^^^^^^^^^^^^^^^^^^^
  File "C:\Users\vitya\AppData\Local\Programs\Python\Python311\Lib\site-packages\django\template\base.py", line 842, in resolve
    value = self._resolve_lookup(context)
            ^^^^^^^^^^^^^^^^^^^^^^^^^^^^^
  File "C:\Users\vitya\AppData\Local\Programs\Python\Python311\Lib\site-packages\django\template\base.py", line 885, in _resolve_lookup
    current = getattr(current, bit)
              ^^^^^^^^^^^^^^^^^^^^^
  File "C:\Users\vitya\AppData\Local\Programs\Python\Python311\Lib\site-packages\django\db\models\fields\files.py", line 66, in url
    self._require_file()
  File "C:\Users\vitya\AppData\Local\Programs\Python\Python311\Lib\site-packages\django\db\models\fields\files.py", line 41, in _require_file
    raise ValueError(
ValueError: The 'poster' attribute has no file associated with it.
2024-05-23 01:12:41,472 ERROR Internal Server Error: /afisha/
Traceback (most recent call last):
  File "C:\Users\vitya\AppData\Local\Programs\Python\Python311\Lib\site-packages\django\template\base.py", line 875, in _resolve_lookup
    current = current[bit]
              ~~~~~~~^^^^^
TypeError: 'ImageFieldFile' object is not subscriptable

During handling of the above exception, another exception occurred:

Traceback (most recent call last):
  File "C:\Users\vitya\AppData\Local\Programs\Python\Python311\Lib\site-packages\django\core\handlers\exception.py", line 55, in inner
    response = get_response(request)
               ^^^^^^^^^^^^^^^^^^^^^
  File "C:\Users\vitya\AppData\Local\Programs\Python\Python311\Lib\site-packages\django\core\handlers\base.py", line 197, in _get_response
    response = wrapped_callback(request, *callback_args, **callback_kwargs)
               ^^^^^^^^^^^^^^^^^^^^^^^^^^^^^^^^^^^^^^^^^^^^^^^^^^^^^^^^^^^^
  File "C:\Users\vitya\cinema\movies\views.py", line 71, in afisha
    return render(request, 'afisha.html', {'movies': movies, 'genres': genres, 'selected_date': selected_date, 'selected_genre': selected_genre, 'search_movie_title': search_movie_title})
           ^^^^^^^^^^^^^^^^^^^^^^^^^^^^^^^^^^^^^^^^^^^^^^^^^^^^^^^^^^^^^^^^^^^^^^^^^^^^^^^^^^^^^^^^^^^^^^^^^^^^^^^^^^^^^^^^^^^^^^^^^^^^^^^^^^^^^^^^^^^^^^^^^^^^^^^^^^^^^^^^^^^^^^^^^^^^^^^^
  File "C:\Users\vitya\AppData\Local\Programs\Python\Python311\Lib\site-packages\django\shortcuts.py", line 25, in render
    content = loader.render_to_string(template_name, context, request, using=using)
              ^^^^^^^^^^^^^^^^^^^^^^^^^^^^^^^^^^^^^^^^^^^^^^^^^^^^^^^^^^^^^^^^^^^^^
  File "C:\Users\vitya\AppData\Local\Programs\Python\Python311\Lib\site-packages\django\template\loader.py", line 62, in render_to_string
    return template.render(context, request)
           ^^^^^^^^^^^^^^^^^^^^^^^^^^^^^^^^^
  File "C:\Users\vitya\AppData\Local\Programs\Python\Python311\Lib\site-packages\django\template\backends\django.py", line 61, in render
    return self.template.render(context)
           ^^^^^^^^^^^^^^^^^^^^^^^^^^^^^
  File "C:\Users\vitya\AppData\Local\Programs\Python\Python311\Lib\site-packages\django\template\base.py", line 171, in render
    return self._render(context)
           ^^^^^^^^^^^^^^^^^^^^^
  File "C:\Users\vitya\AppData\Local\Programs\Python\Python311\Lib\site-packages\django\test\utils.py", line 111, in instrumented_test_render
    return self.nodelist.render(context)
           ^^^^^^^^^^^^^^^^^^^^^^^^^^^^^
  File "C:\Users\vitya\AppData\Local\Programs\Python\Python311\Lib\site-packages\django\template\base.py", line 1000, in render
    return SafeString("".join([node.render_annotated(context) for node in self]))
                              ^^^^^^^^^^^^^^^^^^^^^^^^^^^^^^^^^^^^^^^^^^^^^^^^^
  File "C:\Users\vitya\AppData\Local\Programs\Python\Python311\Lib\site-packages\django\template\base.py", line 1000, in <listcomp>
    return SafeString("".join([node.render_annotated(context) for node in self]))
                               ^^^^^^^^^^^^^^^^^^^^^^^^^^^^^^
  File "C:\Users\vitya\AppData\Local\Programs\Python\Python311\Lib\site-packages\django\template\base.py", line 961, in render_annotated
    return self.render(context)
           ^^^^^^^^^^^^^^^^^^^^
  File "C:\Users\vitya\AppData\Local\Programs\Python\Python311\Lib\site-packages\django\template\loader_tags.py", line 159, in render
    return compiled_parent._render(context)
           ^^^^^^^^^^^^^^^^^^^^^^^^^^^^^^^^
  File "C:\Users\vitya\AppData\Local\Programs\Python\Python311\Lib\site-packages\django\test\utils.py", line 111, in instrumented_test_render
    return self.nodelist.render(context)
           ^^^^^^^^^^^^^^^^^^^^^^^^^^^^^
  File "C:\Users\vitya\AppData\Local\Programs\Python\Python311\Lib\site-packages\django\template\base.py", line 1000, in render
    return SafeString("".join([node.render_annotated(context) for node in self]))
                              ^^^^^^^^^^^^^^^^^^^^^^^^^^^^^^^^^^^^^^^^^^^^^^^^^
  File "C:\Users\vitya\AppData\Local\Programs\Python\Python311\Lib\site-packages\django\template\base.py", line 1000, in <listcomp>
    return SafeString("".join([node.render_annotated(context) for node in self]))
                               ^^^^^^^^^^^^^^^^^^^^^^^^^^^^^^
  File "C:\Users\vitya\AppData\Local\Programs\Python\Python311\Lib\site-packages\django\template\base.py", line 961, in render_annotated
    return self.render(context)
           ^^^^^^^^^^^^^^^^^^^^
  File "C:\Users\vitya\AppData\Local\Programs\Python\Python311\Lib\site-packages\django\template\loader_tags.py", line 65, in render
    result = block.nodelist.render(context)
             ^^^^^^^^^^^^^^^^^^^^^^^^^^^^^^
  File "C:\Users\vitya\AppData\Local\Programs\Python\Python311\Lib\site-packages\django\template\base.py", line 1000, in render
    return SafeString("".join([node.render_annotated(context) for node in self]))
                              ^^^^^^^^^^^^^^^^^^^^^^^^^^^^^^^^^^^^^^^^^^^^^^^^^
  File "C:\Users\vitya\AppData\Local\Programs\Python\Python311\Lib\site-packages\django\template\base.py", line 1000, in <listcomp>
    return SafeString("".join([node.render_annotated(context) for node in self]))
                               ^^^^^^^^^^^^^^^^^^^^^^^^^^^^^^
  File "C:\Users\vitya\AppData\Local\Programs\Python\Python311\Lib\site-packages\django\template\base.py", line 961, in render_annotated
    return self.render(context)
           ^^^^^^^^^^^^^^^^^^^^
  File "C:\Users\vitya\AppData\Local\Programs\Python\Python311\Lib\site-packages\django\template\defaulttags.py", line 326, in render
    return nodelist.render(context)
           ^^^^^^^^^^^^^^^^^^^^^^^^
  File "C:\Users\vitya\AppData\Local\Programs\Python\Python311\Lib\site-packages\django\template\base.py", line 1000, in render
    return SafeString("".join([node.render_annotated(context) for node in self]))
                              ^^^^^^^^^^^^^^^^^^^^^^^^^^^^^^^^^^^^^^^^^^^^^^^^^
  File "C:\Users\vitya\AppData\Local\Programs\Python\Python311\Lib\site-packages\django\template\base.py", line 1000, in <listcomp>
    return SafeString("".join([node.render_annotated(context) for node in self]))
                               ^^^^^^^^^^^^^^^^^^^^^^^^^^^^^^
  File "C:\Users\vitya\AppData\Local\Programs\Python\Python311\Lib\site-packages\django\template\base.py", line 961, in render_annotated
    return self.render(context)
           ^^^^^^^^^^^^^^^^^^^^
  File "C:\Users\vitya\AppData\Local\Programs\Python\Python311\Lib\site-packages\django\template\defaulttags.py", line 242, in render
    nodelist.append(node.render_annotated(context))
                    ^^^^^^^^^^^^^^^^^^^^^^^^^^^^^^
  File "C:\Users\vitya\AppData\Local\Programs\Python\Python311\Lib\site-packages\django\template\base.py", line 961, in render_annotated
    return self.render(context)
           ^^^^^^^^^^^^^^^^^^^^
  File "C:\Users\vitya\AppData\Local\Programs\Python\Python311\Lib\site-packages\django\template\base.py", line 1059, in render
    output = self.filter_expression.resolve(context)
             ^^^^^^^^^^^^^^^^^^^^^^^^^^^^^^^^^^^^^^^
  File "C:\Users\vitya\AppData\Local\Programs\Python\Python311\Lib\site-packages\django\template\base.py", line 710, in resolve
    obj = self.var.resolve(context)
          ^^^^^^^^^^^^^^^^^^^^^^^^^
  File "C:\Users\vitya\AppData\Local\Programs\Python\Python311\Lib\site-packages\django\template\base.py", line 842, in resolve
    value = self._resolve_lookup(context)
            ^^^^^^^^^^^^^^^^^^^^^^^^^^^^^
  File "C:\Users\vitya\AppData\Local\Programs\Python\Python311\Lib\site-packages\django\template\base.py", line 885, in _resolve_lookup
    current = getattr(current, bit)
              ^^^^^^^^^^^^^^^^^^^^^
  File "C:\Users\vitya\AppData\Local\Programs\Python\Python311\Lib\site-packages\django\db\models\fields\files.py", line 66, in url
    self._require_file()
  File "C:\Users\vitya\AppData\Local\Programs\Python\Python311\Lib\site-packages\django\db\models\fields\files.py", line 41, in _require_file
    raise ValueError(
ValueError: The 'poster' attribute has no file associated with it.
2024-05-23 01:36:34,089 ERROR Internal Server Error: /afisha/
Traceback (most recent call last):
  File "C:\Users\vitya\AppData\Local\Programs\Python\Python311\Lib\site-packages\django\template\base.py", line 875, in _resolve_lookup
    current = current[bit]
              ~~~~~~~^^^^^
TypeError: 'ImageFieldFile' object is not subscriptable

During handling of the above exception, another exception occurred:

Traceback (most recent call last):
  File "C:\Users\vitya\AppData\Local\Programs\Python\Python311\Lib\site-packages\django\core\handlers\exception.py", line 55, in inner
    response = get_response(request)
               ^^^^^^^^^^^^^^^^^^^^^
  File "C:\Users\vitya\AppData\Local\Programs\Python\Python311\Lib\site-packages\django\core\handlers\base.py", line 197, in _get_response
    response = wrapped_callback(request, *callback_args, **callback_kwargs)
               ^^^^^^^^^^^^^^^^^^^^^^^^^^^^^^^^^^^^^^^^^^^^^^^^^^^^^^^^^^^^
  File "C:\Users\vitya\cinema\movies\views.py", line 72, in afisha
    return render(request, 'afisha.html', context)
           ^^^^^^^^^^^^^^^^^^^^^^^^^^^^^^^^^^^^^^^
  File "C:\Users\vitya\AppData\Local\Programs\Python\Python311\Lib\site-packages\django\shortcuts.py", line 25, in render
    content = loader.render_to_string(template_name, context, request, using=using)
              ^^^^^^^^^^^^^^^^^^^^^^^^^^^^^^^^^^^^^^^^^^^^^^^^^^^^^^^^^^^^^^^^^^^^^
  File "C:\Users\vitya\AppData\Local\Programs\Python\Python311\Lib\site-packages\django\template\loader.py", line 62, in render_to_string
    return template.render(context, request)
           ^^^^^^^^^^^^^^^^^^^^^^^^^^^^^^^^^
  File "C:\Users\vitya\AppData\Local\Programs\Python\Python311\Lib\site-packages\django\template\backends\django.py", line 61, in render
    return self.template.render(context)
           ^^^^^^^^^^^^^^^^^^^^^^^^^^^^^
  File "C:\Users\vitya\AppData\Local\Programs\Python\Python311\Lib\site-packages\django\template\base.py", line 171, in render
    return self._render(context)
           ^^^^^^^^^^^^^^^^^^^^^
  File "C:\Users\vitya\AppData\Local\Programs\Python\Python311\Lib\site-packages\django\test\utils.py", line 111, in instrumented_test_render
    return self.nodelist.render(context)
           ^^^^^^^^^^^^^^^^^^^^^^^^^^^^^
  File "C:\Users\vitya\AppData\Local\Programs\Python\Python311\Lib\site-packages\django\template\base.py", line 1000, in render
    return SafeString("".join([node.render_annotated(context) for node in self]))
                              ^^^^^^^^^^^^^^^^^^^^^^^^^^^^^^^^^^^^^^^^^^^^^^^^^
  File "C:\Users\vitya\AppData\Local\Programs\Python\Python311\Lib\site-packages\django\template\base.py", line 1000, in <listcomp>
    return SafeString("".join([node.render_annotated(context) for node in self]))
                               ^^^^^^^^^^^^^^^^^^^^^^^^^^^^^^
  File "C:\Users\vitya\AppData\Local\Programs\Python\Python311\Lib\site-packages\django\template\base.py", line 961, in render_annotated
    return self.render(context)
           ^^^^^^^^^^^^^^^^^^^^
  File "C:\Users\vitya\AppData\Local\Programs\Python\Python311\Lib\site-packages\django\template\loader_tags.py", line 159, in render
    return compiled_parent._render(context)
           ^^^^^^^^^^^^^^^^^^^^^^^^^^^^^^^^
  File "C:\Users\vitya\AppData\Local\Programs\Python\Python311\Lib\site-packages\django\test\utils.py", line 111, in instrumented_test_render
    return self.nodelist.render(context)
           ^^^^^^^^^^^^^^^^^^^^^^^^^^^^^
  File "C:\Users\vitya\AppData\Local\Programs\Python\Python311\Lib\site-packages\django\template\base.py", line 1000, in render
    return SafeString("".join([node.render_annotated(context) for node in self]))
                              ^^^^^^^^^^^^^^^^^^^^^^^^^^^^^^^^^^^^^^^^^^^^^^^^^
  File "C:\Users\vitya\AppData\Local\Programs\Python\Python311\Lib\site-packages\django\template\base.py", line 1000, in <listcomp>
    return SafeString("".join([node.render_annotated(context) for node in self]))
                               ^^^^^^^^^^^^^^^^^^^^^^^^^^^^^^
  File "C:\Users\vitya\AppData\Local\Programs\Python\Python311\Lib\site-packages\django\template\base.py", line 961, in render_annotated
    return self.render(context)
           ^^^^^^^^^^^^^^^^^^^^
  File "C:\Users\vitya\AppData\Local\Programs\Python\Python311\Lib\site-packages\django\template\loader_tags.py", line 65, in render
    result = block.nodelist.render(context)
             ^^^^^^^^^^^^^^^^^^^^^^^^^^^^^^
  File "C:\Users\vitya\AppData\Local\Programs\Python\Python311\Lib\site-packages\django\template\base.py", line 1000, in render
    return SafeString("".join([node.render_annotated(context) for node in self]))
                              ^^^^^^^^^^^^^^^^^^^^^^^^^^^^^^^^^^^^^^^^^^^^^^^^^
  File "C:\Users\vitya\AppData\Local\Programs\Python\Python311\Lib\site-packages\django\template\base.py", line 1000, in <listcomp>
    return SafeString("".join([node.render_annotated(context) for node in self]))
                               ^^^^^^^^^^^^^^^^^^^^^^^^^^^^^^
  File "C:\Users\vitya\AppData\Local\Programs\Python\Python311\Lib\site-packages\django\template\base.py", line 961, in render_annotated
    return self.render(context)
           ^^^^^^^^^^^^^^^^^^^^
  File "C:\Users\vitya\AppData\Local\Programs\Python\Python311\Lib\site-packages\django\template\defaulttags.py", line 326, in render
    return nodelist.render(context)
           ^^^^^^^^^^^^^^^^^^^^^^^^
  File "C:\Users\vitya\AppData\Local\Programs\Python\Python311\Lib\site-packages\django\template\base.py", line 1000, in render
    return SafeString("".join([node.render_annotated(context) for node in self]))
                              ^^^^^^^^^^^^^^^^^^^^^^^^^^^^^^^^^^^^^^^^^^^^^^^^^
  File "C:\Users\vitya\AppData\Local\Programs\Python\Python311\Lib\site-packages\django\template\base.py", line 1000, in <listcomp>
    return SafeString("".join([node.render_annotated(context) for node in self]))
                               ^^^^^^^^^^^^^^^^^^^^^^^^^^^^^^
  File "C:\Users\vitya\AppData\Local\Programs\Python\Python311\Lib\site-packages\django\template\base.py", line 961, in render_annotated
    return self.render(context)
           ^^^^^^^^^^^^^^^^^^^^
  File "C:\Users\vitya\AppData\Local\Programs\Python\Python311\Lib\site-packages\django\template\defaulttags.py", line 242, in render
    nodelist.append(node.render_annotated(context))
                    ^^^^^^^^^^^^^^^^^^^^^^^^^^^^^^
  File "C:\Users\vitya\AppData\Local\Programs\Python\Python311\Lib\site-packages\django\template\base.py", line 961, in render_annotated
    return self.render(context)
           ^^^^^^^^^^^^^^^^^^^^
  File "C:\Users\vitya\AppData\Local\Programs\Python\Python311\Lib\site-packages\django\template\base.py", line 1059, in render
    output = self.filter_expression.resolve(context)
             ^^^^^^^^^^^^^^^^^^^^^^^^^^^^^^^^^^^^^^^
  File "C:\Users\vitya\AppData\Local\Programs\Python\Python311\Lib\site-packages\django\template\base.py", line 710, in resolve
    obj = self.var.resolve(context)
          ^^^^^^^^^^^^^^^^^^^^^^^^^
  File "C:\Users\vitya\AppData\Local\Programs\Python\Python311\Lib\site-packages\django\template\base.py", line 842, in resolve
    value = self._resolve_lookup(context)
            ^^^^^^^^^^^^^^^^^^^^^^^^^^^^^
  File "C:\Users\vitya\AppData\Local\Programs\Python\Python311\Lib\site-packages\django\template\base.py", line 885, in _resolve_lookup
    current = getattr(current, bit)
              ^^^^^^^^^^^^^^^^^^^^^
  File "C:\Users\vitya\AppData\Local\Programs\Python\Python311\Lib\site-packages\django\db\models\fields\files.py", line 66, in url
    self._require_file()
  File "C:\Users\vitya\AppData\Local\Programs\Python\Python311\Lib\site-packages\django\db\models\fields\files.py", line 41, in _require_file
    raise ValueError(
ValueError: The 'poster' attribute has no file associated with it.
2024-05-23 01:39:04,390 ERROR Internal Server Error: /afisha/
Traceback (most recent call last):
  File "C:\Users\vitya\AppData\Local\Programs\Python\Python311\Lib\site-packages\django\template\base.py", line 875, in _resolve_lookup
    current = current[bit]
              ~~~~~~~^^^^^
TypeError: 'ImageFieldFile' object is not subscriptable

During handling of the above exception, another exception occurred:

Traceback (most recent call last):
  File "C:\Users\vitya\AppData\Local\Programs\Python\Python311\Lib\site-packages\django\core\handlers\exception.py", line 55, in inner
    response = get_response(request)
               ^^^^^^^^^^^^^^^^^^^^^
  File "C:\Users\vitya\AppData\Local\Programs\Python\Python311\Lib\site-packages\django\core\handlers\base.py", line 197, in _get_response
    response = wrapped_callback(request, *callback_args, **callback_kwargs)
               ^^^^^^^^^^^^^^^^^^^^^^^^^^^^^^^^^^^^^^^^^^^^^^^^^^^^^^^^^^^^
  File "C:\Users\vitya\cinema\movies\views.py", line 72, in afisha
    return render(request, 'afisha.html', context)
           ^^^^^^^^^^^^^^^^^^^^^^^^^^^^^^^^^^^^^^^
  File "C:\Users\vitya\AppData\Local\Programs\Python\Python311\Lib\site-packages\django\shortcuts.py", line 25, in render
    content = loader.render_to_string(template_name, context, request, using=using)
              ^^^^^^^^^^^^^^^^^^^^^^^^^^^^^^^^^^^^^^^^^^^^^^^^^^^^^^^^^^^^^^^^^^^^^
  File "C:\Users\vitya\AppData\Local\Programs\Python\Python311\Lib\site-packages\django\template\loader.py", line 62, in render_to_string
    return template.render(context, request)
           ^^^^^^^^^^^^^^^^^^^^^^^^^^^^^^^^^
  File "C:\Users\vitya\AppData\Local\Programs\Python\Python311\Lib\site-packages\django\template\backends\django.py", line 61, in render
    return self.template.render(context)
           ^^^^^^^^^^^^^^^^^^^^^^^^^^^^^
  File "C:\Users\vitya\AppData\Local\Programs\Python\Python311\Lib\site-packages\django\template\base.py", line 171, in render
    return self._render(context)
           ^^^^^^^^^^^^^^^^^^^^^
  File "C:\Users\vitya\AppData\Local\Programs\Python\Python311\Lib\site-packages\django\test\utils.py", line 111, in instrumented_test_render
    return self.nodelist.render(context)
           ^^^^^^^^^^^^^^^^^^^^^^^^^^^^^
  File "C:\Users\vitya\AppData\Local\Programs\Python\Python311\Lib\site-packages\django\template\base.py", line 1000, in render
    return SafeString("".join([node.render_annotated(context) for node in self]))
                              ^^^^^^^^^^^^^^^^^^^^^^^^^^^^^^^^^^^^^^^^^^^^^^^^^
  File "C:\Users\vitya\AppData\Local\Programs\Python\Python311\Lib\site-packages\django\template\base.py", line 1000, in <listcomp>
    return SafeString("".join([node.render_annotated(context) for node in self]))
                               ^^^^^^^^^^^^^^^^^^^^^^^^^^^^^^
  File "C:\Users\vitya\AppData\Local\Programs\Python\Python311\Lib\site-packages\django\template\base.py", line 961, in render_annotated
    return self.render(context)
           ^^^^^^^^^^^^^^^^^^^^
  File "C:\Users\vitya\AppData\Local\Programs\Python\Python311\Lib\site-packages\django\template\loader_tags.py", line 159, in render
    return compiled_parent._render(context)
           ^^^^^^^^^^^^^^^^^^^^^^^^^^^^^^^^
  File "C:\Users\vitya\AppData\Local\Programs\Python\Python311\Lib\site-packages\django\test\utils.py", line 111, in instrumented_test_render
    return self.nodelist.render(context)
           ^^^^^^^^^^^^^^^^^^^^^^^^^^^^^
  File "C:\Users\vitya\AppData\Local\Programs\Python\Python311\Lib\site-packages\django\template\base.py", line 1000, in render
    return SafeString("".join([node.render_annotated(context) for node in self]))
                              ^^^^^^^^^^^^^^^^^^^^^^^^^^^^^^^^^^^^^^^^^^^^^^^^^
  File "C:\Users\vitya\AppData\Local\Programs\Python\Python311\Lib\site-packages\django\template\base.py", line 1000, in <listcomp>
    return SafeString("".join([node.render_annotated(context) for node in self]))
                               ^^^^^^^^^^^^^^^^^^^^^^^^^^^^^^
  File "C:\Users\vitya\AppData\Local\Programs\Python\Python311\Lib\site-packages\django\template\base.py", line 961, in render_annotated
    return self.render(context)
           ^^^^^^^^^^^^^^^^^^^^
  File "C:\Users\vitya\AppData\Local\Programs\Python\Python311\Lib\site-packages\django\template\loader_tags.py", line 65, in render
    result = block.nodelist.render(context)
             ^^^^^^^^^^^^^^^^^^^^^^^^^^^^^^
  File "C:\Users\vitya\AppData\Local\Programs\Python\Python311\Lib\site-packages\django\template\base.py", line 1000, in render
    return SafeString("".join([node.render_annotated(context) for node in self]))
                              ^^^^^^^^^^^^^^^^^^^^^^^^^^^^^^^^^^^^^^^^^^^^^^^^^
  File "C:\Users\vitya\AppData\Local\Programs\Python\Python311\Lib\site-packages\django\template\base.py", line 1000, in <listcomp>
    return SafeString("".join([node.render_annotated(context) for node in self]))
                               ^^^^^^^^^^^^^^^^^^^^^^^^^^^^^^
  File "C:\Users\vitya\AppData\Local\Programs\Python\Python311\Lib\site-packages\django\template\base.py", line 961, in render_annotated
    return self.render(context)
           ^^^^^^^^^^^^^^^^^^^^
  File "C:\Users\vitya\AppData\Local\Programs\Python\Python311\Lib\site-packages\django\template\defaulttags.py", line 326, in render
    return nodelist.render(context)
           ^^^^^^^^^^^^^^^^^^^^^^^^
  File "C:\Users\vitya\AppData\Local\Programs\Python\Python311\Lib\site-packages\django\template\base.py", line 1000, in render
    return SafeString("".join([node.render_annotated(context) for node in self]))
                              ^^^^^^^^^^^^^^^^^^^^^^^^^^^^^^^^^^^^^^^^^^^^^^^^^
  File "C:\Users\vitya\AppData\Local\Programs\Python\Python311\Lib\site-packages\django\template\base.py", line 1000, in <listcomp>
    return SafeString("".join([node.render_annotated(context) for node in self]))
                               ^^^^^^^^^^^^^^^^^^^^^^^^^^^^^^
  File "C:\Users\vitya\AppData\Local\Programs\Python\Python311\Lib\site-packages\django\template\base.py", line 961, in render_annotated
    return self.render(context)
           ^^^^^^^^^^^^^^^^^^^^
  File "C:\Users\vitya\AppData\Local\Programs\Python\Python311\Lib\site-packages\django\template\defaulttags.py", line 242, in render
    nodelist.append(node.render_annotated(context))
                    ^^^^^^^^^^^^^^^^^^^^^^^^^^^^^^
  File "C:\Users\vitya\AppData\Local\Programs\Python\Python311\Lib\site-packages\django\template\base.py", line 961, in render_annotated
    return self.render(context)
           ^^^^^^^^^^^^^^^^^^^^
  File "C:\Users\vitya\AppData\Local\Programs\Python\Python311\Lib\site-packages\django\template\base.py", line 1059, in render
    output = self.filter_expression.resolve(context)
             ^^^^^^^^^^^^^^^^^^^^^^^^^^^^^^^^^^^^^^^
  File "C:\Users\vitya\AppData\Local\Programs\Python\Python311\Lib\site-packages\django\template\base.py", line 710, in resolve
    obj = self.var.resolve(context)
          ^^^^^^^^^^^^^^^^^^^^^^^^^
  File "C:\Users\vitya\AppData\Local\Programs\Python\Python311\Lib\site-packages\django\template\base.py", line 842, in resolve
    value = self._resolve_lookup(context)
            ^^^^^^^^^^^^^^^^^^^^^^^^^^^^^
  File "C:\Users\vitya\AppData\Local\Programs\Python\Python311\Lib\site-packages\django\template\base.py", line 885, in _resolve_lookup
    current = getattr(current, bit)
              ^^^^^^^^^^^^^^^^^^^^^
  File "C:\Users\vitya\AppData\Local\Programs\Python\Python311\Lib\site-packages\django\db\models\fields\files.py", line 66, in url
    self._require_file()
  File "C:\Users\vitya\AppData\Local\Programs\Python\Python311\Lib\site-packages\django\db\models\fields\files.py", line 41, in _require_file
    raise ValueError(
ValueError: The 'poster' attribute has no file associated with it.
2024-05-23 01:41:40,868 INFO Register success: Username: testuser
2024-05-23 01:42:05,610 INFO News successful got
2024-05-23 01:42:05,612 ERROR Internal Server Error: /news/
Traceback (most recent call last):
  File "C:\Users\vitya\AppData\Local\Programs\Python\Python311\Lib\site-packages\django\template\base.py", line 875, in _resolve_lookup
    current = current[bit]
              ~~~~~~~^^^^^
TypeError: 'ImageFieldFile' object is not subscriptable

During handling of the above exception, another exception occurred:

Traceback (most recent call last):
  File "C:\Users\vitya\AppData\Local\Programs\Python\Python311\Lib\site-packages\django\core\handlers\exception.py", line 55, in inner
    response = get_response(request)
               ^^^^^^^^^^^^^^^^^^^^^
  File "C:\Users\vitya\AppData\Local\Programs\Python\Python311\Lib\site-packages\django\core\handlers\base.py", line 197, in _get_response
    response = wrapped_callback(request, *callback_args, **callback_kwargs)
               ^^^^^^^^^^^^^^^^^^^^^^^^^^^^^^^^^^^^^^^^^^^^^^^^^^^^^^^^^^^^
  File "C:\Users\vitya\cinema\movies\views.py", line 78, in news
    return render(request, 'news.html', { 'news_list' : news_list })
           ^^^^^^^^^^^^^^^^^^^^^^^^^^^^^^^^^^^^^^^^^^^^^^^^^^^^^^^^^
  File "C:\Users\vitya\AppData\Local\Programs\Python\Python311\Lib\site-packages\django\shortcuts.py", line 25, in render
    content = loader.render_to_string(template_name, context, request, using=using)
              ^^^^^^^^^^^^^^^^^^^^^^^^^^^^^^^^^^^^^^^^^^^^^^^^^^^^^^^^^^^^^^^^^^^^^
  File "C:\Users\vitya\AppData\Local\Programs\Python\Python311\Lib\site-packages\django\template\loader.py", line 62, in render_to_string
    return template.render(context, request)
           ^^^^^^^^^^^^^^^^^^^^^^^^^^^^^^^^^
  File "C:\Users\vitya\AppData\Local\Programs\Python\Python311\Lib\site-packages\django\template\backends\django.py", line 61, in render
    return self.template.render(context)
           ^^^^^^^^^^^^^^^^^^^^^^^^^^^^^
  File "C:\Users\vitya\AppData\Local\Programs\Python\Python311\Lib\site-packages\django\template\base.py", line 171, in render
    return self._render(context)
           ^^^^^^^^^^^^^^^^^^^^^
  File "C:\Users\vitya\AppData\Local\Programs\Python\Python311\Lib\site-packages\django\test\utils.py", line 111, in instrumented_test_render
    return self.nodelist.render(context)
           ^^^^^^^^^^^^^^^^^^^^^^^^^^^^^
  File "C:\Users\vitya\AppData\Local\Programs\Python\Python311\Lib\site-packages\django\template\base.py", line 1000, in render
    return SafeString("".join([node.render_annotated(context) for node in self]))
                              ^^^^^^^^^^^^^^^^^^^^^^^^^^^^^^^^^^^^^^^^^^^^^^^^^
  File "C:\Users\vitya\AppData\Local\Programs\Python\Python311\Lib\site-packages\django\template\base.py", line 1000, in <listcomp>
    return SafeString("".join([node.render_annotated(context) for node in self]))
                               ^^^^^^^^^^^^^^^^^^^^^^^^^^^^^^
  File "C:\Users\vitya\AppData\Local\Programs\Python\Python311\Lib\site-packages\django\template\base.py", line 961, in render_annotated
    return self.render(context)
           ^^^^^^^^^^^^^^^^^^^^
  File "C:\Users\vitya\AppData\Local\Programs\Python\Python311\Lib\site-packages\django\template\loader_tags.py", line 159, in render
    return compiled_parent._render(context)
           ^^^^^^^^^^^^^^^^^^^^^^^^^^^^^^^^
  File "C:\Users\vitya\AppData\Local\Programs\Python\Python311\Lib\site-packages\django\test\utils.py", line 111, in instrumented_test_render
    return self.nodelist.render(context)
           ^^^^^^^^^^^^^^^^^^^^^^^^^^^^^
  File "C:\Users\vitya\AppData\Local\Programs\Python\Python311\Lib\site-packages\django\template\base.py", line 1000, in render
    return SafeString("".join([node.render_annotated(context) for node in self]))
                              ^^^^^^^^^^^^^^^^^^^^^^^^^^^^^^^^^^^^^^^^^^^^^^^^^
  File "C:\Users\vitya\AppData\Local\Programs\Python\Python311\Lib\site-packages\django\template\base.py", line 1000, in <listcomp>
    return SafeString("".join([node.render_annotated(context) for node in self]))
                               ^^^^^^^^^^^^^^^^^^^^^^^^^^^^^^
  File "C:\Users\vitya\AppData\Local\Programs\Python\Python311\Lib\site-packages\django\template\base.py", line 961, in render_annotated
    return self.render(context)
           ^^^^^^^^^^^^^^^^^^^^
  File "C:\Users\vitya\AppData\Local\Programs\Python\Python311\Lib\site-packages\django\template\loader_tags.py", line 65, in render
    result = block.nodelist.render(context)
             ^^^^^^^^^^^^^^^^^^^^^^^^^^^^^^
  File "C:\Users\vitya\AppData\Local\Programs\Python\Python311\Lib\site-packages\django\template\base.py", line 1000, in render
    return SafeString("".join([node.render_annotated(context) for node in self]))
                              ^^^^^^^^^^^^^^^^^^^^^^^^^^^^^^^^^^^^^^^^^^^^^^^^^
  File "C:\Users\vitya\AppData\Local\Programs\Python\Python311\Lib\site-packages\django\template\base.py", line 1000, in <listcomp>
    return SafeString("".join([node.render_annotated(context) for node in self]))
                               ^^^^^^^^^^^^^^^^^^^^^^^^^^^^^^
  File "C:\Users\vitya\AppData\Local\Programs\Python\Python311\Lib\site-packages\django\template\base.py", line 961, in render_annotated
    return self.render(context)
           ^^^^^^^^^^^^^^^^^^^^
  File "C:\Users\vitya\AppData\Local\Programs\Python\Python311\Lib\site-packages\django\template\defaulttags.py", line 242, in render
    nodelist.append(node.render_annotated(context))
                    ^^^^^^^^^^^^^^^^^^^^^^^^^^^^^^
  File "C:\Users\vitya\AppData\Local\Programs\Python\Python311\Lib\site-packages\django\template\base.py", line 961, in render_annotated
    return self.render(context)
           ^^^^^^^^^^^^^^^^^^^^
  File "C:\Users\vitya\AppData\Local\Programs\Python\Python311\Lib\site-packages\django\template\base.py", line 1059, in render
    output = self.filter_expression.resolve(context)
             ^^^^^^^^^^^^^^^^^^^^^^^^^^^^^^^^^^^^^^^
  File "C:\Users\vitya\AppData\Local\Programs\Python\Python311\Lib\site-packages\django\template\base.py", line 710, in resolve
    obj = self.var.resolve(context)
          ^^^^^^^^^^^^^^^^^^^^^^^^^
  File "C:\Users\vitya\AppData\Local\Programs\Python\Python311\Lib\site-packages\django\template\base.py", line 842, in resolve
    value = self._resolve_lookup(context)
            ^^^^^^^^^^^^^^^^^^^^^^^^^^^^^
  File "C:\Users\vitya\AppData\Local\Programs\Python\Python311\Lib\site-packages\django\template\base.py", line 885, in _resolve_lookup
    current = getattr(current, bit)
              ^^^^^^^^^^^^^^^^^^^^^
  File "C:\Users\vitya\AppData\Local\Programs\Python\Python311\Lib\site-packages\django\db\models\fields\files.py", line 66, in url
    self._require_file()
  File "C:\Users\vitya\AppData\Local\Programs\Python\Python311\Lib\site-packages\django\db\models\fields\files.py", line 41, in _require_file
    raise ValueError(
ValueError: The 'image' attribute has no file associated with it.
2024-05-23 01:42:06,111 INFO Register success: Username: testuser
2024-05-23 01:42:46,106 INFO Register success: Username: testuser
2024-05-23 01:43:05,077 INFO News successful got
2024-05-23 01:43:05,546 INFO Register success: Username: testuser
2024-05-23 01:46:11,248 INFO News successful got
2024-05-23 01:46:56,389 INFO News successful got
2024-05-23 01:46:56,859 INFO Register success: Username: testuser
2024-05-23 01:47:39,199 ERROR Internal Server Error: /info/
Traceback (most recent call last):
  File "C:\Users\vitya\AppData\Local\Programs\Python\Python311\Lib\site-packages\django\core\handlers\exception.py", line 55, in inner
    response = get_response(request)
               ^^^^^^^^^^^^^^^^^^^^^
  File "C:\Users\vitya\AppData\Local\Programs\Python\Python311\Lib\site-packages\django\core\handlers\base.py", line 197, in _get_response
    response = wrapped_callback(request, *callback_args, **callback_kwargs)
               ^^^^^^^^^^^^^^^^^^^^^^^^^^^^^^^^^^^^^^^^^^^^^^^^^^^^^^^^^^^^
  File "C:\Users\vitya\cinema\movies\views.py", line 96, in info
    info = CompanyInfo.objects.all().first().info
           ^^^^^^^^^^^^^^^^^^^^^^^^^^^^^^^^^^^^^^
AttributeError: 'NoneType' object has no attribute 'info'
2024-05-23 01:47:39,218 ERROR Internal Server Error: /info/
Traceback (most recent call last):
  File "C:\Users\vitya\AppData\Local\Programs\Python\Python311\Lib\site-packages\django\core\handlers\exception.py", line 55, in inner
    response = get_response(request)
               ^^^^^^^^^^^^^^^^^^^^^
  File "C:\Users\vitya\AppData\Local\Programs\Python\Python311\Lib\site-packages\django\core\handlers\base.py", line 197, in _get_response
    response = wrapped_callback(request, *callback_args, **callback_kwargs)
               ^^^^^^^^^^^^^^^^^^^^^^^^^^^^^^^^^^^^^^^^^^^^^^^^^^^^^^^^^^^^
  File "C:\Users\vitya\cinema\movies\views.py", line 96, in info
    info = CompanyInfo.objects.all().first().info
           ^^^^^^^^^^^^^^^^^^^^^^^^^^^^^^^^^^^^^^
AttributeError: 'NoneType' object has no attribute 'info'
2024-05-23 01:47:39,233 INFO News successful got
2024-05-23 01:47:39,736 INFO Register success: Username: testuser
2024-05-23 01:49:32,373 ERROR Internal Server Error: /info/
Traceback (most recent call last):
  File "C:\Users\vitya\AppData\Local\Programs\Python\Python311\Lib\site-packages\django\core\handlers\exception.py", line 55, in inner
    response = get_response(request)
               ^^^^^^^^^^^^^^^^^^^^^
  File "C:\Users\vitya\AppData\Local\Programs\Python\Python311\Lib\site-packages\django\core\handlers\base.py", line 197, in _get_response
    response = wrapped_callback(request, *callback_args, **callback_kwargs)
               ^^^^^^^^^^^^^^^^^^^^^^^^^^^^^^^^^^^^^^^^^^^^^^^^^^^^^^^^^^^^
  File "C:\Users\vitya\cinema\movies\views.py", line 102, in info
    return render(request, 'info.html', { 'info' : info })
                                                   ^^^^
UnboundLocalError: cannot access local variable 'info' where it is not associated with a value
2024-05-23 01:49:32,393 ERROR Internal Server Error: /info/
Traceback (most recent call last):
  File "C:\Users\vitya\AppData\Local\Programs\Python\Python311\Lib\site-packages\django\core\handlers\exception.py", line 55, in inner
    response = get_response(request)
               ^^^^^^^^^^^^^^^^^^^^^
  File "C:\Users\vitya\AppData\Local\Programs\Python\Python311\Lib\site-packages\django\core\handlers\base.py", line 197, in _get_response
    response = wrapped_callback(request, *callback_args, **callback_kwargs)
               ^^^^^^^^^^^^^^^^^^^^^^^^^^^^^^^^^^^^^^^^^^^^^^^^^^^^^^^^^^^^
  File "C:\Users\vitya\cinema\movies\views.py", line 102, in info
    return render(request, 'info.html', { 'info' : info })
                                                   ^^^^
UnboundLocalError: cannot access local variable 'info' where it is not associated with a value
2024-05-23 01:49:32,407 INFO News successful got
2024-05-23 01:49:32,876 INFO Register success: Username: testuser
2024-05-23 01:50:02,182 INFO News successful got
2024-05-23 01:50:02,670 INFO Register success: Username: testuser
2024-05-23 01:50:47,558 INFO News successful got
2024-05-23 01:50:48,026 INFO Register success: Username: testuser
2024-05-23 01:55:08,772 INFO News successful got
2024-05-23 01:55:09,251 INFO Register success: Username: testuser
2024-05-23 01:55:56,993 INFO News successful got
2024-05-23 01:55:57,473 INFO Register success: Username: testuser
2024-05-23 01:56:08,810 INFO News successful got
2024-05-23 01:56:09,286 INFO Register success: Username: testuser
2024-05-23 01:56:37,625 INFO News successful got
2024-05-23 01:56:38,102 INFO Register success: Username: testuser
2024-05-23 01:58:06,208 INFO C:\Users\vitya\cinema\movies\views.py changed, reloading.
2024-05-23 01:58:07,561 INFO News successful got
2024-05-23 01:58:12,699 INFO C:\Users\vitya\cinema\movies\views.py changed, reloading.
2024-05-23 01:58:41,373 INFO News successful got
2024-05-23 01:58:41,845 INFO Register success: Username: testuser
2024-05-23 01:59:06,429 INFO News successful got
2024-05-23 01:59:06,943 INFO Register success: Username: testuser
2024-05-23 02:02:36,688 INFO News successful got
2024-05-23 02:02:37,155 INFO Register success: Username: testuser
2024-05-23 02:02:51,110 INFO News successful got
2024-05-23 02:02:51,576 INFO Register success: Username: testuser
2024-05-23 02:04:40,509 WARNING Not Found: /info/edit
2024-05-23 02:05:20,486 WARNING Not Found: /info/edit
2024-05-23 02:07:46,163 INFO News successful got
2024-05-23 02:08:02,883 INFO News successful got
2024-05-23 02:08:03,368 INFO Register success: Username: testuser
2024-05-23 02:08:27,816 INFO News successful got
2024-05-23 02:08:28,274 INFO Register success: Username: testuser
2024-05-23 02:09:10,528 INFO News successful got
2024-05-23 02:09:11,006 INFO Register success: Username: testuser
2024-05-23 02:10:27,295 ERROR Error accessing 'info' attribute: 'NoneType' object has no attribute 'info'
2024-05-23 02:10:27,301 INFO News successful got
2024-05-23 02:10:27,774 INFO Register success: Username: testuser
2024-05-23 02:12:10,241 ERROR Error accessing 'info' attribute: 'NoneType' object has no attribute 'info'
2024-05-23 02:12:10,245 INFO News successful got
2024-05-23 02:12:10,716 INFO Register success: Username: testuser
2024-05-23 02:13:07,104 ERROR Error accessing 'info' attribute: 'NoneType' object has no attribute 'info'
2024-05-23 02:13:07,108 INFO News successful got
2024-05-23 02:13:07,587 INFO Register success: Username: testuser
2024-05-23 02:13:46,442 ERROR Error accessing 'info' attribute: 'NoneType' object has no attribute 'info'
2024-05-23 02:13:46,447 INFO News successful got
2024-05-23 02:13:46,920 INFO Register success: Username: testuser
2024-05-23 02:14:24,536 ERROR Error accessing 'info' attribute: 'NoneType' object has no attribute 'info'
2024-05-23 02:14:24,541 INFO News successful got
2024-05-23 02:14:25,007 INFO Register success: Username: testuser
2024-05-23 02:14:55,229 ERROR Error accessing 'info' attribute: 'NoneType' object has no attribute 'info'
2024-05-23 02:14:55,236 INFO News successful got
2024-05-23 02:14:55,703 INFO Register success: Username: testuser
2024-05-23 02:15:22,917 ERROR Error accessing 'info' attribute: 'NoneType' object has no attribute 'info'
2024-05-23 02:15:22,924 INFO News successful got
2024-05-23 02:15:23,391 INFO Register success: Username: testuser
2024-05-23 02:15:32,811 ERROR Error accessing 'info' attribute: 'NoneType' object has no attribute 'info'
2024-05-23 02:15:32,815 INFO News successful got
2024-05-23 02:15:33,287 INFO Register success: Username: testuser
2024-05-23 11:07:22,968 ERROR Error accessing 'info' attribute: 'NoneType' object has no attribute 'info'
2024-05-23 11:07:22,968 INFO News successful got
2024-05-23 11:07:23,573 INFO Register success: Username: testuser
2024-05-23 11:08:42,140 ERROR Error accessing 'info' attribute: 'NoneType' object has no attribute 'info'
2024-05-23 11:08:42,144 INFO News successful got
2024-05-23 11:08:42,583 INFO Register success: Username: testuser
2024-05-23 11:09:21,101 ERROR Error accessing 'info' attribute: 'NoneType' object has no attribute 'info'
2024-05-23 11:09:21,101 INFO News successful got
2024-05-23 11:09:21,553 INFO Register success: Username: testuser
2024-05-23 11:12:22,569 WARNING Not Found: /favicon.ico
2024-05-23 11:22:36,720 ERROR Error accessing 'info' attribute: 'NoneType' object has no attribute 'info'
2024-05-23 11:22:36,720 INFO News successful got
2024-05-23 11:22:37,159 INFO Register success: Username: testuser
2024-05-23 11:24:45,811 ERROR Error accessing 'info' attribute: 'NoneType' object has no attribute 'info'
2024-05-23 11:24:45,816 INFO News successful got
2024-05-23 11:24:46,260 INFO Register success: Username: testuser
2024-05-23 11:25:23,959 ERROR Error accessing 'info' attribute: 'NoneType' object has no attribute 'info'
2024-05-23 11:25:23,959 INFO News successful got
2024-05-23 11:25:24,411 INFO Register success: Username: testuser
2024-05-23 11:26:33,808 ERROR Error accessing 'info' attribute: 'NoneType' object has no attribute 'info'
2024-05-23 11:26:33,808 INFO News successful got
2024-05-23 11:26:34,288 INFO Register success: Username: testuser
2024-05-23 11:26:47,960 ERROR Error accessing 'info' attribute: 'NoneType' object has no attribute 'info'
2024-05-23 11:26:47,960 INFO News successful got
2024-05-23 11:26:48,410 INFO Register success: Username: testuser
2024-05-23 11:27:17,877 ERROR Error accessing 'info' attribute: 'NoneType' object has no attribute 'info'
2024-05-23 11:27:17,877 INFO News successful got
2024-05-23 11:27:18,358 INFO Register success: Username: testuser
2024-05-23 11:27:45,576 ERROR Error accessing 'info' attribute: 'NoneType' object has no attribute 'info'
2024-05-23 11:27:45,576 INFO News successful got
2024-05-23 11:27:46,011 INFO Register success: Username: testuser
2024-05-23 11:28:27,802 WARNING Method Not Allowed (GET): /accounts/logout/
2024-05-23 11:28:27,803 WARNING Method Not Allowed: /accounts/logout/
2024-05-23 11:29:07,111 ERROR Error accessing 'info' attribute: 'NoneType' object has no attribute 'info'
2024-05-23 11:29:07,111 INFO News successful got
2024-05-23 11:29:07,542 INFO Register success: Username: testuser
2024-05-23 11:29:31,555 ERROR Error accessing 'info' attribute: 'NoneType' object has no attribute 'info'
2024-05-23 11:29:31,570 INFO News successful got
2024-05-23 11:29:32,021 INFO Register success: Username: testuser
2024-05-23 11:29:47,876 ERROR Error accessing 'info' attribute: 'NoneType' object has no attribute 'info'
2024-05-23 11:29:47,876 INFO News successful got
2024-05-23 11:29:48,308 INFO Register success: Username: testuser
2024-05-23 11:30:14,308 ERROR Error accessing 'info' attribute: 'NoneType' object has no attribute 'info'
2024-05-23 11:30:14,308 INFO News successful got
2024-05-23 11:30:14,756 INFO Register success: Username: testuser
2024-05-23 11:31:42,635 ERROR Error accessing 'info' attribute: 'NoneType' object has no attribute 'info'
2024-05-23 11:31:42,651 INFO News successful got
2024-05-23 11:31:43,091 INFO Register success: Username: testuser
2024-05-23 11:32:01,829 ERROR Error accessing 'info' attribute: 'NoneType' object has no attribute 'info'
2024-05-23 11:32:01,844 INFO News successful got
2024-05-23 11:32:02,275 INFO Register success: Username: testuser
2024-05-23 11:32:47,305 ERROR Error accessing 'info' attribute: 'NoneType' object has no attribute 'info'
2024-05-23 11:32:47,305 INFO News successful got
2024-05-23 11:32:47,742 INFO Register success: Username: testuser
2024-05-23 11:34:05,460 ERROR Error accessing 'info' attribute: 'NoneType' object has no attribute 'info'
2024-05-23 11:34:05,460 INFO News successful got
2024-05-23 11:34:05,909 INFO Register success: Username: testuser
2024-05-23 11:34:34,663 ERROR Error accessing 'info' attribute: 'NoneType' object has no attribute 'info'
2024-05-23 11:34:34,663 INFO News successful got
2024-05-23 11:34:35,101 INFO Register success: Username: testuser
2024-05-23 11:35:34,464 ERROR Error accessing 'info' attribute: 'NoneType' object has no attribute 'info'
2024-05-23 11:35:34,464 INFO News successful got
2024-05-23 11:35:34,897 INFO Register success: Username: testuser
2024-05-23 11:36:06,576 ERROR Error accessing 'info' attribute: 'NoneType' object has no attribute 'info'
2024-05-23 11:36:06,576 INFO News successful got
2024-05-23 11:36:07,008 INFO Register success: Username: testuser
2024-05-23 11:36:23,440 ERROR Error accessing 'info' attribute: 'NoneType' object has no attribute 'info'
2024-05-23 11:36:23,444 INFO News successful got
2024-05-23 11:36:23,875 INFO Register success: Username: testuser
2024-05-23 11:36:33,545 ERROR Error accessing 'info' attribute: 'NoneType' object has no attribute 'info'
2024-05-23 11:36:33,561 INFO News successful got
2024-05-23 11:36:33,985 INFO Register success: Username: testuser
2024-05-23 11:37:18,927 ERROR Error accessing 'info' attribute: 'NoneType' object has no attribute 'info'
2024-05-23 11:37:18,927 INFO News successful got
2024-05-23 11:37:19,359 INFO Register success: Username: testuser
2024-05-23 11:37:38,876 ERROR Error accessing 'info' attribute: 'NoneType' object has no attribute 'info'
2024-05-23 11:37:38,876 INFO News successful got
2024-05-23 11:37:39,309 INFO Register success: Username: testuser
2024-05-23 11:38:42,450 ERROR Error accessing 'info' attribute: 'NoneType' object has no attribute 'info'
2024-05-23 11:38:42,466 INFO News successful got
2024-05-23 11:38:42,889 INFO Register success: Username: testuser
2024-05-23 11:38:51,498 ERROR Error accessing 'info' attribute: 'NoneType' object has no attribute 'info'
2024-05-23 11:38:51,513 INFO News successful got
2024-05-23 11:38:51,937 INFO Register success: Username: testuser
2024-05-23 11:39:01,632 ERROR Error accessing 'info' attribute: 'NoneType' object has no attribute 'info'
2024-05-23 11:39:01,648 INFO News successful got
2024-05-23 11:39:02,070 INFO Register success: Username: testuser
2024-05-23 11:39:18,492 ERROR Error accessing 'info' attribute: 'NoneType' object has no attribute 'info'
2024-05-23 11:39:18,492 INFO News successful got
2024-05-23 11:39:18,943 INFO Register success: Username: testuser
2024-05-23 11:40:36,459 ERROR Error accessing 'info' attribute: 'NoneType' object has no attribute 'info'
2024-05-23 11:40:36,474 INFO News successful got
2024-05-23 11:40:36,910 INFO Register success: Username: testuser
2024-05-23 11:41:33,130 ERROR Error accessing 'info' attribute: 'NoneType' object has no attribute 'info'
2024-05-23 11:41:33,130 INFO News successful got
2024-05-23 11:41:33,570 INFO Register success: Username: testuser
2024-05-23 11:41:47,143 ERROR Error accessing 'info' attribute: 'NoneType' object has no attribute 'info'
2024-05-23 11:41:47,143 INFO News successful got
2024-05-23 11:41:47,590 INFO Register success: Username: testuser
2024-05-23 11:41:58,560 ERROR Error accessing 'info' attribute: 'NoneType' object has no attribute 'info'
2024-05-23 11:41:58,576 INFO News successful got
2024-05-23 11:41:59,008 INFO Register success: Username: testuser
2024-05-23 11:43:14,462 ERROR Error accessing 'info' attribute: 'NoneType' object has no attribute 'info'
2024-05-23 11:43:14,466 INFO News successful got
2024-05-23 11:43:14,893 INFO Register success: Username: testuser
2024-05-23 11:43:54,373 ERROR Error accessing 'info' attribute: 'NoneType' object has no attribute 'info'
2024-05-23 11:43:54,373 INFO News successful got
2024-05-23 11:43:54,823 INFO Register success: Username: testuser
2024-05-23 11:45:42,278 ERROR Error accessing 'info' attribute: 'NoneType' object has no attribute 'info'
2024-05-23 11:45:42,294 INFO News successful got
2024-05-23 11:45:42,745 INFO Register success: Username: testuser
2024-05-23 11:46:03,484 ERROR Error accessing 'info' attribute: 'NoneType' object has no attribute 'info'
2024-05-23 11:46:03,490 INFO News successful got
2024-05-23 11:46:03,929 INFO Register success: Username: testuser
2024-05-23 11:46:13,910 ERROR Error accessing 'info' attribute: 'NoneType' object has no attribute 'info'
2024-05-23 11:46:13,926 INFO News successful got
2024-05-23 11:46:14,379 INFO Register success: Username: testuser
2024-05-23 11:46:19,837 ERROR Error accessing 'info' attribute: 'NoneType' object has no attribute 'info'
2024-05-23 11:46:19,853 INFO News successful got
2024-05-23 11:46:20,289 INFO Register success: Username: testuser
2024-05-23 11:46:48,344 ERROR Error accessing 'info' attribute: 'NoneType' object has no attribute 'info'
2024-05-23 11:46:48,344 INFO News successful got
2024-05-23 11:46:48,777 INFO Register success: Username: testuser
2024-05-23 11:47:49,575 ERROR Error accessing 'info' attribute: 'NoneType' object has no attribute 'info'
2024-05-23 11:47:49,581 INFO News successful got
2024-05-23 11:47:50,012 INFO Register success: Username: testuser
2024-05-23 11:48:07,130 ERROR Error accessing 'info' attribute: 'NoneType' object has no attribute 'info'
2024-05-23 11:48:07,145 INFO News successful got
2024-05-23 11:48:07,569 INFO Register success: Username: testuser
2024-05-23 11:48:43,112 ERROR Error accessing 'info' attribute: 'NoneType' object has no attribute 'info'
2024-05-23 11:48:43,112 INFO News successful got
2024-05-23 11:48:43,545 INFO Register success: Username: testuser
2024-05-23 11:49:02,606 ERROR Error accessing 'info' attribute: 'NoneType' object has no attribute 'info'
2024-05-23 11:49:02,606 INFO News successful got
2024-05-23 11:49:03,045 INFO Register success: Username: testuser
2024-05-23 11:49:20,895 ERROR Error accessing 'info' attribute: 'NoneType' object has no attribute 'info'
2024-05-23 11:49:20,895 INFO News successful got
2024-05-23 11:49:21,327 INFO Register success: Username: testuser
2024-05-23 11:50:04,149 ERROR Error accessing 'info' attribute: 'NoneType' object has no attribute 'info'
2024-05-23 11:50:04,154 INFO News successful got
2024-05-23 11:50:04,596 INFO Register success: Username: testuser
2024-05-23 11:51:53,842 ERROR Error accessing 'info' attribute: 'NoneType' object has no attribute 'info'
2024-05-23 11:51:53,842 INFO News successful got
2024-05-23 11:51:54,284 INFO Register success: Username: testuser
2024-05-23 11:52:17,342 ERROR Error accessing 'info' attribute: 'NoneType' object has no attribute 'info'
2024-05-23 11:52:17,342 INFO News successful got
2024-05-23 11:52:17,795 INFO Register success: Username: testuser
2024-05-23 11:53:24,945 ERROR Error accessing 'info' attribute: 'NoneType' object has no attribute 'info'
2024-05-23 11:53:24,945 INFO News successful got
2024-05-23 11:53:25,389 INFO Register success: Username: testuser
2024-05-23 11:54:54,046 ERROR Error accessing 'info' attribute: 'NoneType' object has no attribute 'info'
2024-05-23 11:54:54,046 INFO News successful got
2024-05-23 11:54:54,502 INFO Register success: Username: testuser
2024-05-23 11:55:27,694 ERROR Error accessing 'info' attribute: 'NoneType' object has no attribute 'info'
2024-05-23 11:55:27,700 INFO News successful got
2024-05-23 11:55:28,131 INFO Register success: Username: testuser
2024-05-23 11:55:34,565 ERROR Error accessing 'info' attribute: 'NoneType' object has no attribute 'info'
2024-05-23 11:55:34,565 INFO News successful got
2024-05-23 11:55:35,005 INFO Register success: Username: testuser
2024-05-23 11:56:42,121 ERROR Error accessing 'info' attribute: 'NoneType' object has no attribute 'info'
2024-05-23 11:56:42,121 INFO News successful got
2024-05-23 11:56:42,560 INFO Register success: Username: testuser
2024-05-23 11:57:48,437 ERROR Error accessing 'info' attribute: 'NoneType' object has no attribute 'info'
2024-05-23 11:57:48,437 INFO News successful got
2024-05-23 11:57:48,908 INFO Register success: Username: testuser
2024-05-23 11:58:28,846 ERROR Error accessing 'info' attribute: 'NoneType' object has no attribute 'info'
2024-05-23 11:58:28,861 INFO News successful got
2024-05-23 11:58:29,295 INFO Register success: Username: testuser
2024-05-23 11:59:04,570 ERROR Error accessing 'info' attribute: 'NoneType' object has no attribute 'info'
2024-05-23 11:59:04,585 INFO News successful got
2024-05-23 11:59:05,010 INFO Register success: Username: testuser
2024-05-23 12:00:49,414 ERROR Error accessing 'info' attribute: 'NoneType' object has no attribute 'info'
2024-05-23 12:00:49,429 INFO News successful got
2024-05-23 12:00:49,850 INFO Register success: Username: testuser
2024-05-23 12:01:00,445 ERROR Error accessing 'info' attribute: 'NoneType' object has no attribute 'info'
2024-05-23 12:01:00,445 INFO News successful got
2024-05-23 12:01:00,878 INFO Register success: Username: testuser
2024-05-23 12:01:25,129 ERROR Error accessing 'info' attribute: 'NoneType' object has no attribute 'info'
2024-05-23 12:01:25,144 INFO News successful got
2024-05-23 12:01:25,568 INFO Register success: Username: testuser
2024-05-23 12:02:14,732 ERROR Error accessing 'info' attribute: 'NoneType' object has no attribute 'info'
2024-05-23 12:02:14,732 INFO News successful got
2024-05-23 12:02:15,202 INFO Register success: Username: testuser
2024-05-23 12:02:26,864 ERROR Error accessing 'info' attribute: 'NoneType' object has no attribute 'info'
2024-05-23 12:02:26,864 INFO News successful got
2024-05-23 12:02:27,318 INFO Register success: Username: testuser
2024-05-23 12:05:36,413 ERROR Error accessing 'info' attribute: 'NoneType' object has no attribute 'info'
2024-05-23 12:05:36,417 INFO News successful got
2024-05-23 12:05:36,861 INFO Register success: Username: testuser
2024-05-23 12:06:52,786 ERROR Error accessing 'info' attribute: 'NoneType' object has no attribute 'info'
2024-05-23 12:06:52,786 INFO News successful got
2024-05-23 12:06:53,240 INFO Register success: Username: testuser
2024-05-23 12:07:45,987 ERROR Error accessing 'info' attribute: 'NoneType' object has no attribute 'info'
2024-05-23 12:07:46,002 INFO News successful got
2024-05-23 12:07:46,439 INFO Register success: Username: testuser
2024-05-23 12:08:35,295 ERROR Error accessing 'info' attribute: 'NoneType' object has no attribute 'info'
2024-05-23 12:08:35,295 INFO News successful got
2024-05-23 12:08:35,748 INFO Register success: Username: testuser
2024-05-23 12:09:03,794 ERROR Error accessing 'info' attribute: 'NoneType' object has no attribute 'info'
2024-05-23 12:09:03,794 INFO News successful got
2024-05-23 12:09:04,224 INFO Register success: Username: testuser
2024-05-23 12:09:36,139 ERROR Error accessing 'info' attribute: 'NoneType' object has no attribute 'info'
2024-05-23 12:09:36,152 INFO News successful got
2024-05-23 12:09:36,595 INFO Register success: Username: testuser
2024-05-23 12:10:32,212 ERROR Error accessing 'info' attribute: 'NoneType' object has no attribute 'info'
2024-05-23 12:10:32,228 INFO News successful got
2024-05-23 12:10:32,666 INFO Register success: Username: testuser
2024-05-23 12:10:49,647 ERROR Error accessing 'info' attribute: 'NoneType' object has no attribute 'info'
2024-05-23 12:10:49,663 INFO News successful got
2024-05-23 12:10:50,102 INFO Register success: Username: testuser
2024-05-23 12:11:22,057 ERROR Error accessing 'info' attribute: 'NoneType' object has no attribute 'info'
2024-05-23 12:11:22,057 INFO News successful got
2024-05-23 12:11:22,497 INFO Register success: Username: testuser
2024-05-23 12:11:40,014 ERROR Error accessing 'info' attribute: 'NoneType' object has no attribute 'info'
2024-05-23 12:11:40,014 INFO News successful got
2024-05-23 12:11:40,465 INFO Register success: Username: testuser
2024-05-23 12:12:36,831 ERROR Error accessing 'info' attribute: 'NoneType' object has no attribute 'info'
2024-05-23 12:12:36,831 INFO News successful got
2024-05-23 12:12:37,263 INFO Register success: Username: testuser
2024-05-23 12:12:37,464 ERROR Internal Server Error: /afisha/999
Traceback (most recent call last):
  File "C:\Users\vitya\AppData\Local\Programs\Python\Python311\Lib\site-packages\django\core\handlers\exception.py", line 55, in inner
    response = get_response(request)
               ^^^^^^^^^^^^^^^^^^^^^
  File "C:\Users\vitya\AppData\Local\Programs\Python\Python311\Lib\site-packages\django\core\handlers\base.py", line 197, in _get_response
    response = wrapped_callback(request, *callback_args, **callback_kwargs)
               ^^^^^^^^^^^^^^^^^^^^^^^^^^^^^^^^^^^^^^^^^^^^^^^^^^^^^^^^^^^^
  File "C:\Users\vitya\cinema\movies\views.py", line 119, in movie_detail
    selected_movie = Movie.objects.get(id=movie_id)
                     ^^^^^^^^^^^^^^^^^^^^^^^^^^^^^^
  File "C:\Users\vitya\AppData\Local\Programs\Python\Python311\Lib\site-packages\django\db\models\manager.py", line 87, in manager_method
    return getattr(self.get_queryset(), name)(*args, **kwargs)
           ^^^^^^^^^^^^^^^^^^^^^^^^^^^^^^^^^^^^^^^^^^^^^^^^^^^
  File "C:\Users\vitya\AppData\Local\Programs\Python\Python311\Lib\site-packages\django\db\models\query.py", line 649, in get
    raise self.model.DoesNotExist(
movies.models.Movie.DoesNotExist: Movie matching query does not exist.
2024-05-23 12:14:28,214 ERROR Error accessing 'info' attribute: 'NoneType' object has no attribute 'info'
2024-05-23 12:14:28,214 INFO News successful got
2024-05-23 12:14:28,647 INFO Register success: Username: testuser
2024-05-23 12:14:28,847 WARNING Not Found: /afisha/999
2024-05-23 12:15:58,729 ERROR Error accessing 'info' attribute: 'NoneType' object has no attribute 'info'
2024-05-23 12:15:58,729 INFO News successful got
2024-05-23 12:15:59,164 INFO Register success: Username: testuser
2024-05-23 12:16:01,030 WARNING Not Found: /afisha/999
2024-05-23 12:16:39,283 ERROR Error accessing 'info' attribute: 'NoneType' object has no attribute 'info'
2024-05-23 12:16:39,299 INFO News successful got
2024-05-23 12:16:39,733 INFO Register success: Username: testuser
2024-05-23 12:16:41,611 WARNING Not Found: /afisha/999
2024-05-23 12:17:00,495 ERROR Error accessing 'info' attribute: 'NoneType' object has no attribute 'info'
2024-05-23 12:17:00,495 INFO News successful got
2024-05-23 12:17:00,940 INFO Register success: Username: testuser
2024-05-23 12:17:02,818 WARNING Not Found: /afisha/999
2024-05-23 12:17:57,751 ERROR Error accessing 'info' attribute: 'NoneType' object has no attribute 'info'
2024-05-23 12:17:57,751 INFO News successful got
2024-05-23 12:17:58,200 INFO Register success: Username: testuser
2024-05-23 12:18:01,737 WARNING Not Found: /afisha/999
2024-05-23 12:18:58,650 ERROR Error accessing 'info' attribute: 'NoneType' object has no attribute 'info'
2024-05-23 12:18:58,667 INFO News successful got
2024-05-23 12:18:59,117 INFO Register success: Username: testuser
2024-05-23 12:19:04,357 WARNING Not Found: /afisha/999
2024-05-23 12:22:29,915 ERROR Error accessing 'info' attribute: 'NoneType' object has no attribute 'info'
2024-05-23 12:22:29,915 INFO News successful got
2024-05-23 12:22:30,367 INFO Register success: Username: testuser
2024-05-23 12:22:35,600 WARNING Not Found: /afisha/999
2024-05-23 12:23:34,433 ERROR Error accessing 'info' attribute: 'NoneType' object has no attribute 'info'
2024-05-23 12:23:34,433 INFO News successful got
2024-05-23 12:23:34,876 INFO Register success: Username: testuser
2024-05-23 12:23:40,731 WARNING Not Found: /afisha/999
2024-05-23 12:23:49,382 ERROR Error accessing 'info' attribute: 'NoneType' object has no attribute 'info'
2024-05-23 12:23:49,382 INFO News successful got
2024-05-23 12:23:49,819 INFO Register success: Username: testuser
2024-05-23 12:23:55,104 WARNING Not Found: /afisha/999
2024-05-23 12:24:19,549 ERROR Error accessing 'info' attribute: 'NoneType' object has no attribute 'info'
2024-05-23 12:24:19,549 INFO News successful got
2024-05-23 12:24:19,995 INFO Register success: Username: testuser
2024-05-23 12:24:25,234 WARNING Not Found: /afisha/999
2024-05-23 12:26:40,069 ERROR Error accessing 'info' attribute: 'NoneType' object has no attribute 'info'
2024-05-23 12:26:40,069 INFO News successful got
2024-05-23 12:26:40,527 INFO Register success: Username: testuser
2024-05-23 12:26:45,974 WARNING Not Found: /afisha/999
2024-05-23 12:27:22,083 ERROR Error accessing 'info' attribute: 'NoneType' object has no attribute 'info'
2024-05-23 12:27:22,083 INFO News successful got
2024-05-23 12:27:22,520 INFO Register success: Username: testuser
2024-05-23 12:27:27,726 WARNING Not Found: /afisha/999
2024-05-23 12:30:31,598 ERROR Error accessing 'info' attribute: 'NoneType' object has no attribute 'info'
2024-05-23 12:30:31,598 INFO News successful got
2024-05-23 12:30:32,039 INFO Register success: Username: testuser
2024-05-23 12:30:39,047 WARNING Not Found: /afisha/999
2024-05-23 12:31:43,466 ERROR Error accessing 'info' attribute: 'NoneType' object has no attribute 'info'
2024-05-23 12:31:43,482 INFO News successful got
2024-05-23 12:31:43,915 INFO Register success: Username: testuser
2024-05-23 12:31:50,793 WARNING Not Found: /afisha/999
2024-05-23 12:32:45,006 ERROR Error accessing 'info' attribute: 'NoneType' object has no attribute 'info'
2024-05-23 12:32:45,006 INFO News successful got
2024-05-23 12:32:45,446 INFO Register success: Username: testuser
2024-05-23 12:32:52,376 WARNING Not Found: /afisha/999
2024-05-23 12:33:56,168 ERROR Error accessing 'info' attribute: 'NoneType' object has no attribute 'info'
2024-05-23 12:33:56,173 INFO News successful got
2024-05-23 12:33:56,648 INFO Register success: Username: testuser
2024-05-23 12:34:03,612 WARNING Not Found: /afisha/999
2024-05-23 12:36:59,099 ERROR Error accessing 'info' attribute: 'NoneType' object has no attribute 'info'
2024-05-23 12:36:59,099 INFO News successful got
2024-05-23 12:36:59,533 INFO Register success: Username: testuser
2024-05-23 12:37:06,428 WARNING Not Found: /afisha/999
2024-05-23 12:37:26,707 ERROR Error accessing 'info' attribute: 'NoneType' object has no attribute 'info'
2024-05-23 12:37:26,707 INFO News successful got
2024-05-23 12:37:27,148 INFO Register success: Username: testuser
2024-05-23 12:37:34,140 WARNING Not Found: /afisha/999
2024-05-23 12:38:32,435 ERROR Error accessing 'info' attribute: 'NoneType' object has no attribute 'info'
2024-05-23 12:38:32,451 INFO News successful got
2024-05-23 12:38:32,913 INFO Register success: Username: testuser
2024-05-23 12:38:39,827 WARNING Not Found: /afisha/999
2024-05-23 12:40:02,559 ERROR Error accessing 'info' attribute: 'NoneType' object has no attribute 'info'
2024-05-23 12:40:02,575 INFO News successful got
2024-05-23 12:40:03,000 INFO Register success: Username: testuser
2024-05-23 12:40:09,976 WARNING Not Found: /afisha/999
2024-05-23 12:41:02,284 ERROR Error accessing 'info' attribute: 'NoneType' object has no attribute 'info'
2024-05-23 12:41:02,300 INFO News successful got
2024-05-23 12:41:02,736 INFO Register success: Username: testuser
2024-05-23 12:41:09,869 WARNING Not Found: /afisha/999
2024-05-23 12:41:58,426 ERROR Error accessing 'info' attribute: 'NoneType' object has no attribute 'info'
2024-05-23 12:41:58,431 INFO News successful got
2024-05-23 12:41:58,864 INFO Register success: Username: testuser
2024-05-23 12:42:05,824 WARNING Not Found: /afisha/999
2024-05-23 12:43:05,388 ERROR Error accessing 'info' attribute: 'NoneType' object has no attribute 'info'
2024-05-23 12:43:05,388 INFO News successful got
2024-05-23 12:43:05,843 INFO Register success: Username: testuser
2024-05-23 12:43:12,898 WARNING Not Found: /afisha/999
2024-05-23 12:43:50,563 ERROR Error accessing 'info' attribute: 'NoneType' object has no attribute 'info'
2024-05-23 12:43:50,563 INFO News successful got
2024-05-23 12:43:51,002 INFO Register success: Username: testuser
2024-05-23 12:43:57,917 WARNING Not Found: /afisha/999
2024-05-23 12:45:27,413 ERROR Error accessing 'info' attribute: 'NoneType' object has no attribute 'info'
2024-05-23 12:45:27,413 INFO News successful got
2024-05-23 12:45:27,853 INFO Register success: Username: testuser
2024-05-23 12:45:34,816 WARNING Not Found: /afisha/999
2024-05-23 12:45:45,257 ERROR Error accessing 'info' attribute: 'NoneType' object has no attribute 'info'
2024-05-23 12:45:45,273 INFO News successful got
2024-05-23 12:45:45,712 INFO Register success: Username: testuser
2024-05-23 12:45:52,675 WARNING Not Found: /afisha/999
2024-05-23 12:46:08,173 ERROR Error accessing 'info' attribute: 'NoneType' object has no attribute 'info'
2024-05-23 12:46:08,173 INFO News successful got
2024-05-23 12:46:08,613 INFO Register success: Username: testuser
2024-05-23 12:46:15,637 WARNING Not Found: /afisha/999
2024-05-23 12:49:07,899 ERROR Error accessing 'info' attribute: 'NoneType' object has no attribute 'info'
2024-05-23 12:49:07,914 INFO News successful got
2024-05-23 12:49:08,353 INFO Register success: Username: testuser
2024-05-23 12:49:15,284 WARNING Not Found: /afisha/999
2024-05-23 12:49:38,408 ERROR Error accessing 'info' attribute: 'NoneType' object has no attribute 'info'
2024-05-23 12:49:38,408 INFO News successful got
2024-05-23 12:49:38,847 INFO Register success: Username: testuser
2024-05-23 12:49:45,229 WARNING Not Found: /afisha/999
2024-05-23 12:51:25,186 ERROR Error accessing 'info' attribute: 'NoneType' object has no attribute 'info'
2024-05-23 12:51:25,186 INFO News successful got
2024-05-23 12:51:25,633 INFO Register success: Username: testuser
2024-05-23 12:51:33,542 WARNING Not Found: /afisha/999
2024-05-23 12:51:53,522 ERROR Error accessing 'info' attribute: 'NoneType' object has no attribute 'info'
2024-05-23 12:51:53,522 INFO News successful got
2024-05-23 12:51:53,964 INFO Register success: Username: testuser
2024-05-23 12:52:01,902 WARNING Not Found: /afisha/999
2024-05-23 12:52:14,984 ERROR Error accessing 'info' attribute: 'NoneType' object has no attribute 'info'
2024-05-23 12:52:15,000 INFO News successful got
2024-05-23 12:52:15,433 INFO Register success: Username: testuser
2024-05-23 12:52:23,437 WARNING Not Found: /afisha/999
2024-05-23 12:53:03,534 ERROR Error accessing 'info' attribute: 'NoneType' object has no attribute 'info'
2024-05-23 12:53:03,534 INFO News successful got
2024-05-23 12:53:03,971 INFO Register success: Username: testuser
2024-05-23 12:53:15,769 ERROR Error accessing 'info' attribute: 'NoneType' object has no attribute 'info'
2024-05-23 12:53:15,769 INFO News successful got
2024-05-23 12:53:16,218 INFO Register success: Username: testuser
2024-05-23 12:53:24,745 WARNING Not Found: /afisha/999
2024-05-23 12:54:51,669 ERROR Error accessing 'info' attribute: 'NoneType' object has no attribute 'info'
2024-05-23 12:54:51,669 INFO News successful got
2024-05-23 12:54:52,116 INFO Register success: Username: testuser
2024-05-23 12:55:00,020 WARNING Not Found: /afisha/999
2024-05-23 12:55:20,450 ERROR Error accessing 'info' attribute: 'NoneType' object has no attribute 'info'
2024-05-23 12:55:20,466 INFO News successful got
2024-05-23 12:55:20,904 INFO Register success: Username: testuser
2024-05-23 12:55:28,871 WARNING Not Found: /afisha/999
2024-05-23 12:56:35,088 ERROR Error accessing 'info' attribute: 'NoneType' object has no attribute 'info'
2024-05-23 12:56:35,105 INFO News successful got
2024-05-23 12:56:35,571 INFO Register success: Username: testuser
2024-05-23 12:56:43,655 WARNING Not Found: /afisha/999
2024-05-23 12:57:26,312 ERROR Error accessing 'info' attribute: 'NoneType' object has no attribute 'info'
2024-05-23 12:57:26,312 INFO News successful got
2024-05-23 12:57:26,752 INFO Register success: Username: testuser
2024-05-23 12:57:34,702 WARNING Not Found: /afisha/999
2024-05-23 12:58:49,021 ERROR Error accessing 'info' attribute: 'NoneType' object has no attribute 'info'
2024-05-23 12:58:49,021 INFO News successful got
2024-05-23 12:58:49,454 INFO Register success: Username: testuser
2024-05-23 12:58:57,301 WARNING Not Found: /afisha/999
2024-05-23 12:59:26,270 ERROR Error accessing 'info' attribute: 'NoneType' object has no attribute 'info'
2024-05-23 12:59:26,270 INFO News successful got
2024-05-23 12:59:26,703 INFO Register success: Username: testuser
2024-05-23 12:59:34,689 WARNING Not Found: /afisha/999
2024-05-23 13:00:00,721 ERROR Error accessing 'info' attribute: 'NoneType' object has no attribute 'info'
2024-05-23 13:00:00,721 INFO News successful got
2024-05-23 13:00:01,170 INFO Register success: Username: testuser
2024-05-23 13:00:14,087 ERROR Error accessing 'info' attribute: 'NoneType' object has no attribute 'info'
2024-05-23 13:00:14,087 INFO News successful got
2024-05-23 13:00:14,535 INFO Register success: Username: testuser
2024-05-23 13:00:22,527 WARNING Not Found: /afisha/999
2024-05-23 13:00:31,703 ERROR Error accessing 'info' attribute: 'NoneType' object has no attribute 'info'
2024-05-23 13:00:31,703 INFO News successful got
2024-05-23 13:00:32,152 INFO Register success: Username: testuser
2024-05-23 13:00:40,185 WARNING Not Found: /afisha/999
2024-05-23 13:00:50,749 ERROR Error accessing 'info' attribute: 'NoneType' object has no attribute 'info'
2024-05-23 13:00:50,754 INFO News successful got
2024-05-23 13:00:51,215 INFO Register success: Username: testuser
2024-05-23 13:00:59,323 WARNING Not Found: /afisha/999
2024-05-23 13:02:36,300 ERROR Error accessing 'info' attribute: 'NoneType' object has no attribute 'info'
2024-05-23 13:02:36,300 INFO News successful got
2024-05-23 13:02:36,751 INFO Register success: Username: testuser
2024-05-23 13:02:45,787 WARNING Not Found: /afisha/999
2024-05-23 13:04:05,612 ERROR Error accessing 'info' attribute: 'NoneType' object has no attribute 'info'
2024-05-23 13:04:05,628 INFO News successful got
2024-05-23 13:04:06,068 INFO Register success: Username: testuser
2024-05-23 13:04:15,162 WARNING Not Found: /afisha/999
2024-05-23 13:05:39,189 ERROR Error accessing 'info' attribute: 'NoneType' object has no attribute 'info'
2024-05-23 13:05:39,204 INFO News successful got
2024-05-23 13:05:39,638 INFO Register success: Username: testuser
2024-05-23 13:05:50,171 WARNING Not Found: /afisha/999
2024-05-23 13:07:04,641 ERROR Error accessing 'info' attribute: 'NoneType' object has no attribute 'info'
2024-05-23 13:07:06,128 INFO News successful got
2024-05-23 13:07:06,568 INFO Register success: Username: testuser
2024-05-23 13:07:15,662 WARNING Not Found: /afisha/999
2024-05-23 13:07:50,656 ERROR Error accessing 'info' attribute: 'NoneType' object has no attribute 'info'
2024-05-23 13:07:52,157 INFO News successful got
2024-05-23 13:07:52,609 INFO Register success: Username: testuser
2024-05-23 13:08:02,018 WARNING Not Found: /afisha/999
2024-05-23 13:11:48,681 ERROR Error accessing 'info' attribute: 'NoneType' object has no attribute 'info'
2024-05-23 13:11:50,203 INFO News successful got
2024-05-23 13:11:50,658 INFO Register success: Username: testuser
2024-05-23 13:11:59,768 WARNING Not Found: /afisha/999
2024-05-23 13:12:36,233 ERROR Error accessing 'info' attribute: 'NoneType' object has no attribute 'info'
2024-05-23 13:12:37,759 INFO News successful got
2024-05-23 13:12:38,188 INFO Register success: Username: testuser
2024-05-23 13:12:47,344 WARNING Not Found: /afisha/999
2024-05-23 13:13:25,088 ERROR Error accessing 'info' attribute: 'NoneType' object has no attribute 'info'
2024-05-23 13:13:26,605 INFO News successful got
2024-05-23 13:13:27,062 INFO Register success: Username: testuser
2024-05-23 13:13:36,185 WARNING Not Found: /afisha/999
2024-05-23 13:14:01,934 ERROR Error accessing 'info' attribute: 'NoneType' object has no attribute 'info'
2024-05-23 13:14:03,455 INFO News successful got
2024-05-23 13:14:03,904 INFO Register success: Username: testuser
2024-05-23 13:14:13,208 WARNING Not Found: /afisha/999
2024-05-23 13:14:23,931 ERROR Error accessing 'info' attribute: 'NoneType' object has no attribute 'info'
2024-05-23 13:14:25,483 INFO News successful got
2024-05-23 13:14:25,940 INFO Register success: Username: testuser
2024-05-23 13:14:35,094 WARNING Not Found: /afisha/999
2024-05-23 13:14:46,853 ERROR Error accessing 'info' attribute: 'NoneType' object has no attribute 'info'
2024-05-23 13:14:48,391 INFO News successful got
2024-05-23 13:14:48,845 INFO Register success: Username: testuser
2024-05-23 13:14:58,022 WARNING Not Found: /afisha/999
2024-05-23 13:19:15,876 ERROR Error accessing 'info' attribute: 'NoneType' object has no attribute 'info'
2024-05-23 13:19:17,408 INFO News successful got
2024-05-23 13:19:17,844 INFO Register success: Username: testuser
2024-05-23 13:19:26,939 WARNING Not Found: /afisha/999
2024-05-23 13:20:30,809 ERROR Error accessing 'info' attribute: 'NoneType' object has no attribute 'info'
2024-05-23 13:20:32,342 INFO News successful got
2024-05-23 13:20:32,784 INFO Register success: Username: testuser
2024-05-23 13:20:41,955 WARNING Not Found: /afisha/999
2024-05-23 13:21:09,011 ERROR Error accessing 'info' attribute: 'NoneType' object has no attribute 'info'
2024-05-23 13:21:10,531 INFO News successful got
2024-05-23 13:21:10,986 INFO Register success: Username: testuser
2024-05-23 13:21:20,390 WARNING Not Found: /afisha/999
2024-05-23 13:21:56,258 ERROR Error accessing 'info' attribute: 'NoneType' object has no attribute 'info'
2024-05-23 13:21:57,773 INFO News successful got
2024-05-23 13:21:58,206 INFO Register success: Username: testuser
2024-05-23 13:22:07,452 WARNING Not Found: /afisha/999
2024-05-23 13:35:12,356 ERROR Internal Server Error: /statistics/
Traceback (most recent call last):
  File "C:\Users\vitya\AppData\Local\Programs\Python\Python311\Lib\site-packages\django\core\handlers\exception.py", line 55, in inner
    response = get_response(request)
               ^^^^^^^^^^^^^^^^^^^^^
  File "C:\Users\vitya\AppData\Local\Programs\Python\Python311\Lib\site-packages\django\core\handlers\base.py", line 197, in _get_response
    response = wrapped_callback(request, *callback_args, **callback_kwargs)
               ^^^^^^^^^^^^^^^^^^^^^^^^^^^^^^^^^^^^^^^^^^^^^^^^^^^^^^^^^^^^
  File "C:\Users\vitya\AppData\Local\Programs\Python\Python311\Lib\site-packages\django\contrib\auth\decorators.py", line 23, in _wrapper_view
    return view_func(request, *args, **kwargs)
           ^^^^^^^^^^^^^^^^^^^^^^^^^^^^^^^^^^^
  File "C:\Users\vitya\AppData\Local\Programs\Python\Python311\Lib\site-packages\django\contrib\auth\decorators.py", line 23, in _wrapper_view
    return view_func(request, *args, **kwargs)
           ^^^^^^^^^^^^^^^^^^^^^^^^^^^^^^^^^^^
  File "C:\Users\vitya\cinema\movies\views.py", line 417, in get_statisctics
    context = get_clients_stat_context()
              ^^^^^^^^^^^^^^^^^^^^^^^^^^
  File "C:\Users\vitya\cinema\movies\views.py", line 378, in get_clients_stat_context
    [
  File "C:\Users\vitya\cinema\movies\views.py", line 379, in <listcomp>
    i for age in age_list for i in intervals[:-1] if age >= i and age < i + 10
                                                     ^^^^^^^^
TypeError: '>=' not supported between instances of 'NoneType' and 'int'
2024-05-23 13:37:39,673 ERROR Internal Server Error: /statistics/
Traceback (most recent call last):
  File "C:\Users\vitya\AppData\Local\Programs\Python\Python311\Lib\site-packages\django\core\handlers\exception.py", line 55, in inner
    response = get_response(request)
               ^^^^^^^^^^^^^^^^^^^^^
  File "C:\Users\vitya\AppData\Local\Programs\Python\Python311\Lib\site-packages\django\core\handlers\base.py", line 197, in _get_response
    response = wrapped_callback(request, *callback_args, **callback_kwargs)
               ^^^^^^^^^^^^^^^^^^^^^^^^^^^^^^^^^^^^^^^^^^^^^^^^^^^^^^^^^^^^
  File "C:\Users\vitya\AppData\Local\Programs\Python\Python311\Lib\site-packages\django\contrib\auth\decorators.py", line 23, in _wrapper_view
    return view_func(request, *args, **kwargs)
           ^^^^^^^^^^^^^^^^^^^^^^^^^^^^^^^^^^^
  File "C:\Users\vitya\AppData\Local\Programs\Python\Python311\Lib\site-packages\django\contrib\auth\decorators.py", line 23, in _wrapper_view
    return view_func(request, *args, **kwargs)
           ^^^^^^^^^^^^^^^^^^^^^^^^^^^^^^^^^^^
  File "C:\Users\vitya\cinema\movies\views.py", line 420, in get_statisctics
    context = get_clients_stat_context()
              ^^^^^^^^^^^^^^^^^^^^^^^^^^
  File "C:\Users\vitya\cinema\movies\views.py", line 381, in get_clients_stat_context
    [
  File "C:\Users\vitya\cinema\movies\views.py", line 382, in <listcomp>
    i for age in age_list for i in intervals[:-1] if age >= i and age < i + 10
                                                     ^^^^^^^^
TypeError: '>=' not supported between instances of 'NoneType' and 'int'
2024-05-23 13:37:57,174 ERROR Internal Server Error: /statistics/
Traceback (most recent call last):
  File "C:\Users\vitya\AppData\Local\Programs\Python\Python311\Lib\site-packages\django\core\handlers\exception.py", line 55, in inner
    response = get_response(request)
               ^^^^^^^^^^^^^^^^^^^^^
  File "C:\Users\vitya\AppData\Local\Programs\Python\Python311\Lib\site-packages\django\core\handlers\base.py", line 197, in _get_response
    response = wrapped_callback(request, *callback_args, **callback_kwargs)
               ^^^^^^^^^^^^^^^^^^^^^^^^^^^^^^^^^^^^^^^^^^^^^^^^^^^^^^^^^^^^
  File "C:\Users\vitya\AppData\Local\Programs\Python\Python311\Lib\site-packages\django\contrib\auth\decorators.py", line 23, in _wrapper_view
    return view_func(request, *args, **kwargs)
           ^^^^^^^^^^^^^^^^^^^^^^^^^^^^^^^^^^^
  File "C:\Users\vitya\AppData\Local\Programs\Python\Python311\Lib\site-packages\django\contrib\auth\decorators.py", line 23, in _wrapper_view
    return view_func(request, *args, **kwargs)
           ^^^^^^^^^^^^^^^^^^^^^^^^^^^^^^^^^^^
  File "C:\Users\vitya\cinema\movies\views.py", line 420, in get_statisctics
    context = get_clients_stat_context()
              ^^^^^^^^^^^^^^^^^^^^^^^^^^
  File "C:\Users\vitya\cinema\movies\views.py", line 381, in get_clients_stat_context
    [
  File "C:\Users\vitya\cinema\movies\views.py", line 382, in <listcomp>
    i for age in age_list for i in intervals[:-1] if age >= i and age < i + 10
                                                     ^^^^^^^^
TypeError: '>=' not supported between instances of 'NoneType' and 'int'
2024-05-23 13:39:00,538 ERROR Internal Server Error: /statistics/
Traceback (most recent call last):
  File "C:\Users\vitya\AppData\Local\Programs\Python\Python311\Lib\site-packages\django\core\handlers\exception.py", line 55, in inner
    response = get_response(request)
               ^^^^^^^^^^^^^^^^^^^^^
  File "C:\Users\vitya\AppData\Local\Programs\Python\Python311\Lib\site-packages\django\core\handlers\base.py", line 197, in _get_response
    response = wrapped_callback(request, *callback_args, **callback_kwargs)
               ^^^^^^^^^^^^^^^^^^^^^^^^^^^^^^^^^^^^^^^^^^^^^^^^^^^^^^^^^^^^
  File "C:\Users\vitya\AppData\Local\Programs\Python\Python311\Lib\site-packages\django\contrib\auth\decorators.py", line 23, in _wrapper_view
    return view_func(request, *args, **kwargs)
           ^^^^^^^^^^^^^^^^^^^^^^^^^^^^^^^^^^^
  File "C:\Users\vitya\AppData\Local\Programs\Python\Python311\Lib\site-packages\django\contrib\auth\decorators.py", line 23, in _wrapper_view
    return view_func(request, *args, **kwargs)
           ^^^^^^^^^^^^^^^^^^^^^^^^^^^^^^^^^^^
  File "C:\Users\vitya\cinema\movies\views.py", line 420, in get_statisctics
    context = get_clients_stat_context()
              ^^^^^^^^^^^^^^^^^^^^^^^^^^
  File "C:\Users\vitya\cinema\movies\views.py", line 381, in get_clients_stat_context
    [
  File "C:\Users\vitya\cinema\movies\views.py", line 382, in <listcomp>
    i for age in age_list for i in intervals[:-1] if age >= i and age < i + 10
                                                     ^^^^^^^^
TypeError: '>=' not supported between instances of 'NoneType' and 'int'
2024-05-23 13:55:14,437 ERROR Internal Server Error: /afisha/movies/delete
Traceback (most recent call last):
  File "C:\Users\vitya\AppData\Local\Programs\Python\Python311\Lib\site-packages\django\core\handlers\exception.py", line 55, in inner
    response = get_response(request)
               ^^^^^^^^^^^^^^^^^^^^^
  File "C:\Users\vitya\AppData\Local\Programs\Python\Python311\Lib\site-packages\django\core\handlers\base.py", line 197, in _get_response
    response = wrapped_callback(request, *callback_args, **callback_kwargs)
               ^^^^^^^^^^^^^^^^^^^^^^^^^^^^^^^^^^^^^^^^^^^^^^^^^^^^^^^^^^^^
  File "C:\Users\vitya\AppData\Local\Programs\Python\Python311\Lib\site-packages\django\contrib\auth\decorators.py", line 23, in _wrapper_view
    return view_func(request, *args, **kwargs)
           ^^^^^^^^^^^^^^^^^^^^^^^^^^^^^^^^^^^
  File "C:\Users\vitya\AppData\Local\Programs\Python\Python311\Lib\site-packages\django\contrib\auth\decorators.py", line 23, in _wrapper_view
    return view_func(request, *args, **kwargs)
           ^^^^^^^^^^^^^^^^^^^^^^^^^^^^^^^^^^^
  File "C:\Users\vitya\cinema\movies\views.py", line 462, in delete_movie_by_id
    movie = Movie.objects.get(id=movie_id)
            ^^^^^^^^^^^^^^^^^^^^^^^^^^^^^^
  File "C:\Users\vitya\AppData\Local\Programs\Python\Python311\Lib\site-packages\django\db\models\manager.py", line 87, in manager_method
    return getattr(self.get_queryset(), name)(*args, **kwargs)
           ^^^^^^^^^^^^^^^^^^^^^^^^^^^^^^^^^^^^^^^^^^^^^^^^^^^
  File "C:\Users\vitya\AppData\Local\Programs\Python\Python311\Lib\site-packages\django\db\models\query.py", line 649, in get
    raise self.model.DoesNotExist(
movies.models.Movie.DoesNotExist: Movie matching query does not exist.
2024-05-23 13:56:52,052 ERROR Internal Server Error: /afisha/movies/delete
Traceback (most recent call last):
  File "C:\Users\vitya\AppData\Local\Programs\Python\Python311\Lib\site-packages\django\core\handlers\exception.py", line 55, in inner
    response = get_response(request)
               ^^^^^^^^^^^^^^^^^^^^^
  File "C:\Users\vitya\AppData\Local\Programs\Python\Python311\Lib\site-packages\django\core\handlers\base.py", line 197, in _get_response
    response = wrapped_callback(request, *callback_args, **callback_kwargs)
               ^^^^^^^^^^^^^^^^^^^^^^^^^^^^^^^^^^^^^^^^^^^^^^^^^^^^^^^^^^^^
  File "C:\Users\vitya\AppData\Local\Programs\Python\Python311\Lib\site-packages\django\contrib\auth\decorators.py", line 23, in _wrapper_view
    return view_func(request, *args, **kwargs)
           ^^^^^^^^^^^^^^^^^^^^^^^^^^^^^^^^^^^
  File "C:\Users\vitya\AppData\Local\Programs\Python\Python311\Lib\site-packages\django\contrib\auth\decorators.py", line 23, in _wrapper_view
    return view_func(request, *args, **kwargs)
           ^^^^^^^^^^^^^^^^^^^^^^^^^^^^^^^^^^^
  File "C:\Users\vitya\cinema\movies\views.py", line 462, in delete_movie_by_id
    movie = Movie.objects.get(id=movie_id)
            ^^^^^^^^^^^^^^^^^^^^^^^^^^^^^^
  File "C:\Users\vitya\AppData\Local\Programs\Python\Python311\Lib\site-packages\django\db\models\manager.py", line 87, in manager_method
    return getattr(self.get_queryset(), name)(*args, **kwargs)
           ^^^^^^^^^^^^^^^^^^^^^^^^^^^^^^^^^^^^^^^^^^^^^^^^^^^
  File "C:\Users\vitya\AppData\Local\Programs\Python\Python311\Lib\site-packages\django\db\models\query.py", line 649, in get
    raise self.model.DoesNotExist(
movies.models.Movie.DoesNotExist: Movie matching query does not exist.
2024-05-23 13:57:13,856 ERROR Internal Server Error: /afisha/movies/delete
Traceback (most recent call last):
  File "C:\Users\vitya\AppData\Local\Programs\Python\Python311\Lib\site-packages\django\core\handlers\exception.py", line 55, in inner
    response = get_response(request)
               ^^^^^^^^^^^^^^^^^^^^^
  File "C:\Users\vitya\AppData\Local\Programs\Python\Python311\Lib\site-packages\django\core\handlers\base.py", line 197, in _get_response
    response = wrapped_callback(request, *callback_args, **callback_kwargs)
               ^^^^^^^^^^^^^^^^^^^^^^^^^^^^^^^^^^^^^^^^^^^^^^^^^^^^^^^^^^^^
  File "C:\Users\vitya\AppData\Local\Programs\Python\Python311\Lib\site-packages\django\contrib\auth\decorators.py", line 23, in _wrapper_view
    return view_func(request, *args, **kwargs)
           ^^^^^^^^^^^^^^^^^^^^^^^^^^^^^^^^^^^
  File "C:\Users\vitya\AppData\Local\Programs\Python\Python311\Lib\site-packages\django\contrib\auth\decorators.py", line 23, in _wrapper_view
    return view_func(request, *args, **kwargs)
           ^^^^^^^^^^^^^^^^^^^^^^^^^^^^^^^^^^^
  File "C:\Users\vitya\cinema\movies\views.py", line 462, in delete_movie_by_id
    movie = Movie.objects.get(id=movie_id)
            ^^^^^^^^^^^^^^^^^^^^^^^^^^^^^^
  File "C:\Users\vitya\AppData\Local\Programs\Python\Python311\Lib\site-packages\django\db\models\manager.py", line 87, in manager_method
    return getattr(self.get_queryset(), name)(*args, **kwargs)
           ^^^^^^^^^^^^^^^^^^^^^^^^^^^^^^^^^^^^^^^^^^^^^^^^^^^
  File "C:\Users\vitya\AppData\Local\Programs\Python\Python311\Lib\site-packages\django\db\models\query.py", line 649, in get
    raise self.model.DoesNotExist(
movies.models.Movie.DoesNotExist: Movie matching query does not exist.
2024-05-23 13:57:43,317 ERROR Internal Server Error: /afisha/movies/delete
Traceback (most recent call last):
  File "C:\Users\vitya\AppData\Local\Programs\Python\Python311\Lib\site-packages\django\core\handlers\exception.py", line 55, in inner
    response = get_response(request)
               ^^^^^^^^^^^^^^^^^^^^^
  File "C:\Users\vitya\AppData\Local\Programs\Python\Python311\Lib\site-packages\django\core\handlers\base.py", line 197, in _get_response
    response = wrapped_callback(request, *callback_args, **callback_kwargs)
               ^^^^^^^^^^^^^^^^^^^^^^^^^^^^^^^^^^^^^^^^^^^^^^^^^^^^^^^^^^^^
  File "C:\Users\vitya\AppData\Local\Programs\Python\Python311\Lib\site-packages\django\contrib\auth\decorators.py", line 23, in _wrapper_view
    return view_func(request, *args, **kwargs)
           ^^^^^^^^^^^^^^^^^^^^^^^^^^^^^^^^^^^
  File "C:\Users\vitya\AppData\Local\Programs\Python\Python311\Lib\site-packages\django\contrib\auth\decorators.py", line 23, in _wrapper_view
    return view_func(request, *args, **kwargs)
           ^^^^^^^^^^^^^^^^^^^^^^^^^^^^^^^^^^^
  File "C:\Users\vitya\cinema\movies\views.py", line 462, in delete_movie_by_id
    movie = Movie.objects.get(id=movie_id)
            ^^^^^^^^^^^^^^^^^^^^^^^^^^^^^^
  File "C:\Users\vitya\AppData\Local\Programs\Python\Python311\Lib\site-packages\django\db\models\manager.py", line 87, in manager_method
    return getattr(self.get_queryset(), name)(*args, **kwargs)
           ^^^^^^^^^^^^^^^^^^^^^^^^^^^^^^^^^^^^^^^^^^^^^^^^^^^
  File "C:\Users\vitya\AppData\Local\Programs\Python\Python311\Lib\site-packages\django\db\models\query.py", line 649, in get
    raise self.model.DoesNotExist(
movies.models.Movie.DoesNotExist: Movie matching query does not exist.
2024-05-23 14:02:03,018 WARNING Not Found: /afisha/movies/edit
2024-05-23 14:04:24,142 WARNING Not Found: /afisha/movies/edit
2024-05-23 14:05:10,193 WARNING Not Found: /afisha/movies/edit
2024-05-23 14:05:33,741 WARNING Not Found: /afisha/movies/edit
2024-05-23 14:05:54,483 WARNING Not Found: /afisha/movies/edit
2024-05-23 14:06:08,792 WARNING Not Found: /afisha/movies/edit
2024-05-23 14:07:26,986 WARNING Not Found: /afisha/movies/edit
2024-05-23 14:07:54,343 WARNING Not Found: /afisha/movies/edit
2024-05-23 14:08:13,264 WARNING Not Found: /afisha/movies/edit
2024-05-23 14:08:24,436 WARNING Not Found: /afisha/movies/edit
2024-05-23 14:08:36,927 WARNING Not Found: /afisha/movies/edit
2024-05-23 14:08:59,369 WARNING Not Found: /afisha/movies/edit
2024-05-23 14:26:28,635 WARNING Not Found: /afisha/movies/edit
2024-05-23 14:26:37,959 ERROR Error accessing 'info' attribute: 'NoneType' object has no attribute 'info'
2024-05-23 14:26:39,482 INFO News successful got
2024-05-23 14:26:39,925 INFO Register success: Username: testuser
2024-05-23 14:26:49,153 WARNING Not Found: /afisha/999
2024-05-23 14:28:57,652 ERROR Internal Server Error: /afisha/genres/delete
Traceback (most recent call last):
  File "C:\Users\vitya\AppData\Local\Programs\Python\Python311\Lib\site-packages\django\core\handlers\exception.py", line 55, in inner
    response = get_response(request)
               ^^^^^^^^^^^^^^^^^^^^^
  File "C:\Users\vitya\AppData\Local\Programs\Python\Python311\Lib\site-packages\django\core\handlers\base.py", line 197, in _get_response
    response = wrapped_callback(request, *callback_args, **callback_kwargs)
               ^^^^^^^^^^^^^^^^^^^^^^^^^^^^^^^^^^^^^^^^^^^^^^^^^^^^^^^^^^^^
  File "C:\Users\vitya\AppData\Local\Programs\Python\Python311\Lib\site-packages\django\contrib\auth\decorators.py", line 23, in _wrapper_view
    return view_func(request, *args, **kwargs)
           ^^^^^^^^^^^^^^^^^^^^^^^^^^^^^^^^^^^
  File "C:\Users\vitya\AppData\Local\Programs\Python\Python311\Lib\site-packages\django\contrib\auth\decorators.py", line 23, in _wrapper_view
    return view_func(request, *args, **kwargs)
           ^^^^^^^^^^^^^^^^^^^^^^^^^^^^^^^^^^^
  File "C:\Users\vitya\cinema\movies\views.py", line 497, in delete_genre_by_id
    genre = Genre.objects.get(id=genre_id)
            ^^^^^^^^^^^^^^^^^^^^^^^^^^^^^^
  File "C:\Users\vitya\AppData\Local\Programs\Python\Python311\Lib\site-packages\django\db\models\manager.py", line 87, in manager_method
    return getattr(self.get_queryset(), name)(*args, **kwargs)
           ^^^^^^^^^^^^^^^^^^^^^^^^^^^^^^^^^^^^^^^^^^^^^^^^^^^
  File "C:\Users\vitya\AppData\Local\Programs\Python\Python311\Lib\site-packages\django\db\models\query.py", line 649, in get
    raise self.model.DoesNotExist(
movies.models.Genre.DoesNotExist: Genre matching query does not exist.
2024-05-23 14:29:21,921 ERROR Internal Server Error: /afisha/genres/delete
Traceback (most recent call last):
  File "C:\Users\vitya\AppData\Local\Programs\Python\Python311\Lib\site-packages\django\core\handlers\exception.py", line 55, in inner
    response = get_response(request)
               ^^^^^^^^^^^^^^^^^^^^^
  File "C:\Users\vitya\AppData\Local\Programs\Python\Python311\Lib\site-packages\django\core\handlers\base.py", line 197, in _get_response
    response = wrapped_callback(request, *callback_args, **callback_kwargs)
               ^^^^^^^^^^^^^^^^^^^^^^^^^^^^^^^^^^^^^^^^^^^^^^^^^^^^^^^^^^^^
  File "C:\Users\vitya\AppData\Local\Programs\Python\Python311\Lib\site-packages\django\contrib\auth\decorators.py", line 23, in _wrapper_view
    return view_func(request, *args, **kwargs)
           ^^^^^^^^^^^^^^^^^^^^^^^^^^^^^^^^^^^
  File "C:\Users\vitya\AppData\Local\Programs\Python\Python311\Lib\site-packages\django\contrib\auth\decorators.py", line 23, in _wrapper_view
    return view_func(request, *args, **kwargs)
           ^^^^^^^^^^^^^^^^^^^^^^^^^^^^^^^^^^^
  File "C:\Users\vitya\cinema\movies\views.py", line 497, in delete_genre_by_id
    genre = Genre.objects.get(id=genre_id)
            ^^^^^^^^^^^^^^^^^^^^^^^^^^^^^^
  File "C:\Users\vitya\AppData\Local\Programs\Python\Python311\Lib\site-packages\django\db\models\manager.py", line 87, in manager_method
    return getattr(self.get_queryset(), name)(*args, **kwargs)
           ^^^^^^^^^^^^^^^^^^^^^^^^^^^^^^^^^^^^^^^^^^^^^^^^^^^
  File "C:\Users\vitya\AppData\Local\Programs\Python\Python311\Lib\site-packages\django\db\models\query.py", line 649, in get
    raise self.model.DoesNotExist(
movies.models.Genre.DoesNotExist: Genre matching query does not exist.
2024-05-23 14:29:34,963 ERROR Internal Server Error: /afisha/genres/delete
Traceback (most recent call last):
  File "C:\Users\vitya\AppData\Local\Programs\Python\Python311\Lib\site-packages\django\core\handlers\exception.py", line 55, in inner
    response = get_response(request)
               ^^^^^^^^^^^^^^^^^^^^^
  File "C:\Users\vitya\AppData\Local\Programs\Python\Python311\Lib\site-packages\django\core\handlers\base.py", line 197, in _get_response
    response = wrapped_callback(request, *callback_args, **callback_kwargs)
               ^^^^^^^^^^^^^^^^^^^^^^^^^^^^^^^^^^^^^^^^^^^^^^^^^^^^^^^^^^^^
  File "C:\Users\vitya\AppData\Local\Programs\Python\Python311\Lib\site-packages\django\contrib\auth\decorators.py", line 23, in _wrapper_view
    return view_func(request, *args, **kwargs)
           ^^^^^^^^^^^^^^^^^^^^^^^^^^^^^^^^^^^
  File "C:\Users\vitya\AppData\Local\Programs\Python\Python311\Lib\site-packages\django\contrib\auth\decorators.py", line 23, in _wrapper_view
    return view_func(request, *args, **kwargs)
           ^^^^^^^^^^^^^^^^^^^^^^^^^^^^^^^^^^^
  File "C:\Users\vitya\cinema\movies\views.py", line 497, in delete_genre_by_id
    genre = Genre.objects.get(id=genre_id)
            ^^^^^^^^^^^^^^^^^^^^^^^^^^^^^^
  File "C:\Users\vitya\AppData\Local\Programs\Python\Python311\Lib\site-packages\django\db\models\manager.py", line 87, in manager_method
    return getattr(self.get_queryset(), name)(*args, **kwargs)
           ^^^^^^^^^^^^^^^^^^^^^^^^^^^^^^^^^^^^^^^^^^^^^^^^^^^
  File "C:\Users\vitya\AppData\Local\Programs\Python\Python311\Lib\site-packages\django\db\models\query.py", line 649, in get
    raise self.model.DoesNotExist(
movies.models.Genre.DoesNotExist: Genre matching query does not exist.
2024-05-23 14:29:58,158 ERROR Internal Server Error: /afisha/genres/delete
Traceback (most recent call last):
  File "C:\Users\vitya\AppData\Local\Programs\Python\Python311\Lib\site-packages\django\core\handlers\exception.py", line 55, in inner
    response = get_response(request)
               ^^^^^^^^^^^^^^^^^^^^^
  File "C:\Users\vitya\AppData\Local\Programs\Python\Python311\Lib\site-packages\django\core\handlers\base.py", line 197, in _get_response
    response = wrapped_callback(request, *callback_args, **callback_kwargs)
               ^^^^^^^^^^^^^^^^^^^^^^^^^^^^^^^^^^^^^^^^^^^^^^^^^^^^^^^^^^^^
  File "C:\Users\vitya\AppData\Local\Programs\Python\Python311\Lib\site-packages\django\contrib\auth\decorators.py", line 23, in _wrapper_view
    return view_func(request, *args, **kwargs)
           ^^^^^^^^^^^^^^^^^^^^^^^^^^^^^^^^^^^
  File "C:\Users\vitya\AppData\Local\Programs\Python\Python311\Lib\site-packages\django\contrib\auth\decorators.py", line 23, in _wrapper_view
    return view_func(request, *args, **kwargs)
           ^^^^^^^^^^^^^^^^^^^^^^^^^^^^^^^^^^^
  File "C:\Users\vitya\cinema\movies\views.py", line 497, in delete_genre_by_id
    genre = Genre.objects.get(id=genre_id)
            ^^^^^^^^^^^^^^^^^^^^^^^^^^^^^^
  File "C:\Users\vitya\AppData\Local\Programs\Python\Python311\Lib\site-packages\django\db\models\manager.py", line 87, in manager_method
    return getattr(self.get_queryset(), name)(*args, **kwargs)
           ^^^^^^^^^^^^^^^^^^^^^^^^^^^^^^^^^^^^^^^^^^^^^^^^^^^
  File "C:\Users\vitya\AppData\Local\Programs\Python\Python311\Lib\site-packages\django\db\models\query.py", line 649, in get
    raise self.model.DoesNotExist(
movies.models.Genre.DoesNotExist: Genre matching query does not exist.
2024-05-23 14:30:15,885 ERROR Internal Server Error: /afisha/genres/delete
Traceback (most recent call last):
  File "C:\Users\vitya\AppData\Local\Programs\Python\Python311\Lib\site-packages\django\core\handlers\exception.py", line 55, in inner
    response = get_response(request)
               ^^^^^^^^^^^^^^^^^^^^^
  File "C:\Users\vitya\AppData\Local\Programs\Python\Python311\Lib\site-packages\django\core\handlers\base.py", line 197, in _get_response
    response = wrapped_callback(request, *callback_args, **callback_kwargs)
               ^^^^^^^^^^^^^^^^^^^^^^^^^^^^^^^^^^^^^^^^^^^^^^^^^^^^^^^^^^^^
  File "C:\Users\vitya\AppData\Local\Programs\Python\Python311\Lib\site-packages\django\contrib\auth\decorators.py", line 23, in _wrapper_view
    return view_func(request, *args, **kwargs)
           ^^^^^^^^^^^^^^^^^^^^^^^^^^^^^^^^^^^
  File "C:\Users\vitya\AppData\Local\Programs\Python\Python311\Lib\site-packages\django\contrib\auth\decorators.py", line 23, in _wrapper_view
    return view_func(request, *args, **kwargs)
           ^^^^^^^^^^^^^^^^^^^^^^^^^^^^^^^^^^^
  File "C:\Users\vitya\cinema\movies\views.py", line 497, in delete_genre_by_id
    genre = Genre.objects.get(id=genre_id)
            ^^^^^^^^^^^^^^^^^^^^^^^^^^^^^^
  File "C:\Users\vitya\AppData\Local\Programs\Python\Python311\Lib\site-packages\django\db\models\manager.py", line 87, in manager_method
    return getattr(self.get_queryset(), name)(*args, **kwargs)
           ^^^^^^^^^^^^^^^^^^^^^^^^^^^^^^^^^^^^^^^^^^^^^^^^^^^
  File "C:\Users\vitya\AppData\Local\Programs\Python\Python311\Lib\site-packages\django\db\models\query.py", line 649, in get
    raise self.model.DoesNotExist(
movies.models.Genre.DoesNotExist: Genre matching query does not exist.
2024-05-23 14:33:02,876 WARNING Not Found: /afisha/genres/edit
2024-05-23 14:33:25,069 WARNING Not Found: /afisha/genres/edit
2024-05-23 14:33:37,427 WARNING Not Found: /afisha/genres/edit
2024-05-23 14:33:46,240 WARNING Not Found: /afisha/genres/edit
2024-05-23 14:34:25,114 WARNING Not Found: /afisha/genres/edit
2024-05-23 14:40:26,679 WARNING Not Found: /afisha/halls/edit
2024-05-23 14:52:46,142 ERROR Internal Server Error: /afisha/showtimes/delete
Traceback (most recent call last):
  File "C:\Users\vitya\AppData\Local\Programs\Python\Python311\Lib\site-packages\django\core\handlers\exception.py", line 55, in inner
    response = get_response(request)
               ^^^^^^^^^^^^^^^^^^^^^
  File "C:\Users\vitya\AppData\Local\Programs\Python\Python311\Lib\site-packages\django\core\handlers\base.py", line 204, in _get_response
    self.check_response(response, callback)
  File "C:\Users\vitya\AppData\Local\Programs\Python\Python311\Lib\site-packages\django\core\handlers\base.py", line 332, in check_response
    raise ValueError(
ValueError: The view movies.views.delete_showtime_by_id didn't return an HttpResponse object. It returned None instead.
2024-05-23 14:53:03,085 ERROR Internal Server Error: /afisha/showtimes/delete
Traceback (most recent call last):
  File "C:\Users\vitya\AppData\Local\Programs\Python\Python311\Lib\site-packages\django\core\handlers\exception.py", line 55, in inner
    response = get_response(request)
               ^^^^^^^^^^^^^^^^^^^^^
  File "C:\Users\vitya\AppData\Local\Programs\Python\Python311\Lib\site-packages\django\core\handlers\base.py", line 204, in _get_response
    self.check_response(response, callback)
  File "C:\Users\vitya\AppData\Local\Programs\Python\Python311\Lib\site-packages\django\core\handlers\base.py", line 332, in check_response
    raise ValueError(
ValueError: The view movies.views.delete_showtime_by_id didn't return an HttpResponse object. It returned None instead.
2024-05-23 14:53:52,870 ERROR Internal Server Error: /afisha/showtimes/delete
Traceback (most recent call last):
  File "C:\Users\vitya\AppData\Local\Programs\Python\Python311\Lib\site-packages\django\core\handlers\exception.py", line 55, in inner
    response = get_response(request)
               ^^^^^^^^^^^^^^^^^^^^^
  File "C:\Users\vitya\AppData\Local\Programs\Python\Python311\Lib\site-packages\django\core\handlers\base.py", line 204, in _get_response
    self.check_response(response, callback)
  File "C:\Users\vitya\AppData\Local\Programs\Python\Python311\Lib\site-packages\django\core\handlers\base.py", line 332, in check_response
    raise ValueError(
ValueError: The view movies.views.delete_showtime_by_id didn't return an HttpResponse object. It returned None instead.
2024-05-23 15:49:28,518 WARNING Not Found: /afisha/genres/edit
2024-05-23 15:49:31,231 WARNING Not Found: /afisha/halls/edit
2024-05-23 15:49:34,524 WARNING Not Found: /afisha/movies/edit
2024-05-23 15:49:54,751 ERROR Error accessing 'info' attribute: 'NoneType' object has no attribute 'info'
2024-05-23 15:49:56,325 INFO News successful got
2024-05-23 15:49:58,510 INFO Register success: Username: testuser
2024-05-23 15:50:08,300 WARNING Not Found: /afisha/999
2024-05-23 17:43:04,943 WARNING Not Found: /afisha/genres/edit
2024-05-23 17:44:10,383 WARNING Not Found: /afisha/genres/edit
2024-05-23 17:44:13,088 WARNING Not Found: /afisha/halls/edit
2024-05-23 17:44:16,463 WARNING Not Found: /afisha/movies/edit
2024-05-23 17:44:36,928 ERROR Error accessing 'info' attribute: 'NoneType' object has no attribute 'info'
2024-05-23 17:44:38,504 INFO News successful got
2024-05-23 17:44:40,737 INFO Register success: Username: testuser
2024-05-23 17:44:50,601 WARNING Not Found: /afisha/999
2024-05-23 17:46:02,239 WARNING Not Found: /afisha/genres/edit
2024-05-23 17:46:04,935 WARNING Not Found: /afisha/halls/edit
2024-05-23 17:46:28,090 WARNING Not Found: /afisha/genres/edit
2024-05-23 17:46:30,834 WARNING Not Found: /afisha/halls/edit
2024-05-23 17:46:34,138 WARNING Not Found: /afisha/movies/edit
2024-05-23 17:46:54,587 ERROR Error accessing 'info' attribute: 'NoneType' object has no attribute 'info'
2024-05-23 17:46:56,162 INFO News successful got
2024-05-23 17:46:58,402 INFO Register success: Username: testuser
2024-05-23 17:47:08,267 WARNING Not Found: /afisha/999
2024-05-23 17:59:09,412 INFO News successful got
2024-05-23 18:00:04,618 INFO C:\Users\vitya\cinema\movies\urls.py changed, reloading.
2024-05-23 18:00:22,465 INFO C:\Users\vitya\cinema\movies\urls.py changed, reloading.
2024-05-23 18:00:25,898 INFO C:\Users\vitya\cinema\movies\urls.py changed, reloading.
2024-05-23 18:00:28,286 INFO C:\Users\vitya\cinema\movies\urls.py changed, reloading.
2024-05-23 18:00:31,754 INFO C:\Users\vitya\cinema\movies\urls.py changed, reloading.
2024-05-23 18:00:35,168 INFO C:\Users\vitya\cinema\movies\urls.py changed, reloading.
2024-05-23 18:00:38,646 INFO C:\Users\vitya\cinema\movies\urls.py changed, reloading.
2024-05-23 18:00:45,119 INFO C:\Users\vitya\cinema\movies\urls.py changed, reloading.
2024-05-23 18:00:50,587 INFO C:\Users\vitya\cinema\movies\urls.py changed, reloading.
2024-05-23 18:00:54,030 INFO C:\Users\vitya\cinema\movies\urls.py changed, reloading.
2024-05-23 18:01:00,508 INFO C:\Users\vitya\cinema\movies\urls.py changed, reloading.
2024-05-23 18:01:02,898 INFO C:\Users\vitya\cinema\movies\urls.py changed, reloading.
2024-05-23 18:01:10,530 INFO C:\Users\vitya\cinema\movies\urls.py changed, reloading.
2024-05-23 18:01:15,010 INFO C:\Users\vitya\cinema\movies\urls.py changed, reloading.
2024-05-23 18:01:19,440 INFO C:\Users\vitya\cinema\movies\urls.py changed, reloading.
2024-05-23 18:02:18,233 INFO News successful got
2024-05-23 18:10:28,144 INFO C:\Users\vitya\cinema\movies\views.py changed, reloading.
2024-05-23 18:10:31,583 INFO C:\Users\vitya\cinema\movies\views.py changed, reloading.
2024-05-23 18:10:35,041 INFO C:\Users\vitya\cinema\movies\views.py changed, reloading.
2024-05-23 18:10:59,534 WARNING Not Found: /coupons/delete/
2024-05-23 18:11:25,826 INFO C:\Users\vitya\cinema\movies\views.py changed, reloading.
2024-05-23 18:11:30,529 ERROR Internal Server Error: /coupons/delete
Traceback (most recent call last):
  File "C:\Users\vitya\AppData\Local\Programs\Python\Python311\Lib\site-packages\django\core\handlers\exception.py", line 55, in inner
    response = get_response(request)
               ^^^^^^^^^^^^^^^^^^^^^
  File "C:\Users\vitya\AppData\Local\Programs\Python\Python311\Lib\site-packages\django\utils\deprecation.py", line 136, in __call__
    response = self.process_response(request, response)
               ^^^^^^^^^^^^^^^^^^^^^^^^^^^^^^^^^^^^^^^^
  File "C:\Users\vitya\AppData\Local\Programs\Python\Python311\Lib\site-packages\django\middleware\clickjacking.py", line 27, in process_response
    if response.get("X-Frame-Options") is not None:
       ^^^^^^^^^^^^
AttributeError: 'Http404' object has no attribute 'get'
2024-05-23 18:11:58,257 INFO C:\Users\vitya\cinema\movies\views.py changed, reloading.
2024-05-23 18:12:00,743 INFO C:\Users\vitya\cinema\movies\views.py changed, reloading.
2024-05-23 18:12:03,357 ERROR Internal Server Error: /coupons/delete
Traceback (most recent call last):
  File "C:\Users\vitya\AppData\Local\Programs\Python\Python311\Lib\site-packages\django\core\handlers\exception.py", line 55, in inner
    response = get_response(request)
               ^^^^^^^^^^^^^^^^^^^^^
  File "C:\Users\vitya\AppData\Local\Programs\Python\Python311\Lib\site-packages\django\utils\deprecation.py", line 136, in __call__
    response = self.process_response(request, response)
               ^^^^^^^^^^^^^^^^^^^^^^^^^^^^^^^^^^^^^^^^
  File "C:\Users\vitya\AppData\Local\Programs\Python\Python311\Lib\site-packages\django\middleware\clickjacking.py", line 27, in process_response
    if response.get("X-Frame-Options") is not None:
       ^^^^^^^^^^^^
AttributeError: 'Http404' object has no attribute 'get'
2024-05-23 18:12:09,951 ERROR Internal Server Error: /coupons/delete
Traceback (most recent call last):
  File "C:\Users\vitya\AppData\Local\Programs\Python\Python311\Lib\site-packages\django\core\handlers\exception.py", line 55, in inner
    response = get_response(request)
               ^^^^^^^^^^^^^^^^^^^^^
  File "C:\Users\vitya\AppData\Local\Programs\Python\Python311\Lib\site-packages\django\utils\deprecation.py", line 136, in __call__
    response = self.process_response(request, response)
               ^^^^^^^^^^^^^^^^^^^^^^^^^^^^^^^^^^^^^^^^
  File "C:\Users\vitya\AppData\Local\Programs\Python\Python311\Lib\site-packages\django\middleware\clickjacking.py", line 27, in process_response
    if response.get("X-Frame-Options") is not None:
       ^^^^^^^^^^^^
AttributeError: 'Http404' object has no attribute 'get'
2024-05-23 18:12:35,317 INFO C:\Users\vitya\cinema\movies\views.py changed, reloading.
2024-05-23 18:12:39,023 WARNING Not Found: /coupons/delete
2024-05-23 18:13:00,166 WARNING Not Found: /coupons/delete
2024-05-23 18:13:24,072 INFO C:\Users\vitya\cinema\movies\views.py changed, reloading.
2024-05-23 18:13:39,344 INFO C:\Users\vitya\cinema\movies\views.py changed, reloading.
2024-05-23 18:13:43,482 INFO C:\Users\vitya\cinema\movies\views.py changed, reloading.
2024-05-23 18:14:38,155 INFO News successful got
2024-05-23 18:15:45,995 INFO C:\Users\vitya\cinema\movies\views.py changed, reloading.
2024-05-23 18:15:49,737 INFO C:\Users\vitya\cinema\movies\views.py changed, reloading.
2024-05-23 18:15:54,160 INFO C:\Users\vitya\cinema\movies\views.py changed, reloading.
2024-05-23 18:15:56,597 INFO C:\Users\vitya\cinema\movies\views.py changed, reloading.
2024-05-23 18:15:59,928 INFO C:\Users\vitya\cinema\movies\views.py changed, reloading.
2024-05-23 18:16:05,437 INFO C:\Users\vitya\cinema\movies\views.py changed, reloading.
2024-05-23 18:16:08,854 INFO C:\Users\vitya\cinema\movies\views.py changed, reloading.
2024-05-23 18:17:08,884 INFO C:\Users\vitya\cinema\movies\views.py changed, reloading.
2024-05-23 18:17:12,494 INFO C:\Users\vitya\cinema\movies\views.py changed, reloading.
2024-05-23 18:18:00,393 INFO C:\Users\vitya\cinema\movies\views.py changed, reloading.
2024-05-23 18:18:04,775 INFO C:\Users\vitya\cinema\movies\views.py changed, reloading.
2024-05-23 18:18:20,469 INFO C:\Users\vitya\cinema\movies\views.py changed, reloading.
2024-05-23 18:18:22,969 INFO C:\Users\vitya\cinema\movies\views.py changed, reloading.
2024-05-23 18:18:31,497 INFO C:\Users\vitya\cinema\movies\views.py changed, reloading.
2024-05-23 18:18:32,770 ERROR Internal Server Error: /reviews/delete
Traceback (most recent call last):
  File "C:\Users\vitya\AppData\Local\Programs\Python\Python311\Lib\site-packages\django\core\handlers\exception.py", line 55, in inner
    response = get_response(request)
               ^^^^^^^^^^^^^^^^^^^^^
  File "C:\Users\vitya\AppData\Local\Programs\Python\Python311\Lib\site-packages\django\core\handlers\base.py", line 197, in _get_response
    response = wrapped_callback(request, *callback_args, **callback_kwargs)
               ^^^^^^^^^^^^^^^^^^^^^^^^^^^^^^^^^^^^^^^^^^^^^^^^^^^^^^^^^^^^
  File "C:\Users\vitya\AppData\Local\Programs\Python\Python311\Lib\site-packages\django\contrib\auth\decorators.py", line 23, in _wrapper_view
    return view_func(request, *args, **kwargs)
           ^^^^^^^^^^^^^^^^^^^^^^^^^^^^^^^^^^^
  File "C:\Users\vitya\AppData\Local\Programs\Python\Python311\Lib\site-packages\django\contrib\auth\decorators.py", line 23, in _wrapper_view
    return view_func(request, *args, **kwargs)
           ^^^^^^^^^^^^^^^^^^^^^^^^^^^^^^^^^^^
  File "C:\Users\vitya\cinema\movies\views.py", line 713, in delete_review_by_id
    return redirect(reverse('review'))
                    ^^^^^^^^^^^^^^^^^
  File "C:\Users\vitya\AppData\Local\Programs\Python\Python311\Lib\site-packages\django\urls\base.py", line 88, in reverse
    return resolver._reverse_with_prefix(view, prefix, *args, **kwargs)
           ^^^^^^^^^^^^^^^^^^^^^^^^^^^^^^^^^^^^^^^^^^^^^^^^^^^^^^^^^^^^
  File "C:\Users\vitya\AppData\Local\Programs\Python\Python311\Lib\site-packages\django\urls\resolvers.py", line 851, in _reverse_with_prefix
    raise NoReverseMatch(msg)
django.urls.exceptions.NoReverseMatch: Reverse for 'review' not found. 'review' is not a valid view function or pattern name.
2024-05-23 18:18:36,079 INFO C:\Users\vitya\cinema\movies\views.py changed, reloading.
2024-05-23 18:18:46,686 INFO C:\Users\vitya\cinema\movies\views.py changed, reloading.
2024-05-23 18:19:19,038 INFO C:\Users\vitya\cinema\movies\views.py changed, reloading.
2024-05-23 18:19:20,647 INFO News successful got
2024-05-23 18:19:27,114 INFO News successful got
2024-05-23 18:20:15,954 INFO C:\Users\vitya\cinema\movies\views.py changed, reloading.
2024-05-23 18:20:22,469 INFO C:\Users\vitya\cinema\movies\views.py changed, reloading.
2024-05-23 18:20:37,070 INFO C:\Users\vitya\cinema\movies\views.py changed, reloading.
2024-05-23 18:26:10,531 INFO C:\Users\vitya\cinema\movies\views.py changed, reloading.
2024-05-23 18:26:16,011 INFO C:\Users\vitya\cinema\movies\views.py changed, reloading.
2024-05-23 18:26:19,447 INFO C:\Users\vitya\cinema\movies\views.py changed, reloading.
2024-05-23 18:28:19,351 INFO C:\Users\vitya\cinema\movies\views.py changed, reloading.
2024-05-23 18:28:26,508 INFO C:\Users\vitya\cinema\movies\views.py changed, reloading.
2024-05-23 18:28:38,085 INFO C:\Users\vitya\cinema\movies\views.py changed, reloading.
2024-05-23 18:31:46,063 INFO C:\Users\vitya\cinema\movies\views.py changed, reloading.
2024-05-23 18:31:54,127 INFO C:\Users\vitya\cinema\movies\views.py changed, reloading.
2024-05-23 18:32:15,911 INFO C:\Users\vitya\cinema\movies\views.py changed, reloading.
2024-05-23 18:32:18,398 INFO C:\Users\vitya\cinema\movies\views.py changed, reloading.
2024-05-23 18:32:28,570 INFO C:\Users\vitya\cinema\movies\views.py changed, reloading.
2024-05-23 18:32:33,988 INFO C:\Users\vitya\cinema\movies\views.py changed, reloading.
2024-05-23 18:32:38,379 INFO C:\Users\vitya\cinema\movies\views.py changed, reloading.
2024-05-23 18:32:40,853 INFO C:\Users\vitya\cinema\movies\views.py changed, reloading.
2024-05-23 18:32:45,264 INFO C:\Users\vitya\cinema\movies\views.py changed, reloading.
2024-05-23 18:32:59,513 ERROR Internal Server Error: /profile/
Traceback (most recent call last):
  File "C:\Users\vitya\AppData\Local\Programs\Python\Python311\Lib\site-packages\django\core\handlers\exception.py", line 55, in inner
    response = get_response(request)
               ^^^^^^^^^^^^^^^^^^^^^
  File "C:\Users\vitya\AppData\Local\Programs\Python\Python311\Lib\site-packages\django\core\handlers\base.py", line 197, in _get_response
    response = wrapped_callback(request, *callback_args, **callback_kwargs)
               ^^^^^^^^^^^^^^^^^^^^^^^^^^^^^^^^^^^^^^^^^^^^^^^^^^^^^^^^^^^^
  File "C:\Users\vitya\AppData\Local\Programs\Python\Python311\Lib\site-packages\django\contrib\auth\decorators.py", line 23, in _wrapper_view
    return view_func(request, *args, **kwargs)
           ^^^^^^^^^^^^^^^^^^^^^^^^^^^^^^^^^^^
  File "C:\Users\vitya\cinema\movies\views.py", line 172, in profile
    return render(request, 'profile.html', { 'tickets' : tickets } | user_tz_context)
           ^^^^^^^^^^^^^^^^^^^^^^^^^^^^^^^^^^^^^^^^^^^^^^^^^^^^^^^^^^^^^^^^^^^^^^^^^^
  File "C:\Users\vitya\AppData\Local\Programs\Python\Python311\Lib\site-packages\django\shortcuts.py", line 25, in render
    content = loader.render_to_string(template_name, context, request, using=using)
              ^^^^^^^^^^^^^^^^^^^^^^^^^^^^^^^^^^^^^^^^^^^^^^^^^^^^^^^^^^^^^^^^^^^^^
  File "C:\Users\vitya\AppData\Local\Programs\Python\Python311\Lib\site-packages\django\template\loader.py", line 61, in render_to_string
    template = get_template(template_name, using=using)
               ^^^^^^^^^^^^^^^^^^^^^^^^^^^^^^^^^^^^^^^^
  File "C:\Users\vitya\AppData\Local\Programs\Python\Python311\Lib\site-packages\django\template\loader.py", line 15, in get_template
    return engine.get_template(template_name)
           ^^^^^^^^^^^^^^^^^^^^^^^^^^^^^^^^^^
  File "C:\Users\vitya\AppData\Local\Programs\Python\Python311\Lib\site-packages\django\template\backends\django.py", line 33, in get_template
    return Template(self.engine.get_template(template_name), self)
                    ^^^^^^^^^^^^^^^^^^^^^^^^^^^^^^^^^^^^^^^
  File "C:\Users\vitya\AppData\Local\Programs\Python\Python311\Lib\site-packages\django\template\engine.py", line 177, in get_template
    template, origin = self.find_template(template_name)
                       ^^^^^^^^^^^^^^^^^^^^^^^^^^^^^^^^^
  File "C:\Users\vitya\AppData\Local\Programs\Python\Python311\Lib\site-packages\django\template\engine.py", line 159, in find_template
    template = loader.get_template(name, skip=skip)
               ^^^^^^^^^^^^^^^^^^^^^^^^^^^^^^^^^^^^
  File "C:\Users\vitya\AppData\Local\Programs\Python\Python311\Lib\site-packages\django\template\loaders\cached.py", line 57, in get_template
    template = super().get_template(template_name, skip)
               ^^^^^^^^^^^^^^^^^^^^^^^^^^^^^^^^^^^^^^^^^
  File "C:\Users\vitya\AppData\Local\Programs\Python\Python311\Lib\site-packages\django\template\loaders\base.py", line 28, in get_template
    return Template(
           ^^^^^^^^^
  File "C:\Users\vitya\AppData\Local\Programs\Python\Python311\Lib\site-packages\django\template\base.py", line 154, in __init__
    self.nodelist = self.compile_nodelist()
                    ^^^^^^^^^^^^^^^^^^^^^^^
  File "C:\Users\vitya\AppData\Local\Programs\Python\Python311\Lib\site-packages\django\template\base.py", line 196, in compile_nodelist
    return parser.parse()
           ^^^^^^^^^^^^^^
  File "C:\Users\vitya\AppData\Local\Programs\Python\Python311\Lib\site-packages\django\template\base.py", line 510, in parse
    raise self.error(token, e)
  File "C:\Users\vitya\AppData\Local\Programs\Python\Python311\Lib\site-packages\django\template\base.py", line 508, in parse
    compiled_result = compile_func(self, token)
                      ^^^^^^^^^^^^^^^^^^^^^^^^^
  File "C:\Users\vitya\AppData\Local\Programs\Python\Python311\Lib\site-packages\django\template\loader_tags.py", line 295, in do_extends
    nodelist = parser.parse()
               ^^^^^^^^^^^^^^
  File "C:\Users\vitya\AppData\Local\Programs\Python\Python311\Lib\site-packages\django\template\base.py", line 510, in parse
    raise self.error(token, e)
  File "C:\Users\vitya\AppData\Local\Programs\Python\Python311\Lib\site-packages\django\template\base.py", line 508, in parse
    compiled_result = compile_func(self, token)
                      ^^^^^^^^^^^^^^^^^^^^^^^^^
  File "C:\Users\vitya\AppData\Local\Programs\Python\Python311\Lib\site-packages\django\template\loader_tags.py", line 234, in do_block
    nodelist = parser.parse(("endblock",))
               ^^^^^^^^^^^^^^^^^^^^^^^^^^^
  File "C:\Users\vitya\AppData\Local\Programs\Python\Python311\Lib\site-packages\django\template\base.py", line 481, in parse
    raise self.error(token, e)
  File "C:\Users\vitya\AppData\Local\Programs\Python\Python311\Lib\site-packages\django\template\base.py", line 479, in parse
    filter_expression = self.compile_filter(token.contents)
                        ^^^^^^^^^^^^^^^^^^^^^^^^^^^^^^^^^^^
  File "C:\Users\vitya\AppData\Local\Programs\Python\Python311\Lib\site-packages\django\template\base.py", line 597, in compile_filter
    return FilterExpression(token, self)
           ^^^^^^^^^^^^^^^^^^^^^^^^^^^^^
  File "C:\Users\vitya\AppData\Local\Programs\Python\Python311\Lib\site-packages\django\template\base.py", line 698, in __init__
    raise TemplateSyntaxError(
django.template.exceptions.TemplateSyntaxError: Could not parse the remainder: '}' from 'calendar_text}'
2024-05-23 18:34:24,886 INFO C:\Users\vitya\cinema\movies\views.py changed, reloading.
2024-05-23 18:34:34,089 INFO C:\Users\vitya\cinema\movies\views.py changed, reloading.
2024-05-23 18:34:38,303 INFO C:\Users\vitya\cinema\movies\views.py changed, reloading.
2024-05-23 18:34:40,724 ERROR Internal Server Error: /profile/
Traceback (most recent call last):
  File "C:\Users\vitya\AppData\Local\Programs\Python\Python311\Lib\site-packages\django\core\handlers\exception.py", line 55, in inner
    response = get_response(request)
               ^^^^^^^^^^^^^^^^^^^^^
  File "C:\Users\vitya\AppData\Local\Programs\Python\Python311\Lib\site-packages\django\core\handlers\base.py", line 197, in _get_response
    response = wrapped_callback(request, *callback_args, **callback_kwargs)
               ^^^^^^^^^^^^^^^^^^^^^^^^^^^^^^^^^^^^^^^^^^^^^^^^^^^^^^^^^^^^
  File "C:\Users\vitya\AppData\Local\Programs\Python\Python311\Lib\site-packages\django\contrib\auth\decorators.py", line 23, in _wrapper_view
    return view_func(request, *args, **kwargs)
           ^^^^^^^^^^^^^^^^^^^^^^^^^^^^^^^^^^^
  File "C:\Users\vitya\cinema\movies\views.py", line 136, in profile
  File "C:\Users\vitya\cinema\movies\views.py", line 124, in get_user_time
    calendar_text = generate_html_calendar(
                    ^^^^^^^^^^^^^^^^^^^^^^^
TypeError: profile.<locals>.get_user_time.<locals>.generate_html_calendar() takes 2 positional arguments but 3 were given
2024-05-23 18:34:41,166 ERROR Internal Server Error: /profile/
Traceback (most recent call last):
  File "C:\Users\vitya\AppData\Local\Programs\Python\Python311\Lib\site-packages\django\core\handlers\exception.py", line 55, in inner
    response = get_response(request)
               ^^^^^^^^^^^^^^^^^^^^^
  File "C:\Users\vitya\AppData\Local\Programs\Python\Python311\Lib\site-packages\django\core\handlers\base.py", line 197, in _get_response
    response = wrapped_callback(request, *callback_args, **callback_kwargs)
               ^^^^^^^^^^^^^^^^^^^^^^^^^^^^^^^^^^^^^^^^^^^^^^^^^^^^^^^^^^^^
  File "C:\Users\vitya\AppData\Local\Programs\Python\Python311\Lib\site-packages\django\contrib\auth\decorators.py", line 23, in _wrapper_view
    return view_func(request, *args, **kwargs)
           ^^^^^^^^^^^^^^^^^^^^^^^^^^^^^^^^^^^
  File "C:\Users\vitya\cinema\movies\views.py", line 136, in profile
  File "C:\Users\vitya\cinema\movies\views.py", line 124, in get_user_time
    calendar_text = generate_html_calendar(
                    ^^^^^^^^^^^^^^^^^^^^^^^
TypeError: profile.<locals>.get_user_time.<locals>.generate_html_calendar() takes 2 positional arguments but 3 were given
2024-05-23 18:34:41,522 ERROR Internal Server Error: /profile/
Traceback (most recent call last):
  File "C:\Users\vitya\AppData\Local\Programs\Python\Python311\Lib\site-packages\django\core\handlers\exception.py", line 55, in inner
    response = get_response(request)
               ^^^^^^^^^^^^^^^^^^^^^
  File "C:\Users\vitya\AppData\Local\Programs\Python\Python311\Lib\site-packages\django\core\handlers\base.py", line 197, in _get_response
    response = wrapped_callback(request, *callback_args, **callback_kwargs)
               ^^^^^^^^^^^^^^^^^^^^^^^^^^^^^^^^^^^^^^^^^^^^^^^^^^^^^^^^^^^^
  File "C:\Users\vitya\AppData\Local\Programs\Python\Python311\Lib\site-packages\django\contrib\auth\decorators.py", line 23, in _wrapper_view
    return view_func(request, *args, **kwargs)
           ^^^^^^^^^^^^^^^^^^^^^^^^^^^^^^^^^^^
  File "C:\Users\vitya\cinema\movies\views.py", line 136, in profile
  File "C:\Users\vitya\cinema\movies\views.py", line 124, in get_user_time
    calendar_text = generate_html_calendar(
                    ^^^^^^^^^^^^^^^^^^^^^^^
TypeError: profile.<locals>.get_user_time.<locals>.generate_html_calendar() takes 2 positional arguments but 3 were given
2024-05-23 18:34:41,854 ERROR Internal Server Error: /profile/
Traceback (most recent call last):
  File "C:\Users\vitya\AppData\Local\Programs\Python\Python311\Lib\site-packages\django\core\handlers\exception.py", line 55, in inner
    response = get_response(request)
               ^^^^^^^^^^^^^^^^^^^^^
  File "C:\Users\vitya\AppData\Local\Programs\Python\Python311\Lib\site-packages\django\core\handlers\base.py", line 197, in _get_response
    response = wrapped_callback(request, *callback_args, **callback_kwargs)
               ^^^^^^^^^^^^^^^^^^^^^^^^^^^^^^^^^^^^^^^^^^^^^^^^^^^^^^^^^^^^
  File "C:\Users\vitya\AppData\Local\Programs\Python\Python311\Lib\site-packages\django\contrib\auth\decorators.py", line 23, in _wrapper_view
    return view_func(request, *args, **kwargs)
           ^^^^^^^^^^^^^^^^^^^^^^^^^^^^^^^^^^^
  File "C:\Users\vitya\cinema\movies\views.py", line 136, in profile
  File "C:\Users\vitya\cinema\movies\views.py", line 124, in get_user_time
    calendar_text = generate_html_calendar(
                    ^^^^^^^^^^^^^^^^^^^^^^^
TypeError: profile.<locals>.get_user_time.<locals>.generate_html_calendar() takes 2 positional arguments but 3 were given
2024-05-23 18:34:42,159 ERROR Internal Server Error: /profile/
Traceback (most recent call last):
  File "C:\Users\vitya\AppData\Local\Programs\Python\Python311\Lib\site-packages\django\core\handlers\exception.py", line 55, in inner
    response = get_response(request)
               ^^^^^^^^^^^^^^^^^^^^^
  File "C:\Users\vitya\AppData\Local\Programs\Python\Python311\Lib\site-packages\django\core\handlers\base.py", line 197, in _get_response
    response = wrapped_callback(request, *callback_args, **callback_kwargs)
               ^^^^^^^^^^^^^^^^^^^^^^^^^^^^^^^^^^^^^^^^^^^^^^^^^^^^^^^^^^^^
  File "C:\Users\vitya\AppData\Local\Programs\Python\Python311\Lib\site-packages\django\contrib\auth\decorators.py", line 23, in _wrapper_view
    return view_func(request, *args, **kwargs)
           ^^^^^^^^^^^^^^^^^^^^^^^^^^^^^^^^^^^
  File "C:\Users\vitya\cinema\movies\views.py", line 136, in profile
  File "C:\Users\vitya\cinema\movies\views.py", line 124, in get_user_time
    calendar_text = generate_html_calendar(
                    ^^^^^^^^^^^^^^^^^^^^^^^
TypeError: profile.<locals>.get_user_time.<locals>.generate_html_calendar() takes 2 positional arguments but 3 were given
2024-05-23 18:34:42,441 ERROR Internal Server Error: /profile/
Traceback (most recent call last):
  File "C:\Users\vitya\AppData\Local\Programs\Python\Python311\Lib\site-packages\django\core\handlers\exception.py", line 55, in inner
    response = get_response(request)
               ^^^^^^^^^^^^^^^^^^^^^
  File "C:\Users\vitya\AppData\Local\Programs\Python\Python311\Lib\site-packages\django\core\handlers\base.py", line 197, in _get_response
    response = wrapped_callback(request, *callback_args, **callback_kwargs)
               ^^^^^^^^^^^^^^^^^^^^^^^^^^^^^^^^^^^^^^^^^^^^^^^^^^^^^^^^^^^^
  File "C:\Users\vitya\AppData\Local\Programs\Python\Python311\Lib\site-packages\django\contrib\auth\decorators.py", line 23, in _wrapper_view
    return view_func(request, *args, **kwargs)
           ^^^^^^^^^^^^^^^^^^^^^^^^^^^^^^^^^^^
  File "C:\Users\vitya\cinema\movies\views.py", line 136, in profile
  File "C:\Users\vitya\cinema\movies\views.py", line 124, in get_user_time
    calendar_text = generate_html_calendar(
                    ^^^^^^^^^^^^^^^^^^^^^^^
TypeError: profile.<locals>.get_user_time.<locals>.generate_html_calendar() takes 2 positional arguments but 3 were given
2024-05-23 18:34:42,690 ERROR Internal Server Error: /profile/
Traceback (most recent call last):
  File "C:\Users\vitya\AppData\Local\Programs\Python\Python311\Lib\site-packages\django\core\handlers\exception.py", line 55, in inner
    response = get_response(request)
               ^^^^^^^^^^^^^^^^^^^^^
  File "C:\Users\vitya\AppData\Local\Programs\Python\Python311\Lib\site-packages\django\core\handlers\base.py", line 197, in _get_response
    response = wrapped_callback(request, *callback_args, **callback_kwargs)
               ^^^^^^^^^^^^^^^^^^^^^^^^^^^^^^^^^^^^^^^^^^^^^^^^^^^^^^^^^^^^
  File "C:\Users\vitya\AppData\Local\Programs\Python\Python311\Lib\site-packages\django\contrib\auth\decorators.py", line 23, in _wrapper_view
    return view_func(request, *args, **kwargs)
           ^^^^^^^^^^^^^^^^^^^^^^^^^^^^^^^^^^^
  File "C:\Users\vitya\cinema\movies\views.py", line 136, in profile
  File "C:\Users\vitya\cinema\movies\views.py", line 124, in get_user_time
    calendar_text = generate_html_calendar(
                    ^^^^^^^^^^^^^^^^^^^^^^^
TypeError: profile.<locals>.get_user_time.<locals>.generate_html_calendar() takes 2 positional arguments but 3 were given
2024-05-23 18:34:42,944 ERROR Internal Server Error: /profile/
Traceback (most recent call last):
  File "C:\Users\vitya\AppData\Local\Programs\Python\Python311\Lib\site-packages\django\core\handlers\exception.py", line 55, in inner
    response = get_response(request)
               ^^^^^^^^^^^^^^^^^^^^^
  File "C:\Users\vitya\AppData\Local\Programs\Python\Python311\Lib\site-packages\django\core\handlers\base.py", line 197, in _get_response
    response = wrapped_callback(request, *callback_args, **callback_kwargs)
               ^^^^^^^^^^^^^^^^^^^^^^^^^^^^^^^^^^^^^^^^^^^^^^^^^^^^^^^^^^^^
  File "C:\Users\vitya\AppData\Local\Programs\Python\Python311\Lib\site-packages\django\contrib\auth\decorators.py", line 23, in _wrapper_view
    return view_func(request, *args, **kwargs)
           ^^^^^^^^^^^^^^^^^^^^^^^^^^^^^^^^^^^
  File "C:\Users\vitya\cinema\movies\views.py", line 136, in profile
  File "C:\Users\vitya\cinema\movies\views.py", line 124, in get_user_time
    calendar_text = generate_html_calendar(
                    ^^^^^^^^^^^^^^^^^^^^^^^
TypeError: profile.<locals>.get_user_time.<locals>.generate_html_calendar() takes 2 positional arguments but 3 were given
2024-05-23 18:34:43,191 ERROR Internal Server Error: /profile/
Traceback (most recent call last):
  File "C:\Users\vitya\AppData\Local\Programs\Python\Python311\Lib\site-packages\django\core\handlers\exception.py", line 55, in inner
    response = get_response(request)
               ^^^^^^^^^^^^^^^^^^^^^
  File "C:\Users\vitya\AppData\Local\Programs\Python\Python311\Lib\site-packages\django\core\handlers\base.py", line 197, in _get_response
    response = wrapped_callback(request, *callback_args, **callback_kwargs)
               ^^^^^^^^^^^^^^^^^^^^^^^^^^^^^^^^^^^^^^^^^^^^^^^^^^^^^^^^^^^^
  File "C:\Users\vitya\AppData\Local\Programs\Python\Python311\Lib\site-packages\django\contrib\auth\decorators.py", line 23, in _wrapper_view
    return view_func(request, *args, **kwargs)
           ^^^^^^^^^^^^^^^^^^^^^^^^^^^^^^^^^^^
  File "C:\Users\vitya\cinema\movies\views.py", line 136, in profile
  File "C:\Users\vitya\cinema\movies\views.py", line 124, in get_user_time
    calendar_text = generate_html_calendar(
                    ^^^^^^^^^^^^^^^^^^^^^^^
TypeError: profile.<locals>.get_user_time.<locals>.generate_html_calendar() takes 2 positional arguments but 3 were given
2024-05-23 18:34:43,398 ERROR Internal Server Error: /profile/
Traceback (most recent call last):
  File "C:\Users\vitya\AppData\Local\Programs\Python\Python311\Lib\site-packages\django\core\handlers\exception.py", line 55, in inner
    response = get_response(request)
               ^^^^^^^^^^^^^^^^^^^^^
  File "C:\Users\vitya\AppData\Local\Programs\Python\Python311\Lib\site-packages\django\core\handlers\base.py", line 197, in _get_response
    response = wrapped_callback(request, *callback_args, **callback_kwargs)
               ^^^^^^^^^^^^^^^^^^^^^^^^^^^^^^^^^^^^^^^^^^^^^^^^^^^^^^^^^^^^
  File "C:\Users\vitya\AppData\Local\Programs\Python\Python311\Lib\site-packages\django\contrib\auth\decorators.py", line 23, in _wrapper_view
    return view_func(request, *args, **kwargs)
           ^^^^^^^^^^^^^^^^^^^^^^^^^^^^^^^^^^^
  File "C:\Users\vitya\cinema\movies\views.py", line 136, in profile
  File "C:\Users\vitya\cinema\movies\views.py", line 124, in get_user_time
    calendar_text = generate_html_calendar(
                    ^^^^^^^^^^^^^^^^^^^^^^^
TypeError: profile.<locals>.get_user_time.<locals>.generate_html_calendar() takes 2 positional arguments but 3 were given
2024-05-23 18:34:51,256 INFO C:\Users\vitya\cinema\movies\views.py changed, reloading.
2024-05-23 18:37:38,260 INFO C:\Users\vitya\cinema\movies\views.py changed, reloading.
2024-05-23 18:37:48,670 INFO C:\Users\vitya\cinema\movies\views.py changed, reloading.
2024-05-23 18:37:57,318 INFO C:\Users\vitya\cinema\movies\views.py changed, reloading.
2024-05-23 18:41:07,639 INFO C:\Users\vitya\cinema\movies\views.py changed, reloading.
2024-05-23 18:42:21,424 INFO C:\Users\vitya\cinema\movies\views.py changed, reloading.
2024-05-23 18:42:44,282 INFO C:\Users\vitya\cinema\movies\views.py changed, reloading.
2024-05-23 18:45:02,647 INFO C:\Users\vitya\cinema\movies\views.py changed, reloading.
2024-05-23 18:45:18,031 INFO C:\Users\vitya\cinema\movies\views.py changed, reloading.
2024-05-23 18:45:26,930 ERROR Internal Server Error: /profile/
Traceback (most recent call last):
  File "C:\Users\vitya\AppData\Local\Programs\Python\Python311\Lib\site-packages\django\core\handlers\exception.py", line 55, in inner
    response = get_response(request)
               ^^^^^^^^^^^^^^^^^^^^^
  File "C:\Users\vitya\AppData\Local\Programs\Python\Python311\Lib\site-packages\django\core\handlers\base.py", line 197, in _get_response
    response = wrapped_callback(request, *callback_args, **callback_kwargs)
               ^^^^^^^^^^^^^^^^^^^^^^^^^^^^^^^^^^^^^^^^^^^^^^^^^^^^^^^^^^^^
  File "C:\Users\vitya\AppData\Local\Programs\Python\Python311\Lib\site-packages\django\contrib\auth\decorators.py", line 23, in _wrapper_view
    return view_func(request, *args, **kwargs)
           ^^^^^^^^^^^^^^^^^^^^^^^^^^^^^^^^^^^
  File "C:\Users\vitya\cinema\movies\views.py", line 166, in profile
    user_tz_context = get_user_time()
                      ^^^^^^^^^^^^^^^
  File "C:\Users\vitya\cinema\movies\views.py", line 154, in get_user_time
    calendar_text = generate_calendar_html(
                    ^^^^^^^^^^^^^^^^^^^^^^^
  File "C:\Users\vitya\cinema\movies\views.py", line 123, in generate_calendar_html
    tz = pytz.timezone(user_timezone)
         ^^^^^^^^^^^^^^^^^^^^^^^^^^^^
  File "C:\Users\vitya\AppData\Local\Programs\Python\Python311\Lib\site-packages\pytz\__init__.py", line 170, in timezone
    if zone.upper() == 'UTC':
       ^^^^^^^^^^
AttributeError: 'zoneinfo.ZoneInfo' object has no attribute 'upper'
2024-05-23 18:45:27,617 ERROR Internal Server Error: /profile/
Traceback (most recent call last):
  File "C:\Users\vitya\AppData\Local\Programs\Python\Python311\Lib\site-packages\django\core\handlers\exception.py", line 55, in inner
    response = get_response(request)
               ^^^^^^^^^^^^^^^^^^^^^
  File "C:\Users\vitya\AppData\Local\Programs\Python\Python311\Lib\site-packages\django\core\handlers\base.py", line 197, in _get_response
    response = wrapped_callback(request, *callback_args, **callback_kwargs)
               ^^^^^^^^^^^^^^^^^^^^^^^^^^^^^^^^^^^^^^^^^^^^^^^^^^^^^^^^^^^^
  File "C:\Users\vitya\AppData\Local\Programs\Python\Python311\Lib\site-packages\django\contrib\auth\decorators.py", line 23, in _wrapper_view
    return view_func(request, *args, **kwargs)
           ^^^^^^^^^^^^^^^^^^^^^^^^^^^^^^^^^^^
  File "C:\Users\vitya\cinema\movies\views.py", line 166, in profile
    user_tz_context = get_user_time()
                      ^^^^^^^^^^^^^^^
  File "C:\Users\vitya\cinema\movies\views.py", line 154, in get_user_time
    calendar_text = generate_calendar_html(
                    ^^^^^^^^^^^^^^^^^^^^^^^
  File "C:\Users\vitya\cinema\movies\views.py", line 123, in generate_calendar_html
    tz = pytz.timezone(user_timezone)
         ^^^^^^^^^^^^^^^^^^^^^^^^^^^^
  File "C:\Users\vitya\AppData\Local\Programs\Python\Python311\Lib\site-packages\pytz\__init__.py", line 170, in timezone
    if zone.upper() == 'UTC':
       ^^^^^^^^^^
AttributeError: 'zoneinfo.ZoneInfo' object has no attribute 'upper'
2024-05-23 18:45:27,895 ERROR Internal Server Error: /profile/
Traceback (most recent call last):
  File "C:\Users\vitya\AppData\Local\Programs\Python\Python311\Lib\site-packages\django\core\handlers\exception.py", line 55, in inner
    response = get_response(request)
               ^^^^^^^^^^^^^^^^^^^^^
  File "C:\Users\vitya\AppData\Local\Programs\Python\Python311\Lib\site-packages\django\core\handlers\base.py", line 197, in _get_response
    response = wrapped_callback(request, *callback_args, **callback_kwargs)
               ^^^^^^^^^^^^^^^^^^^^^^^^^^^^^^^^^^^^^^^^^^^^^^^^^^^^^^^^^^^^
  File "C:\Users\vitya\AppData\Local\Programs\Python\Python311\Lib\site-packages\django\contrib\auth\decorators.py", line 23, in _wrapper_view
    return view_func(request, *args, **kwargs)
           ^^^^^^^^^^^^^^^^^^^^^^^^^^^^^^^^^^^
  File "C:\Users\vitya\cinema\movies\views.py", line 166, in profile
    user_tz_context = get_user_time()
                      ^^^^^^^^^^^^^^^
  File "C:\Users\vitya\cinema\movies\views.py", line 154, in get_user_time
    calendar_text = generate_calendar_html(
                    ^^^^^^^^^^^^^^^^^^^^^^^
  File "C:\Users\vitya\cinema\movies\views.py", line 123, in generate_calendar_html
    tz = pytz.timezone(user_timezone)
         ^^^^^^^^^^^^^^^^^^^^^^^^^^^^
  File "C:\Users\vitya\AppData\Local\Programs\Python\Python311\Lib\site-packages\pytz\__init__.py", line 170, in timezone
    if zone.upper() == 'UTC':
       ^^^^^^^^^^
AttributeError: 'zoneinfo.ZoneInfo' object has no attribute 'upper'
2024-05-23 18:45:28,162 ERROR Internal Server Error: /profile/
Traceback (most recent call last):
  File "C:\Users\vitya\AppData\Local\Programs\Python\Python311\Lib\site-packages\django\core\handlers\exception.py", line 55, in inner
    response = get_response(request)
               ^^^^^^^^^^^^^^^^^^^^^
  File "C:\Users\vitya\AppData\Local\Programs\Python\Python311\Lib\site-packages\django\core\handlers\base.py", line 197, in _get_response
    response = wrapped_callback(request, *callback_args, **callback_kwargs)
               ^^^^^^^^^^^^^^^^^^^^^^^^^^^^^^^^^^^^^^^^^^^^^^^^^^^^^^^^^^^^
  File "C:\Users\vitya\AppData\Local\Programs\Python\Python311\Lib\site-packages\django\contrib\auth\decorators.py", line 23, in _wrapper_view
    return view_func(request, *args, **kwargs)
           ^^^^^^^^^^^^^^^^^^^^^^^^^^^^^^^^^^^
  File "C:\Users\vitya\cinema\movies\views.py", line 166, in profile
    user_tz_context = get_user_time()
                      ^^^^^^^^^^^^^^^
  File "C:\Users\vitya\cinema\movies\views.py", line 154, in get_user_time
    calendar_text = generate_calendar_html(
                    ^^^^^^^^^^^^^^^^^^^^^^^
  File "C:\Users\vitya\cinema\movies\views.py", line 123, in generate_calendar_html
    tz = pytz.timezone(user_timezone)
         ^^^^^^^^^^^^^^^^^^^^^^^^^^^^
  File "C:\Users\vitya\AppData\Local\Programs\Python\Python311\Lib\site-packages\pytz\__init__.py", line 170, in timezone
    if zone.upper() == 'UTC':
       ^^^^^^^^^^
AttributeError: 'zoneinfo.ZoneInfo' object has no attribute 'upper'
2024-05-23 18:45:28,375 ERROR Internal Server Error: /profile/
Traceback (most recent call last):
  File "C:\Users\vitya\AppData\Local\Programs\Python\Python311\Lib\site-packages\django\core\handlers\exception.py", line 55, in inner
    response = get_response(request)
               ^^^^^^^^^^^^^^^^^^^^^
  File "C:\Users\vitya\AppData\Local\Programs\Python\Python311\Lib\site-packages\django\core\handlers\base.py", line 197, in _get_response
    response = wrapped_callback(request, *callback_args, **callback_kwargs)
               ^^^^^^^^^^^^^^^^^^^^^^^^^^^^^^^^^^^^^^^^^^^^^^^^^^^^^^^^^^^^
  File "C:\Users\vitya\AppData\Local\Programs\Python\Python311\Lib\site-packages\django\contrib\auth\decorators.py", line 23, in _wrapper_view
    return view_func(request, *args, **kwargs)
           ^^^^^^^^^^^^^^^^^^^^^^^^^^^^^^^^^^^
  File "C:\Users\vitya\cinema\movies\views.py", line 166, in profile
    user_tz_context = get_user_time()
                      ^^^^^^^^^^^^^^^
  File "C:\Users\vitya\cinema\movies\views.py", line 154, in get_user_time
    calendar_text = generate_calendar_html(
                    ^^^^^^^^^^^^^^^^^^^^^^^
  File "C:\Users\vitya\cinema\movies\views.py", line 123, in generate_calendar_html
    tz = pytz.timezone(user_timezone)
         ^^^^^^^^^^^^^^^^^^^^^^^^^^^^
  File "C:\Users\vitya\AppData\Local\Programs\Python\Python311\Lib\site-packages\pytz\__init__.py", line 170, in timezone
    if zone.upper() == 'UTC':
       ^^^^^^^^^^
AttributeError: 'zoneinfo.ZoneInfo' object has no attribute 'upper'
2024-05-23 18:45:28,576 ERROR Internal Server Error: /profile/
Traceback (most recent call last):
  File "C:\Users\vitya\AppData\Local\Programs\Python\Python311\Lib\site-packages\django\core\handlers\exception.py", line 55, in inner
    response = get_response(request)
               ^^^^^^^^^^^^^^^^^^^^^
  File "C:\Users\vitya\AppData\Local\Programs\Python\Python311\Lib\site-packages\django\core\handlers\base.py", line 197, in _get_response
    response = wrapped_callback(request, *callback_args, **callback_kwargs)
               ^^^^^^^^^^^^^^^^^^^^^^^^^^^^^^^^^^^^^^^^^^^^^^^^^^^^^^^^^^^^
  File "C:\Users\vitya\AppData\Local\Programs\Python\Python311\Lib\site-packages\django\contrib\auth\decorators.py", line 23, in _wrapper_view
    return view_func(request, *args, **kwargs)
           ^^^^^^^^^^^^^^^^^^^^^^^^^^^^^^^^^^^
  File "C:\Users\vitya\cinema\movies\views.py", line 166, in profile
    user_tz_context = get_user_time()
                      ^^^^^^^^^^^^^^^
  File "C:\Users\vitya\cinema\movies\views.py", line 154, in get_user_time
    calendar_text = generate_calendar_html(
                    ^^^^^^^^^^^^^^^^^^^^^^^
  File "C:\Users\vitya\cinema\movies\views.py", line 123, in generate_calendar_html
    tz = pytz.timezone(user_timezone)
         ^^^^^^^^^^^^^^^^^^^^^^^^^^^^
  File "C:\Users\vitya\AppData\Local\Programs\Python\Python311\Lib\site-packages\pytz\__init__.py", line 170, in timezone
    if zone.upper() == 'UTC':
       ^^^^^^^^^^
AttributeError: 'zoneinfo.ZoneInfo' object has no attribute 'upper'
2024-05-23 18:45:35,794 INFO C:\Users\vitya\cinema\movies\views.py changed, reloading.
2024-05-23 18:45:39,300 INFO C:\Users\vitya\cinema\movies\views.py changed, reloading.
2024-05-23 18:46:58,454 INFO C:\Users\vitya\cinema\movies\views.py changed, reloading.
2024-05-23 18:47:12,932 INFO C:\Users\vitya\cinema\movies\views.py changed, reloading.
2024-05-23 18:47:55,261 INFO C:\Users\vitya\cinema\movies\views.py changed, reloading.
2024-05-23 18:48:00,733 INFO C:\Users\vitya\cinema\movies\views.py changed, reloading.
2024-05-23 18:48:05,317 INFO C:\Users\vitya\cinema\movies\views.py changed, reloading.
2024-05-23 18:48:06,716 ERROR Internal Server Error: /profile/
Traceback (most recent call last):
  File "C:\Users\vitya\AppData\Local\Programs\Python\Python311\Lib\site-packages\django\core\handlers\exception.py", line 55, in inner
    response = get_response(request)
               ^^^^^^^^^^^^^^^^^^^^^
  File "C:\Users\vitya\AppData\Local\Programs\Python\Python311\Lib\site-packages\django\core\handlers\base.py", line 197, in _get_response
    response = wrapped_callback(request, *callback_args, **callback_kwargs)
               ^^^^^^^^^^^^^^^^^^^^^^^^^^^^^^^^^^^^^^^^^^^^^^^^^^^^^^^^^^^^
  File "C:\Users\vitya\AppData\Local\Programs\Python\Python311\Lib\site-packages\django\contrib\auth\decorators.py", line 23, in _wrapper_view
    return view_func(request, *args, **kwargs)
           ^^^^^^^^^^^^^^^^^^^^^^^^^^^^^^^^^^^
  File "C:\Users\vitya\cinema\movies\views.py", line 130, in profile
    user_tz_context = get_user_time()
                      ^^^^^^^^^^^^^^^
  File "C:\Users\vitya\cinema\movies\views.py", line 119, in get_user_time
    calendar_text = calendar.TextCalendar(
                    ^^^^^^^^^^^^^^^^^^^^^^
TypeError: Calendar.__init__() takes from 1 to 2 positional arguments but 3 were given
2024-05-23 18:48:06,980 ERROR Internal Server Error: /profile/
Traceback (most recent call last):
  File "C:\Users\vitya\AppData\Local\Programs\Python\Python311\Lib\site-packages\django\core\handlers\exception.py", line 55, in inner
    response = get_response(request)
               ^^^^^^^^^^^^^^^^^^^^^
  File "C:\Users\vitya\AppData\Local\Programs\Python\Python311\Lib\site-packages\django\core\handlers\base.py", line 197, in _get_response
    response = wrapped_callback(request, *callback_args, **callback_kwargs)
               ^^^^^^^^^^^^^^^^^^^^^^^^^^^^^^^^^^^^^^^^^^^^^^^^^^^^^^^^^^^^
  File "C:\Users\vitya\AppData\Local\Programs\Python\Python311\Lib\site-packages\django\contrib\auth\decorators.py", line 23, in _wrapper_view
    return view_func(request, *args, **kwargs)
           ^^^^^^^^^^^^^^^^^^^^^^^^^^^^^^^^^^^
  File "C:\Users\vitya\cinema\movies\views.py", line 130, in profile
    user_tz_context = get_user_time()
                      ^^^^^^^^^^^^^^^
  File "C:\Users\vitya\cinema\movies\views.py", line 119, in get_user_time
    calendar_text = calendar.TextCalendar(
                    ^^^^^^^^^^^^^^^^^^^^^^
TypeError: Calendar.__init__() takes from 1 to 2 positional arguments but 3 were given
2024-05-23 18:48:07,255 ERROR Internal Server Error: /profile/
Traceback (most recent call last):
  File "C:\Users\vitya\AppData\Local\Programs\Python\Python311\Lib\site-packages\django\core\handlers\exception.py", line 55, in inner
    response = get_response(request)
               ^^^^^^^^^^^^^^^^^^^^^
  File "C:\Users\vitya\AppData\Local\Programs\Python\Python311\Lib\site-packages\django\core\handlers\base.py", line 197, in _get_response
    response = wrapped_callback(request, *callback_args, **callback_kwargs)
               ^^^^^^^^^^^^^^^^^^^^^^^^^^^^^^^^^^^^^^^^^^^^^^^^^^^^^^^^^^^^
  File "C:\Users\vitya\AppData\Local\Programs\Python\Python311\Lib\site-packages\django\contrib\auth\decorators.py", line 23, in _wrapper_view
    return view_func(request, *args, **kwargs)
           ^^^^^^^^^^^^^^^^^^^^^^^^^^^^^^^^^^^
  File "C:\Users\vitya\cinema\movies\views.py", line 130, in profile
    user_tz_context = get_user_time()
                      ^^^^^^^^^^^^^^^
  File "C:\Users\vitya\cinema\movies\views.py", line 119, in get_user_time
    calendar_text = calendar.TextCalendar(
                    ^^^^^^^^^^^^^^^^^^^^^^
TypeError: Calendar.__init__() takes from 1 to 2 positional arguments but 3 were given
2024-05-23 18:48:13,915 INFO C:\Users\vitya\cinema\movies\views.py changed, reloading.
2024-05-23 18:48:18,732 ERROR Internal Server Error: /profile/
Traceback (most recent call last):
  File "C:\Users\vitya\AppData\Local\Programs\Python\Python311\Lib\site-packages\django\core\handlers\exception.py", line 55, in inner
    response = get_response(request)
               ^^^^^^^^^^^^^^^^^^^^^
  File "C:\Users\vitya\AppData\Local\Programs\Python\Python311\Lib\site-packages\django\core\handlers\base.py", line 197, in _get_response
    response = wrapped_callback(request, *callback_args, **callback_kwargs)
               ^^^^^^^^^^^^^^^^^^^^^^^^^^^^^^^^^^^^^^^^^^^^^^^^^^^^^^^^^^^^
  File "C:\Users\vitya\AppData\Local\Programs\Python\Python311\Lib\site-packages\django\contrib\auth\decorators.py", line 23, in _wrapper_view
    return view_func(request, *args, **kwargs)
           ^^^^^^^^^^^^^^^^^^^^^^^^^^^^^^^^^^^
  File "C:\Users\vitya\cinema\movies\views.py", line 130, in profile
    user_tz_context = get_user_time()
                      ^^^^^^^^^^^^^^^
  File "C:\Users\vitya\cinema\movies\views.py", line 119, in get_user_time
    calendar_text = calendar.TextCalendar(
                    ^^^^^^^^^^^^^^^^^^^^^^
TypeError: Calendar.__init__() takes from 1 to 2 positional arguments but 3 were given
2024-05-23 18:48:19,077 ERROR Internal Server Error: /profile/
Traceback (most recent call last):
  File "C:\Users\vitya\AppData\Local\Programs\Python\Python311\Lib\site-packages\django\core\handlers\exception.py", line 55, in inner
    response = get_response(request)
               ^^^^^^^^^^^^^^^^^^^^^
  File "C:\Users\vitya\AppData\Local\Programs\Python\Python311\Lib\site-packages\django\core\handlers\base.py", line 197, in _get_response
    response = wrapped_callback(request, *callback_args, **callback_kwargs)
               ^^^^^^^^^^^^^^^^^^^^^^^^^^^^^^^^^^^^^^^^^^^^^^^^^^^^^^^^^^^^
  File "C:\Users\vitya\AppData\Local\Programs\Python\Python311\Lib\site-packages\django\contrib\auth\decorators.py", line 23, in _wrapper_view
    return view_func(request, *args, **kwargs)
           ^^^^^^^^^^^^^^^^^^^^^^^^^^^^^^^^^^^
  File "C:\Users\vitya\cinema\movies\views.py", line 130, in profile
    user_tz_context = get_user_time()
                      ^^^^^^^^^^^^^^^
  File "C:\Users\vitya\cinema\movies\views.py", line 119, in get_user_time
    calendar_text = calendar.TextCalendar(
                    ^^^^^^^^^^^^^^^^^^^^^^
TypeError: Calendar.__init__() takes from 1 to 2 positional arguments but 3 were given
2024-05-23 18:48:19,407 ERROR Internal Server Error: /profile/
Traceback (most recent call last):
  File "C:\Users\vitya\AppData\Local\Programs\Python\Python311\Lib\site-packages\django\core\handlers\exception.py", line 55, in inner
    response = get_response(request)
               ^^^^^^^^^^^^^^^^^^^^^
  File "C:\Users\vitya\AppData\Local\Programs\Python\Python311\Lib\site-packages\django\core\handlers\base.py", line 197, in _get_response
    response = wrapped_callback(request, *callback_args, **callback_kwargs)
               ^^^^^^^^^^^^^^^^^^^^^^^^^^^^^^^^^^^^^^^^^^^^^^^^^^^^^^^^^^^^
  File "C:\Users\vitya\AppData\Local\Programs\Python\Python311\Lib\site-packages\django\contrib\auth\decorators.py", line 23, in _wrapper_view
    return view_func(request, *args, **kwargs)
           ^^^^^^^^^^^^^^^^^^^^^^^^^^^^^^^^^^^
  File "C:\Users\vitya\cinema\movies\views.py", line 130, in profile
    user_tz_context = get_user_time()
                      ^^^^^^^^^^^^^^^
  File "C:\Users\vitya\cinema\movies\views.py", line 119, in get_user_time
    calendar_text = calendar.TextCalendar(
                    ^^^^^^^^^^^^^^^^^^^^^^
TypeError: Calendar.__init__() takes from 1 to 2 positional arguments but 3 were given
2024-05-23 18:48:19,724 ERROR Internal Server Error: /profile/
Traceback (most recent call last):
  File "C:\Users\vitya\AppData\Local\Programs\Python\Python311\Lib\site-packages\django\core\handlers\exception.py", line 55, in inner
    response = get_response(request)
               ^^^^^^^^^^^^^^^^^^^^^
  File "C:\Users\vitya\AppData\Local\Programs\Python\Python311\Lib\site-packages\django\core\handlers\base.py", line 197, in _get_response
    response = wrapped_callback(request, *callback_args, **callback_kwargs)
               ^^^^^^^^^^^^^^^^^^^^^^^^^^^^^^^^^^^^^^^^^^^^^^^^^^^^^^^^^^^^
  File "C:\Users\vitya\AppData\Local\Programs\Python\Python311\Lib\site-packages\django\contrib\auth\decorators.py", line 23, in _wrapper_view
    return view_func(request, *args, **kwargs)
           ^^^^^^^^^^^^^^^^^^^^^^^^^^^^^^^^^^^
  File "C:\Users\vitya\cinema\movies\views.py", line 130, in profile
    user_tz_context = get_user_time()
                      ^^^^^^^^^^^^^^^
  File "C:\Users\vitya\cinema\movies\views.py", line 119, in get_user_time
    calendar_text = calendar.TextCalendar(
                    ^^^^^^^^^^^^^^^^^^^^^^
TypeError: Calendar.__init__() takes from 1 to 2 positional arguments but 3 were given
2024-05-23 18:48:19,972 ERROR Internal Server Error: /profile/
Traceback (most recent call last):
  File "C:\Users\vitya\AppData\Local\Programs\Python\Python311\Lib\site-packages\django\core\handlers\exception.py", line 55, in inner
    response = get_response(request)
               ^^^^^^^^^^^^^^^^^^^^^
  File "C:\Users\vitya\AppData\Local\Programs\Python\Python311\Lib\site-packages\django\core\handlers\base.py", line 197, in _get_response
    response = wrapped_callback(request, *callback_args, **callback_kwargs)
               ^^^^^^^^^^^^^^^^^^^^^^^^^^^^^^^^^^^^^^^^^^^^^^^^^^^^^^^^^^^^
  File "C:\Users\vitya\AppData\Local\Programs\Python\Python311\Lib\site-packages\django\contrib\auth\decorators.py", line 23, in _wrapper_view
    return view_func(request, *args, **kwargs)
           ^^^^^^^^^^^^^^^^^^^^^^^^^^^^^^^^^^^
  File "C:\Users\vitya\cinema\movies\views.py", line 130, in profile
    user_tz_context = get_user_time()
                      ^^^^^^^^^^^^^^^
  File "C:\Users\vitya\cinema\movies\views.py", line 119, in get_user_time
    calendar_text = calendar.TextCalendar(
                    ^^^^^^^^^^^^^^^^^^^^^^
TypeError: Calendar.__init__() takes from 1 to 2 positional arguments but 3 were given
2024-05-23 18:48:20,165 ERROR Internal Server Error: /profile/
Traceback (most recent call last):
  File "C:\Users\vitya\AppData\Local\Programs\Python\Python311\Lib\site-packages\django\core\handlers\exception.py", line 55, in inner
    response = get_response(request)
               ^^^^^^^^^^^^^^^^^^^^^
  File "C:\Users\vitya\AppData\Local\Programs\Python\Python311\Lib\site-packages\django\core\handlers\base.py", line 197, in _get_response
    response = wrapped_callback(request, *callback_args, **callback_kwargs)
               ^^^^^^^^^^^^^^^^^^^^^^^^^^^^^^^^^^^^^^^^^^^^^^^^^^^^^^^^^^^^
  File "C:\Users\vitya\AppData\Local\Programs\Python\Python311\Lib\site-packages\django\contrib\auth\decorators.py", line 23, in _wrapper_view
    return view_func(request, *args, **kwargs)
           ^^^^^^^^^^^^^^^^^^^^^^^^^^^^^^^^^^^
  File "C:\Users\vitya\cinema\movies\views.py", line 130, in profile
    user_tz_context = get_user_time()
                      ^^^^^^^^^^^^^^^
  File "C:\Users\vitya\cinema\movies\views.py", line 119, in get_user_time
    calendar_text = calendar.TextCalendar(
                    ^^^^^^^^^^^^^^^^^^^^^^
TypeError: Calendar.__init__() takes from 1 to 2 positional arguments but 3 were given
2024-05-23 18:48:35,375 ERROR Internal Server Error: /profile/
Traceback (most recent call last):
  File "C:\Users\vitya\AppData\Local\Programs\Python\Python311\Lib\site-packages\django\core\handlers\exception.py", line 55, in inner
    response = get_response(request)
               ^^^^^^^^^^^^^^^^^^^^^
  File "C:\Users\vitya\AppData\Local\Programs\Python\Python311\Lib\site-packages\django\core\handlers\base.py", line 197, in _get_response
    response = wrapped_callback(request, *callback_args, **callback_kwargs)
               ^^^^^^^^^^^^^^^^^^^^^^^^^^^^^^^^^^^^^^^^^^^^^^^^^^^^^^^^^^^^
  File "C:\Users\vitya\AppData\Local\Programs\Python\Python311\Lib\site-packages\django\contrib\auth\decorators.py", line 23, in _wrapper_view
    return view_func(request, *args, **kwargs)
           ^^^^^^^^^^^^^^^^^^^^^^^^^^^^^^^^^^^
  File "C:\Users\vitya\cinema\movies\views.py", line 130, in profile
    user_tz_context = get_user_time()
                      ^^^^^^^^^^^^^^^
  File "C:\Users\vitya\cinema\movies\views.py", line 119, in get_user_time
    calendar_text = calendar.month(
                    ^^^^^^^^^^^^^^^
TypeError: Calendar.__init__() takes from 1 to 2 positional arguments but 3 were given
2024-05-23 18:48:35,614 INFO C:\Users\vitya\cinema\movies\views.py changed, reloading.
2024-05-23 18:49:56,948 INFO C:\Users\vitya\cinema\movies\views.py changed, reloading.
2024-05-23 18:49:59,501 INFO C:\Users\vitya\cinema\movies\views.py changed, reloading.
2024-05-23 18:50:48,133 INFO C:\Users\vitya\cinema\movies\views.py changed, reloading.
2024-05-23 18:50:55,749 INFO C:\Users\vitya\cinema\movies\views.py changed, reloading.
2024-05-23 18:50:58,165 INFO C:\Users\vitya\cinema\movies\views.py changed, reloading.
2024-05-23 18:51:00,653 INFO C:\Users\vitya\cinema\movies\views.py changed, reloading.
2024-05-23 18:51:16,529 INFO C:\Users\vitya\cinema\movies\views.py changed, reloading.
2024-05-23 18:51:19,016 INFO C:\Users\vitya\cinema\movies\views.py changed, reloading.
2024-05-23 18:51:53,866 INFO News successful got
2024-05-23 18:52:05,909 INFO News successful got
2024-05-23 18:52:09,207 INFO News successful got
2024-05-23 18:52:24,744 INFO News successful got
2024-05-23 18:52:25,556 INFO News successful got
2024-05-23 18:53:07,250 INFO C:\Users\vitya\cinema\movies\views.py changed, reloading.
2024-05-23 18:53:13,686 INFO C:\Users\vitya\cinema\movies\views.py changed, reloading.
2024-05-23 18:53:16,056 INFO C:\Users\vitya\cinema\movies\views.py changed, reloading.
2024-05-23 18:53:21,598 INFO C:\Users\vitya\cinema\movies\views.py changed, reloading.
2024-05-23 18:53:47,636 INFO C:\Users\vitya\cinema\movies\views.py changed, reloading.
2024-05-23 18:54:03,285 INFO C:\Users\vitya\cinema\movies\views.py changed, reloading.
2024-05-23 18:54:06,679 INFO C:\Users\vitya\cinema\movies\views.py changed, reloading.
2024-05-23 18:54:10,319 INFO C:\Users\vitya\cinema\movies\views.py changed, reloading.
2024-05-23 18:54:15,745 INFO C:\Users\vitya\cinema\movies\views.py changed, reloading.
2024-05-23 18:54:18,220 INFO C:\Users\vitya\cinema\movies\views.py changed, reloading.
2024-05-23 18:54:20,727 INFO C:\Users\vitya\cinema\movies\views.py changed, reloading.
2024-05-23 18:54:23,215 INFO C:\Users\vitya\cinema\movies\views.py changed, reloading.
2024-05-23 18:54:25,602 INFO C:\Users\vitya\cinema\movies\views.py changed, reloading.
2024-05-23 18:54:31,149 INFO C:\Users\vitya\cinema\movies\views.py changed, reloading.
2024-05-23 18:54:44,374 INFO C:\Users\vitya\cinema\movies\views.py changed, reloading.
2024-05-23 18:54:47,787 INFO C:\Users\vitya\cinema\movies\views.py changed, reloading.
2024-05-23 18:55:36,094 INFO C:\Users\vitya\cinema\movies\urls.py changed, reloading.
2024-05-23 18:57:54,842 INFO News successful got
2024-05-23 18:58:24,918 INFO News successful got
2024-05-23 18:58:25,246 INFO News successful got
2024-05-23 18:58:25,462 INFO News successful got
2024-05-23 18:58:25,598 INFO News successful got
2024-05-23 18:58:26,178 INFO News successful got
2024-05-23 18:58:26,482 INFO News successful got
2024-05-23 18:58:28,589 INFO News successful got
2024-05-23 18:58:36,841 INFO News successful got
2024-05-23 18:58:37,900 WARNING Not Found: /news/edit_afisha_item.html
2024-05-23 18:58:42,556 WARNING Not Found: /news/edit_afisha_item.html
2024-05-23 18:58:55,953 WARNING Not Found: /news/edit_afisha_item.html
2024-05-23 18:58:58,502 INFO News successful got
2024-05-23 18:58:58,743 INFO News successful got
2024-05-23 18:58:58,895 INFO News successful got
2024-05-23 18:58:59,343 WARNING Not Found: /news/edit
2024-05-23 18:59:18,132 WARNING Not Found: /news/edit
2024-05-23 18:59:18,148 INFO C:\Users\vitya\cinema\movies\urls.py changed, reloading.
2024-05-23 18:59:19,380 WARNING Not Found: /news/edit
2024-05-23 18:59:36,652 WARNING Not Found: /news/edit
2024-05-23 18:59:36,982 WARNING Not Found: /news/edit
2024-05-23 18:59:37,207 WARNING Not Found: /news/edit
2024-05-23 18:59:37,367 WARNING Not Found: /news/edit
2024-05-23 18:59:37,544 WARNING Not Found: /news/edit
2024-05-23 19:00:30,391 INFO News successful got
2024-05-23 19:00:30,552 INFO News successful got
2024-05-23 19:00:30,696 INFO News successful got
2024-05-23 19:00:59,804 INFO News successful got
2024-05-23 19:01:00,109 INFO News successful got
2024-05-23 19:01:00,399 INFO News successful got
2024-05-23 19:01:00,755 INFO News successful got
2024-05-23 19:01:01,047 INFO News successful got
2024-05-23 19:01:01,255 INFO News successful got
2024-05-23 19:01:01,408 INFO News successful got
2024-05-23 19:01:20,612 INFO C:\Users\vitya\cinema\movies\views.py changed, reloading.
2024-05-23 19:01:25,207 INFO C:\Users\vitya\cinema\movies\views.py changed, reloading.
2024-05-23 19:01:27,629 INFO C:\Users\vitya\cinema\movies\views.py changed, reloading.
2024-05-23 19:01:32,151 INFO C:\Users\vitya\cinema\movies\views.py changed, reloading.
2024-05-23 19:01:36,635 INFO C:\Users\vitya\cinema\movies\views.py changed, reloading.
2024-05-23 19:01:39,105 INFO C:\Users\vitya\cinema\movies\views.py changed, reloading.
2024-05-23 19:01:42,649 INFO C:\Users\vitya\cinema\movies\views.py changed, reloading.
2024-05-23 19:01:48,209 INFO C:\Users\vitya\cinema\movies\views.py changed, reloading.
2024-05-23 19:01:50,708 INFO C:\Users\vitya\cinema\movies\views.py changed, reloading.
2024-05-23 19:01:59,285 INFO C:\Users\vitya\cinema\movies\urls.py changed, reloading.
2024-05-23 19:02:02,723 INFO C:\Users\vitya\cinema\movies\urls.py changed, reloading.
2024-05-23 19:02:06,220 INFO C:\Users\vitya\cinema\movies\urls.py changed, reloading.
2024-05-23 19:02:09,544 INFO C:\Users\vitya\cinema\movies\urls.py changed, reloading.
2024-05-23 19:02:11,898 INFO C:\Users\vitya\cinema\movies\urls.py changed, reloading.
2024-05-23 19:02:17,044 ERROR Internal Server Error: /news/delete
Traceback (most recent call last):
  File "C:\Users\vitya\AppData\Local\Programs\Python\Python311\Lib\site-packages\django\core\handlers\exception.py", line 55, in inner
    response = get_response(request)
               ^^^^^^^^^^^^^^^^^^^^^
  File "C:\Users\vitya\AppData\Local\Programs\Python\Python311\Lib\site-packages\django\core\handlers\base.py", line 197, in _get_response
    response = wrapped_callback(request, *callback_args, **callback_kwargs)
               ^^^^^^^^^^^^^^^^^^^^^^^^^^^^^^^^^^^^^^^^^^^^^^^^^^^^^^^^^^^^
  File "C:\Users\vitya\AppData\Local\Programs\Python\Python311\Lib\site-packages\django\contrib\auth\decorators.py", line 23, in _wrapper_view
    return view_func(request, *args, **kwargs)
           ^^^^^^^^^^^^^^^^^^^^^^^^^^^^^^^^^^^
  File "C:\Users\vitya\AppData\Local\Programs\Python\Python311\Lib\site-packages\django\contrib\auth\decorators.py", line 23, in _wrapper_view
    return view_func(request, *args, **kwargs)
           ^^^^^^^^^^^^^^^^^^^^^^^^^^^^^^^^^^^
  File "C:\Users\vitya\cinema\movies\views.py", line 721, in delete_news_by_id
    news = News.objects.get(id=news_id)
           ^^^^^^^^^^^^^^^^^^^^^^^^^^^^
  File "C:\Users\vitya\AppData\Local\Programs\Python\Python311\Lib\site-packages\django\db\models\manager.py", line 87, in manager_method
    return getattr(self.get_queryset(), name)(*args, **kwargs)
           ^^^^^^^^^^^^^^^^^^^^^^^^^^^^^^^^^^^^^^^^^^^^^^^^^^^
  File "C:\Users\vitya\AppData\Local\Programs\Python\Python311\Lib\site-packages\django\db\models\query.py", line 649, in get
    raise self.model.DoesNotExist(
movies.models.News.DoesNotExist: News matching query does not exist.
2024-05-23 19:03:15,670 INFO News successful got
2024-05-23 19:03:16,789 INFO News successful got
2024-05-23 19:03:18,406 INFO News successful got
2024-05-23 19:03:27,161 INFO C:\Users\vitya\cinema\movies\views.py changed, reloading.
2024-05-23 20:08:10,855 INFO News successful got
2024-05-23 20:08:15,468 INFO News successful got
2024-05-23 20:08:19,980 INFO News successful got
2024-05-23 20:08:31,651 INFO News successful got
2024-05-23 20:08:32,096 INFO News successful got
2024-05-23 20:08:32,290 INFO News successful got
2024-05-23 20:08:32,458 INFO News successful got
2024-05-23 20:08:54,308 INFO News successful got
2024-05-23 20:08:54,847 INFO News successful got
2024-05-23 20:08:55,113 INFO News successful got
2024-05-23 20:08:55,330 INFO News successful got
2024-05-23 20:08:55,602 INFO News successful got
2024-05-23 20:08:55,836 INFO News successful got
2024-05-23 20:08:56,086 INFO News successful got
2024-05-23 20:08:56,348 INFO News successful got
2024-05-23 20:09:06,675 INFO News successful got
2024-05-23 20:09:07,059 INFO News successful got
2024-05-23 20:09:30,287 INFO News successful got
2024-05-23 20:09:30,711 INFO News successful got
2024-05-23 20:09:31,007 INFO News successful got
2024-05-23 20:09:31,248 INFO News successful got
2024-05-23 20:09:31,392 INFO News successful got
2024-05-23 20:09:31,560 INFO News successful got
2024-05-23 20:09:45,813 INFO News successful got
2024-05-23 20:09:46,158 INFO News successful got
2024-05-23 20:09:46,450 INFO News successful got
2024-05-23 20:09:46,723 INFO News successful got
2024-05-23 20:09:46,956 INFO News successful got
2024-05-23 20:09:47,196 INFO News successful got
2024-05-23 20:09:47,420 INFO News successful got
2024-05-23 20:09:47,620 INFO News successful got
2024-05-23 20:09:47,845 INFO News successful got
2024-05-23 20:09:48,057 INFO News successful got
2024-05-23 20:09:48,274 INFO News successful got
2024-05-23 20:09:48,500 INFO News successful got
2024-05-23 20:09:48,959 INFO News successful got
2024-05-23 20:09:49,171 INFO News successful got
2024-05-23 20:09:49,421 INFO News successful got
2024-05-23 20:09:49,631 INFO News successful got
2024-05-23 20:09:49,845 INFO News successful got
2024-05-23 20:09:50,029 INFO News successful got
2024-05-23 20:09:50,229 INFO News successful got
2024-05-23 20:10:26,190 INFO News successful got
2024-05-23 20:10:26,462 INFO News successful got
2024-05-23 20:10:26,726 INFO News successful got
2024-05-23 20:10:26,950 INFO News successful got
2024-05-23 20:10:27,214 INFO News successful got
2024-05-23 20:10:42,883 INFO News successful got
2024-05-23 20:10:43,203 INFO News successful got
2024-05-23 20:10:43,500 INFO News successful got
2024-05-23 20:10:43,812 INFO News successful got
2024-05-23 20:10:44,088 INFO News successful got
2024-05-23 20:10:44,339 INFO News successful got
2024-05-23 20:11:20,630 INFO News successful got
2024-05-23 20:19:09,839 INFO C:\Users\vitya\cinema\movies\views.py changed, reloading.
2024-05-23 20:19:16,584 INFO C:\Users\vitya\cinema\movies\views.py changed, reloading.
2024-05-23 20:21:28,121 ERROR Internal Server Error: /afisha/movies/create
Traceback (most recent call last):
  File "C:\Users\vitya\AppData\Local\Programs\Python\Python311\Lib\site-packages\django\core\handlers\exception.py", line 55, in inner
    response = get_response(request)
               ^^^^^^^^^^^^^^^^^^^^^
  File "C:\Users\vitya\AppData\Local\Programs\Python\Python311\Lib\site-packages\django\core\handlers\base.py", line 197, in _get_response
    response = wrapped_callback(request, *callback_args, **callback_kwargs)
               ^^^^^^^^^^^^^^^^^^^^^^^^^^^^^^^^^^^^^^^^^^^^^^^^^^^^^^^^^^^^
  File "C:\Users\vitya\AppData\Local\Programs\Python\Python311\Lib\site-packages\django\contrib\auth\decorators.py", line 23, in _wrapper_view
    return view_func(request, *args, **kwargs)
           ^^^^^^^^^^^^^^^^^^^^^^^^^^^^^^^^^^^
  File "C:\Users\vitya\AppData\Local\Programs\Python\Python311\Lib\site-packages\django\contrib\auth\decorators.py", line 23, in _wrapper_view
    return view_func(request, *args, **kwargs)
           ^^^^^^^^^^^^^^^^^^^^^^^^^^^^^^^^^^^
  File "C:\Users\vitya\cinema\movies\views.py", line 173, in create_movie
    return redirect(reverse('movies'))
                    ^^^^^^^^^^^^^^^^^
  File "C:\Users\vitya\AppData\Local\Programs\Python\Python311\Lib\site-packages\django\urls\base.py", line 88, in reverse
    return resolver._reverse_with_prefix(view, prefix, *args, **kwargs)
           ^^^^^^^^^^^^^^^^^^^^^^^^^^^^^^^^^^^^^^^^^^^^^^^^^^^^^^^^^^^^
  File "C:\Users\vitya\AppData\Local\Programs\Python\Python311\Lib\site-packages\django\urls\resolvers.py", line 851, in _reverse_with_prefix
    raise NoReverseMatch(msg)
django.urls.exceptions.NoReverseMatch: Reverse for 'movies' not found. 'movies' is not a valid view function or pattern name.
2024-05-23 20:21:51,895 INFO C:\Users\vitya\cinema\movies\views.py changed, reloading.
2024-05-23 20:39:21,868 INFO News successful got
2024-05-23 20:39:23,865 INFO News successful got
2024-05-23 20:39:25,404 INFO News successful got
2024-05-23 20:41:16,169 INFO News successful got
2024-05-23 20:41:35,589 INFO News successful got
2024-05-23 20:42:05,072 INFO News successful got
2024-05-23 20:42:05,424 INFO News successful got
2024-05-23 20:42:05,675 INFO News successful got
2024-05-23 20:42:42,043 INFO News successful got
2024-05-23 20:43:25,183 INFO News successful got
2024-05-23 20:44:08,635 INFO News successful got
2024-05-23 20:44:53,342 INFO News successful got
2024-05-23 20:45:11,592 INFO News successful got
2024-05-23 20:45:18,703 INFO News successful got
2024-05-23 20:45:20,167 INFO News successful got
2024-05-23 20:45:23,861 INFO News successful got
2024-05-23 20:46:10,108 INFO News successful got
2024-05-23 20:46:28,902 INFO News successful got
2024-05-23 20:47:01,965 INFO News successful got
2024-05-23 20:47:33,608 INFO News successful got
2024-05-23 20:48:00,107 INFO News successful got
2024-05-23 20:48:20,670 INFO News successful got
2024-05-23 20:48:55,716 INFO News successful got
2024-05-23 20:50:08,662 INFO News successful got
2024-05-23 20:50:36,577 INFO News successful got
2024-05-23 20:59:13,136 INFO Register success: Username: JohnDoe123
2024-05-23 20:59:18,737 INFO News successful got
2024-05-23 20:59:50,799 INFO News successful got
2024-05-23 21:01:35,842 INFO Register success: Username: MovieFanatic88
2024-05-23 21:03:14,360 INFO Register success: Username: CinemaLover555
2024-05-23 21:05:19,605 INFO Register success: Username: PopcornAddict123
2024-05-23 21:05:36,419 INFO News successful got
2024-05-23 21:05:39,275 INFO News successful got
2024-05-23 21:05:50,909 INFO News successful got
2024-05-23 21:06:19,578 INFO News successful got
2024-05-23 21:08:36,137 INFO Register success: Username: FilmEnthusiast22
2024-05-23 21:10:08,089 INFO Register success: Username: MovieBuff007
2024-05-23 21:11:43,775 INFO Register success: Username: CinemaGoer23
2024-05-23 21:11:49,653 INFO News successful got
2024-05-23 21:13:41,642 INFO Register success: Username: FilmFanatic99
2024-05-23 21:16:15,115 INFO Register success: Username: MovieMania456
2024-05-23 21:18:10,762 INFO Register success: Username: TheaterEnthusiast55
2024-05-23 21:18:15,922 INFO News successful got
2024-05-23 21:18:41,169 INFO News successful got
2024-05-23 21:19:20,529 INFO C:\Users\vitya\cinema\movies\admin.py changed, reloading.
2024-05-23 21:20:11,038 INFO C:\Users\vitya\cinema\movies\models.py changed, reloading.
2024-05-23 21:20:29,926 INFO C:\Users\vitya\cinema\movies\models.py changed, reloading.
2024-05-23 21:20:53,845 INFO C:\Users\vitya\cinema\movies\models.py changed, reloading.
2024-05-23 21:21:04,256 INFO C:\Users\vitya\cinema\movies\models.py changed, reloading.
2024-05-23 21:21:11,609 INFO C:\Users\vitya\cinema\movies\models.py changed, reloading.
2024-05-23 21:21:22,193 INFO C:\Users\vitya\cinema\movies\models.py changed, reloading.
2024-05-23 21:21:24,555 INFO C:\Users\vitya\cinema\movies\models.py changed, reloading.
2024-05-23 21:21:33,033 INFO C:\Users\vitya\cinema\movies\models.py changed, reloading.
2024-05-23 21:21:35,448 INFO C:\Users\vitya\cinema\movies\models.py changed, reloading.
2024-05-23 21:22:08,773 INFO C:\Users\vitya\cinema\movies\models.py changed, reloading.
2024-05-23 21:22:31,432 WARNING Not Found: /פגüרע
2024-05-23 21:23:25,838 INFO C:\Users\vitya\cinema\movies\forms.py changed, reloading.
2024-05-23 21:29:09,368 INFO C:\Users\vitya\cinema\movies\views.py changed, reloading.
2024-05-23 21:29:15,893 INFO C:\Users\vitya\cinema\movies\views.py changed, reloading.
2024-05-23 21:29:29,217 INFO C:\Users\vitya\cinema\movies\views.py changed, reloading.
2024-05-23 21:29:44,683 ERROR Internal Server Error: /contacts/
Traceback (most recent call last):
  File "C:\Users\vitya\AppData\Local\Programs\Python\Python311\Lib\site-packages\django\core\handlers\exception.py", line 55, in inner
    response = get_response(request)
               ^^^^^^^^^^^^^^^^^^^^^
  File "C:\Users\vitya\AppData\Local\Programs\Python\Python311\Lib\site-packages\django\core\handlers\base.py", line 197, in _get_response
    response = wrapped_callback(request, *callback_args, **callback_kwargs)
               ^^^^^^^^^^^^^^^^^^^^^^^^^^^^^^^^^^^^^^^^^^^^^^^^^^^^^^^^^^^^
  File "C:\Users\vitya\cinema\movies\views.py", line 109, in contacts
    staff = [e for e in staff if not staff.is_superuser]
            ^^^^^^^^^^^^^^^^^^^^^^^^^^^^^^^^^^^^^^^^^^^^
  File "C:\Users\vitya\cinema\movies\views.py", line 109, in <listcomp>
    staff = [e for e in staff if not staff.is_superuser]
                                     ^^^^^^^^^^^^^^^^^^
AttributeError: 'QuerySet' object has no attribute 'is_superuser'
2024-05-23 21:29:52,854 INFO C:\Users\vitya\cinema\movies\views.py changed, reloading.
2024-05-23 21:29:54,104 ERROR Internal Server Error: /contacts/
Traceback (most recent call last):
  File "C:\Users\vitya\AppData\Local\Programs\Python\Python311\Lib\site-packages\django\core\handlers\exception.py", line 55, in inner
    response = get_response(request)
               ^^^^^^^^^^^^^^^^^^^^^
  File "C:\Users\vitya\AppData\Local\Programs\Python\Python311\Lib\site-packages\django\core\handlers\base.py", line 197, in _get_response
    response = wrapped_callback(request, *callback_args, **callback_kwargs)
               ^^^^^^^^^^^^^^^^^^^^^^^^^^^^^^^^^^^^^^^^^^^^^^^^^^^^^^^^^^^^
  File "C:\Users\vitya\cinema\movies\views.py", line 109, in contacts
    staff = [e for e in staff if not staff.user.is_superuser]
            ^^^^^^^^^^^^^^^^^^^^^^^^^^^^^^^^^^^^^^^^^^^^^^^^^
  File "C:\Users\vitya\cinema\movies\views.py", line 109, in <listcomp>
    staff = [e for e in staff if not staff.user.is_superuser]
                                     ^^^^^^^^^^
AttributeError: 'QuerySet' object has no attribute 'user'
2024-05-23 21:29:54,669 ERROR Internal Server Error: /contacts/
Traceback (most recent call last):
  File "C:\Users\vitya\AppData\Local\Programs\Python\Python311\Lib\site-packages\django\core\handlers\exception.py", line 55, in inner
    response = get_response(request)
               ^^^^^^^^^^^^^^^^^^^^^
  File "C:\Users\vitya\AppData\Local\Programs\Python\Python311\Lib\site-packages\django\core\handlers\base.py", line 197, in _get_response
    response = wrapped_callback(request, *callback_args, **callback_kwargs)
               ^^^^^^^^^^^^^^^^^^^^^^^^^^^^^^^^^^^^^^^^^^^^^^^^^^^^^^^^^^^^
  File "C:\Users\vitya\cinema\movies\views.py", line 109, in contacts
    staff = [e for e in staff if not staff.user.is_superuser]
            ^^^^^^^^^^^^^^^^^^^^^^^^^^^^^^^^^^^^^^^^^^^^^^^^^
  File "C:\Users\vitya\cinema\movies\views.py", line 109, in <listcomp>
    staff = [e for e in staff if not staff.user.is_superuser]
                                     ^^^^^^^^^^
AttributeError: 'QuerySet' object has no attribute 'user'
2024-05-23 21:29:55,012 ERROR Internal Server Error: /contacts/
Traceback (most recent call last):
  File "C:\Users\vitya\AppData\Local\Programs\Python\Python311\Lib\site-packages\django\core\handlers\exception.py", line 55, in inner
    response = get_response(request)
               ^^^^^^^^^^^^^^^^^^^^^
  File "C:\Users\vitya\AppData\Local\Programs\Python\Python311\Lib\site-packages\django\core\handlers\base.py", line 197, in _get_response
    response = wrapped_callback(request, *callback_args, **callback_kwargs)
               ^^^^^^^^^^^^^^^^^^^^^^^^^^^^^^^^^^^^^^^^^^^^^^^^^^^^^^^^^^^^
  File "C:\Users\vitya\cinema\movies\views.py", line 109, in contacts
    staff = [e for e in staff if not staff.user.is_superuser]
            ^^^^^^^^^^^^^^^^^^^^^^^^^^^^^^^^^^^^^^^^^^^^^^^^^
  File "C:\Users\vitya\cinema\movies\views.py", line 109, in <listcomp>
    staff = [e for e in staff if not staff.user.is_superuser]
                                     ^^^^^^^^^^
AttributeError: 'QuerySet' object has no attribute 'user'
2024-05-23 21:29:55,388 ERROR Internal Server Error: /contacts/
Traceback (most recent call last):
  File "C:\Users\vitya\AppData\Local\Programs\Python\Python311\Lib\site-packages\django\core\handlers\exception.py", line 55, in inner
    response = get_response(request)
               ^^^^^^^^^^^^^^^^^^^^^
  File "C:\Users\vitya\AppData\Local\Programs\Python\Python311\Lib\site-packages\django\core\handlers\base.py", line 197, in _get_response
    response = wrapped_callback(request, *callback_args, **callback_kwargs)
               ^^^^^^^^^^^^^^^^^^^^^^^^^^^^^^^^^^^^^^^^^^^^^^^^^^^^^^^^^^^^
  File "C:\Users\vitya\cinema\movies\views.py", line 109, in contacts
    staff = [e for e in staff if not staff.user.is_superuser]
            ^^^^^^^^^^^^^^^^^^^^^^^^^^^^^^^^^^^^^^^^^^^^^^^^^
  File "C:\Users\vitya\cinema\movies\views.py", line 109, in <listcomp>
    staff = [e for e in staff if not staff.user.is_superuser]
                                     ^^^^^^^^^^
AttributeError: 'QuerySet' object has no attribute 'user'
2024-05-23 21:29:55,583 ERROR Internal Server Error: /contacts/
Traceback (most recent call last):
  File "C:\Users\vitya\AppData\Local\Programs\Python\Python311\Lib\site-packages\django\core\handlers\exception.py", line 55, in inner
    response = get_response(request)
               ^^^^^^^^^^^^^^^^^^^^^
  File "C:\Users\vitya\AppData\Local\Programs\Python\Python311\Lib\site-packages\django\core\handlers\base.py", line 197, in _get_response
    response = wrapped_callback(request, *callback_args, **callback_kwargs)
               ^^^^^^^^^^^^^^^^^^^^^^^^^^^^^^^^^^^^^^^^^^^^^^^^^^^^^^^^^^^^
  File "C:\Users\vitya\cinema\movies\views.py", line 109, in contacts
    staff = [e for e in staff if not staff.user.is_superuser]
            ^^^^^^^^^^^^^^^^^^^^^^^^^^^^^^^^^^^^^^^^^^^^^^^^^
  File "C:\Users\vitya\cinema\movies\views.py", line 109, in <listcomp>
    staff = [e for e in staff if not staff.user.is_superuser]
                                     ^^^^^^^^^^
AttributeError: 'QuerySet' object has no attribute 'user'
2024-05-23 21:29:55,767 ERROR Internal Server Error: /contacts/
Traceback (most recent call last):
  File "C:\Users\vitya\AppData\Local\Programs\Python\Python311\Lib\site-packages\django\core\handlers\exception.py", line 55, in inner
    response = get_response(request)
               ^^^^^^^^^^^^^^^^^^^^^
  File "C:\Users\vitya\AppData\Local\Programs\Python\Python311\Lib\site-packages\django\core\handlers\base.py", line 197, in _get_response
    response = wrapped_callback(request, *callback_args, **callback_kwargs)
               ^^^^^^^^^^^^^^^^^^^^^^^^^^^^^^^^^^^^^^^^^^^^^^^^^^^^^^^^^^^^
  File "C:\Users\vitya\cinema\movies\views.py", line 109, in contacts
    staff = [e for e in staff if not staff.user.is_superuser]
            ^^^^^^^^^^^^^^^^^^^^^^^^^^^^^^^^^^^^^^^^^^^^^^^^^
  File "C:\Users\vitya\cinema\movies\views.py", line 109, in <listcomp>
    staff = [e for e in staff if not staff.user.is_superuser]
                                     ^^^^^^^^^^
AttributeError: 'QuerySet' object has no attribute 'user'
2024-05-23 21:29:55,957 ERROR Internal Server Error: /contacts/
Traceback (most recent call last):
  File "C:\Users\vitya\AppData\Local\Programs\Python\Python311\Lib\site-packages\django\core\handlers\exception.py", line 55, in inner
    response = get_response(request)
               ^^^^^^^^^^^^^^^^^^^^^
  File "C:\Users\vitya\AppData\Local\Programs\Python\Python311\Lib\site-packages\django\core\handlers\base.py", line 197, in _get_response
    response = wrapped_callback(request, *callback_args, **callback_kwargs)
               ^^^^^^^^^^^^^^^^^^^^^^^^^^^^^^^^^^^^^^^^^^^^^^^^^^^^^^^^^^^^
  File "C:\Users\vitya\cinema\movies\views.py", line 109, in contacts
    staff = [e for e in staff if not staff.user.is_superuser]
            ^^^^^^^^^^^^^^^^^^^^^^^^^^^^^^^^^^^^^^^^^^^^^^^^^
  File "C:\Users\vitya\cinema\movies\views.py", line 109, in <listcomp>
    staff = [e for e in staff if not staff.user.is_superuser]
                                     ^^^^^^^^^^
AttributeError: 'QuerySet' object has no attribute 'user'
2024-05-23 21:30:03,382 INFO C:\Users\vitya\cinema\movies\views.py changed, reloading.
2024-05-23 21:30:08,697 INFO C:\Users\vitya\cinema\movies\views.py changed, reloading.
2024-05-23 21:30:12,231 INFO C:\Users\vitya\cinema\movies\views.py changed, reloading.
2024-05-23 21:30:15,846 ERROR Internal Server Error: /contacts/
Traceback (most recent call last):
  File "C:\Users\vitya\AppData\Local\Programs\Python\Python311\Lib\site-packages\django\core\handlers\exception.py", line 55, in inner
    response = get_response(request)
               ^^^^^^^^^^^^^^^^^^^^^
  File "C:\Users\vitya\AppData\Local\Programs\Python\Python311\Lib\site-packages\django\core\handlers\base.py", line 197, in _get_response
    response = wrapped_callback(request, *callback_args, **callback_kwargs)
               ^^^^^^^^^^^^^^^^^^^^^^^^^^^^^^^^^^^^^^^^^^^^^^^^^^^^^^^^^^^^
  File "C:\Users\vitya\cinema\movies\views.py", line 108, in contacts
    staff = Employee.objects.all().filter(is_superuser=False)
            ^^^^^^^^^^^^^^^^^^^^^^^^^^^^^^^^^^^^^^^^^^^^^^^^^
  File "C:\Users\vitya\AppData\Local\Programs\Python\Python311\Lib\site-packages\django\db\models\query.py", line 1476, in filter
    return self._filter_or_exclude(False, args, kwargs)
           ^^^^^^^^^^^^^^^^^^^^^^^^^^^^^^^^^^^^^^^^^^^^
  File "C:\Users\vitya\AppData\Local\Programs\Python\Python311\Lib\site-packages\django\db\models\query.py", line 1494, in _filter_or_exclude
    clone._filter_or_exclude_inplace(negate, args, kwargs)
  File "C:\Users\vitya\AppData\Local\Programs\Python\Python311\Lib\site-packages\django\db\models\query.py", line 1501, in _filter_or_exclude_inplace
    self._query.add_q(Q(*args, **kwargs))
  File "C:\Users\vitya\AppData\Local\Programs\Python\Python311\Lib\site-packages\django\db\models\sql\query.py", line 1613, in add_q
    clause, _ = self._add_q(q_object, self.used_aliases)
                ^^^^^^^^^^^^^^^^^^^^^^^^^^^^^^^^^^^^^^^^
  File "C:\Users\vitya\AppData\Local\Programs\Python\Python311\Lib\site-packages\django\db\models\sql\query.py", line 1645, in _add_q
    child_clause, needed_inner = self.build_filter(
                                 ^^^^^^^^^^^^^^^^^^
  File "C:\Users\vitya\AppData\Local\Programs\Python\Python311\Lib\site-packages\django\db\models\sql\query.py", line 1495, in build_filter
    lookups, parts, reffed_expression = self.solve_lookup_type(arg, summarize)
                                        ^^^^^^^^^^^^^^^^^^^^^^^^^^^^^^^^^^^^^^
  File "C:\Users\vitya\AppData\Local\Programs\Python\Python311\Lib\site-packages\django\db\models\sql\query.py", line 1307, in solve_lookup_type
    _, field, _, lookup_parts = self.names_to_path(lookup_splitted, self.get_meta())
                                ^^^^^^^^^^^^^^^^^^^^^^^^^^^^^^^^^^^^^^^^^^^^^^^^^^^^
  File "C:\Users\vitya\AppData\Local\Programs\Python\Python311\Lib\site-packages\django\db\models\sql\query.py", line 1772, in names_to_path
    raise FieldError(
django.core.exceptions.FieldError: Cannot resolve keyword 'is_superuser' into field. Choices are: position, ticket, user, user_id
2024-05-23 21:30:16,280 ERROR Internal Server Error: /contacts/
Traceback (most recent call last):
  File "C:\Users\vitya\AppData\Local\Programs\Python\Python311\Lib\site-packages\django\core\handlers\exception.py", line 55, in inner
    response = get_response(request)
               ^^^^^^^^^^^^^^^^^^^^^
  File "C:\Users\vitya\AppData\Local\Programs\Python\Python311\Lib\site-packages\django\core\handlers\base.py", line 197, in _get_response
    response = wrapped_callback(request, *callback_args, **callback_kwargs)
               ^^^^^^^^^^^^^^^^^^^^^^^^^^^^^^^^^^^^^^^^^^^^^^^^^^^^^^^^^^^^
  File "C:\Users\vitya\cinema\movies\views.py", line 108, in contacts
    staff = Employee.objects.all().filter(is_superuser=False)
            ^^^^^^^^^^^^^^^^^^^^^^^^^^^^^^^^^^^^^^^^^^^^^^^^^
  File "C:\Users\vitya\AppData\Local\Programs\Python\Python311\Lib\site-packages\django\db\models\query.py", line 1476, in filter
    return self._filter_or_exclude(False, args, kwargs)
           ^^^^^^^^^^^^^^^^^^^^^^^^^^^^^^^^^^^^^^^^^^^^
  File "C:\Users\vitya\AppData\Local\Programs\Python\Python311\Lib\site-packages\django\db\models\query.py", line 1494, in _filter_or_exclude
    clone._filter_or_exclude_inplace(negate, args, kwargs)
  File "C:\Users\vitya\AppData\Local\Programs\Python\Python311\Lib\site-packages\django\db\models\query.py", line 1501, in _filter_or_exclude_inplace
    self._query.add_q(Q(*args, **kwargs))
  File "C:\Users\vitya\AppData\Local\Programs\Python\Python311\Lib\site-packages\django\db\models\sql\query.py", line 1613, in add_q
    clause, _ = self._add_q(q_object, self.used_aliases)
                ^^^^^^^^^^^^^^^^^^^^^^^^^^^^^^^^^^^^^^^^
  File "C:\Users\vitya\AppData\Local\Programs\Python\Python311\Lib\site-packages\django\db\models\sql\query.py", line 1645, in _add_q
    child_clause, needed_inner = self.build_filter(
                                 ^^^^^^^^^^^^^^^^^^
  File "C:\Users\vitya\AppData\Local\Programs\Python\Python311\Lib\site-packages\django\db\models\sql\query.py", line 1495, in build_filter
    lookups, parts, reffed_expression = self.solve_lookup_type(arg, summarize)
                                        ^^^^^^^^^^^^^^^^^^^^^^^^^^^^^^^^^^^^^^
  File "C:\Users\vitya\AppData\Local\Programs\Python\Python311\Lib\site-packages\django\db\models\sql\query.py", line 1307, in solve_lookup_type
    _, field, _, lookup_parts = self.names_to_path(lookup_splitted, self.get_meta())
                                ^^^^^^^^^^^^^^^^^^^^^^^^^^^^^^^^^^^^^^^^^^^^^^^^^^^^
  File "C:\Users\vitya\AppData\Local\Programs\Python\Python311\Lib\site-packages\django\db\models\sql\query.py", line 1772, in names_to_path
    raise FieldError(
django.core.exceptions.FieldError: Cannot resolve keyword 'is_superuser' into field. Choices are: position, ticket, user, user_id
2024-05-23 21:30:16,552 ERROR Internal Server Error: /contacts/
Traceback (most recent call last):
  File "C:\Users\vitya\AppData\Local\Programs\Python\Python311\Lib\site-packages\django\core\handlers\exception.py", line 55, in inner
    response = get_response(request)
               ^^^^^^^^^^^^^^^^^^^^^
  File "C:\Users\vitya\AppData\Local\Programs\Python\Python311\Lib\site-packages\django\core\handlers\base.py", line 197, in _get_response
    response = wrapped_callback(request, *callback_args, **callback_kwargs)
               ^^^^^^^^^^^^^^^^^^^^^^^^^^^^^^^^^^^^^^^^^^^^^^^^^^^^^^^^^^^^
  File "C:\Users\vitya\cinema\movies\views.py", line 108, in contacts
    staff = Employee.objects.all().filter(is_superuser=False)
            ^^^^^^^^^^^^^^^^^^^^^^^^^^^^^^^^^^^^^^^^^^^^^^^^^
  File "C:\Users\vitya\AppData\Local\Programs\Python\Python311\Lib\site-packages\django\db\models\query.py", line 1476, in filter
    return self._filter_or_exclude(False, args, kwargs)
           ^^^^^^^^^^^^^^^^^^^^^^^^^^^^^^^^^^^^^^^^^^^^
  File "C:\Users\vitya\AppData\Local\Programs\Python\Python311\Lib\site-packages\django\db\models\query.py", line 1494, in _filter_or_exclude
    clone._filter_or_exclude_inplace(negate, args, kwargs)
  File "C:\Users\vitya\AppData\Local\Programs\Python\Python311\Lib\site-packages\django\db\models\query.py", line 1501, in _filter_or_exclude_inplace
    self._query.add_q(Q(*args, **kwargs))
  File "C:\Users\vitya\AppData\Local\Programs\Python\Python311\Lib\site-packages\django\db\models\sql\query.py", line 1613, in add_q
    clause, _ = self._add_q(q_object, self.used_aliases)
                ^^^^^^^^^^^^^^^^^^^^^^^^^^^^^^^^^^^^^^^^
  File "C:\Users\vitya\AppData\Local\Programs\Python\Python311\Lib\site-packages\django\db\models\sql\query.py", line 1645, in _add_q
    child_clause, needed_inner = self.build_filter(
                                 ^^^^^^^^^^^^^^^^^^
  File "C:\Users\vitya\AppData\Local\Programs\Python\Python311\Lib\site-packages\django\db\models\sql\query.py", line 1495, in build_filter
    lookups, parts, reffed_expression = self.solve_lookup_type(arg, summarize)
                                        ^^^^^^^^^^^^^^^^^^^^^^^^^^^^^^^^^^^^^^
  File "C:\Users\vitya\AppData\Local\Programs\Python\Python311\Lib\site-packages\django\db\models\sql\query.py", line 1307, in solve_lookup_type
    _, field, _, lookup_parts = self.names_to_path(lookup_splitted, self.get_meta())
                                ^^^^^^^^^^^^^^^^^^^^^^^^^^^^^^^^^^^^^^^^^^^^^^^^^^^^
  File "C:\Users\vitya\AppData\Local\Programs\Python\Python311\Lib\site-packages\django\db\models\sql\query.py", line 1772, in names_to_path
    raise FieldError(
django.core.exceptions.FieldError: Cannot resolve keyword 'is_superuser' into field. Choices are: position, ticket, user, user_id
2024-05-23 21:30:16,731 ERROR Internal Server Error: /contacts/
Traceback (most recent call last):
  File "C:\Users\vitya\AppData\Local\Programs\Python\Python311\Lib\site-packages\django\core\handlers\exception.py", line 55, in inner
    response = get_response(request)
               ^^^^^^^^^^^^^^^^^^^^^
  File "C:\Users\vitya\AppData\Local\Programs\Python\Python311\Lib\site-packages\django\core\handlers\base.py", line 197, in _get_response
    response = wrapped_callback(request, *callback_args, **callback_kwargs)
               ^^^^^^^^^^^^^^^^^^^^^^^^^^^^^^^^^^^^^^^^^^^^^^^^^^^^^^^^^^^^
  File "C:\Users\vitya\cinema\movies\views.py", line 108, in contacts
    staff = Employee.objects.all().filter(is_superuser=False)
            ^^^^^^^^^^^^^^^^^^^^^^^^^^^^^^^^^^^^^^^^^^^^^^^^^
  File "C:\Users\vitya\AppData\Local\Programs\Python\Python311\Lib\site-packages\django\db\models\query.py", line 1476, in filter
    return self._filter_or_exclude(False, args, kwargs)
           ^^^^^^^^^^^^^^^^^^^^^^^^^^^^^^^^^^^^^^^^^^^^
  File "C:\Users\vitya\AppData\Local\Programs\Python\Python311\Lib\site-packages\django\db\models\query.py", line 1494, in _filter_or_exclude
    clone._filter_or_exclude_inplace(negate, args, kwargs)
  File "C:\Users\vitya\AppData\Local\Programs\Python\Python311\Lib\site-packages\django\db\models\query.py", line 1501, in _filter_or_exclude_inplace
    self._query.add_q(Q(*args, **kwargs))
  File "C:\Users\vitya\AppData\Local\Programs\Python\Python311\Lib\site-packages\django\db\models\sql\query.py", line 1613, in add_q
    clause, _ = self._add_q(q_object, self.used_aliases)
                ^^^^^^^^^^^^^^^^^^^^^^^^^^^^^^^^^^^^^^^^
  File "C:\Users\vitya\AppData\Local\Programs\Python\Python311\Lib\site-packages\django\db\models\sql\query.py", line 1645, in _add_q
    child_clause, needed_inner = self.build_filter(
                                 ^^^^^^^^^^^^^^^^^^
  File "C:\Users\vitya\AppData\Local\Programs\Python\Python311\Lib\site-packages\django\db\models\sql\query.py", line 1495, in build_filter
    lookups, parts, reffed_expression = self.solve_lookup_type(arg, summarize)
                                        ^^^^^^^^^^^^^^^^^^^^^^^^^^^^^^^^^^^^^^
  File "C:\Users\vitya\AppData\Local\Programs\Python\Python311\Lib\site-packages\django\db\models\sql\query.py", line 1307, in solve_lookup_type
    _, field, _, lookup_parts = self.names_to_path(lookup_splitted, self.get_meta())
                                ^^^^^^^^^^^^^^^^^^^^^^^^^^^^^^^^^^^^^^^^^^^^^^^^^^^^
  File "C:\Users\vitya\AppData\Local\Programs\Python\Python311\Lib\site-packages\django\db\models\sql\query.py", line 1772, in names_to_path
    raise FieldError(
django.core.exceptions.FieldError: Cannot resolve keyword 'is_superuser' into field. Choices are: position, ticket, user, user_id
2024-05-23 21:30:16,869 ERROR Internal Server Error: /contacts/
Traceback (most recent call last):
  File "C:\Users\vitya\AppData\Local\Programs\Python\Python311\Lib\site-packages\django\core\handlers\exception.py", line 55, in inner
    response = get_response(request)
               ^^^^^^^^^^^^^^^^^^^^^
  File "C:\Users\vitya\AppData\Local\Programs\Python\Python311\Lib\site-packages\django\core\handlers\base.py", line 197, in _get_response
    response = wrapped_callback(request, *callback_args, **callback_kwargs)
               ^^^^^^^^^^^^^^^^^^^^^^^^^^^^^^^^^^^^^^^^^^^^^^^^^^^^^^^^^^^^
  File "C:\Users\vitya\cinema\movies\views.py", line 108, in contacts
    staff = Employee.objects.all().filter(is_superuser=False)
            ^^^^^^^^^^^^^^^^^^^^^^^^^^^^^^^^^^^^^^^^^^^^^^^^^
  File "C:\Users\vitya\AppData\Local\Programs\Python\Python311\Lib\site-packages\django\db\models\query.py", line 1476, in filter
    return self._filter_or_exclude(False, args, kwargs)
           ^^^^^^^^^^^^^^^^^^^^^^^^^^^^^^^^^^^^^^^^^^^^
  File "C:\Users\vitya\AppData\Local\Programs\Python\Python311\Lib\site-packages\django\db\models\query.py", line 1494, in _filter_or_exclude
    clone._filter_or_exclude_inplace(negate, args, kwargs)
  File "C:\Users\vitya\AppData\Local\Programs\Python\Python311\Lib\site-packages\django\db\models\query.py", line 1501, in _filter_or_exclude_inplace
    self._query.add_q(Q(*args, **kwargs))
  File "C:\Users\vitya\AppData\Local\Programs\Python\Python311\Lib\site-packages\django\db\models\sql\query.py", line 1613, in add_q
    clause, _ = self._add_q(q_object, self.used_aliases)
                ^^^^^^^^^^^^^^^^^^^^^^^^^^^^^^^^^^^^^^^^
  File "C:\Users\vitya\AppData\Local\Programs\Python\Python311\Lib\site-packages\django\db\models\sql\query.py", line 1645, in _add_q
    child_clause, needed_inner = self.build_filter(
                                 ^^^^^^^^^^^^^^^^^^
  File "C:\Users\vitya\AppData\Local\Programs\Python\Python311\Lib\site-packages\django\db\models\sql\query.py", line 1495, in build_filter
    lookups, parts, reffed_expression = self.solve_lookup_type(arg, summarize)
                                        ^^^^^^^^^^^^^^^^^^^^^^^^^^^^^^^^^^^^^^
  File "C:\Users\vitya\AppData\Local\Programs\Python\Python311\Lib\site-packages\django\db\models\sql\query.py", line 1307, in solve_lookup_type
    _, field, _, lookup_parts = self.names_to_path(lookup_splitted, self.get_meta())
                                ^^^^^^^^^^^^^^^^^^^^^^^^^^^^^^^^^^^^^^^^^^^^^^^^^^^^
  File "C:\Users\vitya\AppData\Local\Programs\Python\Python311\Lib\site-packages\django\db\models\sql\query.py", line 1772, in names_to_path
    raise FieldError(
django.core.exceptions.FieldError: Cannot resolve keyword 'is_superuser' into field. Choices are: position, ticket, user, user_id
2024-05-23 21:30:24,712 INFO C:\Users\vitya\cinema\movies\views.py changed, reloading.
2024-05-23 21:36:09,482 INFO Register success: Username: janesmith
2024-05-23 21:40:28,516 ERROR Internal Server Error: /profile/
Traceback (most recent call last):
  File "C:\Users\vitya\AppData\Local\Programs\Python\Python311\Lib\site-packages\django\core\handlers\exception.py", line 55, in inner
    response = get_response(request)
               ^^^^^^^^^^^^^^^^^^^^^
  File "C:\Users\vitya\AppData\Local\Programs\Python\Python311\Lib\site-packages\django\core\handlers\base.py", line 197, in _get_response
    response = wrapped_callback(request, *callback_args, **callback_kwargs)
               ^^^^^^^^^^^^^^^^^^^^^^^^^^^^^^^^^^^^^^^^^^^^^^^^^^^^^^^^^^^^
  File "C:\Users\vitya\AppData\Local\Programs\Python\Python311\Lib\site-packages\django\contrib\auth\decorators.py", line 23, in _wrapper_view
    return view_func(request, *args, **kwargs)
           ^^^^^^^^^^^^^^^^^^^^^^^^^^^^^^^^^^^
  File "C:\Users\vitya\cinema\movies\views.py", line 134, in profile
    return render(request, 'profile.html', { 'tickets' : tickets } | user_tz_context)
           ^^^^^^^^^^^^^^^^^^^^^^^^^^^^^^^^^^^^^^^^^^^^^^^^^^^^^^^^^^^^^^^^^^^^^^^^^^
  File "C:\Users\vitya\AppData\Local\Programs\Python\Python311\Lib\site-packages\django\shortcuts.py", line 25, in render
    content = loader.render_to_string(template_name, context, request, using=using)
              ^^^^^^^^^^^^^^^^^^^^^^^^^^^^^^^^^^^^^^^^^^^^^^^^^^^^^^^^^^^^^^^^^^^^^
  File "C:\Users\vitya\AppData\Local\Programs\Python\Python311\Lib\site-packages\django\template\loader.py", line 61, in render_to_string
    template = get_template(template_name, using=using)
               ^^^^^^^^^^^^^^^^^^^^^^^^^^^^^^^^^^^^^^^^
  File "C:\Users\vitya\AppData\Local\Programs\Python\Python311\Lib\site-packages\django\template\loader.py", line 15, in get_template
    return engine.get_template(template_name)
           ^^^^^^^^^^^^^^^^^^^^^^^^^^^^^^^^^^
  File "C:\Users\vitya\AppData\Local\Programs\Python\Python311\Lib\site-packages\django\template\backends\django.py", line 33, in get_template
    return Template(self.engine.get_template(template_name), self)
                    ^^^^^^^^^^^^^^^^^^^^^^^^^^^^^^^^^^^^^^^
  File "C:\Users\vitya\AppData\Local\Programs\Python\Python311\Lib\site-packages\django\template\engine.py", line 177, in get_template
    template, origin = self.find_template(template_name)
                       ^^^^^^^^^^^^^^^^^^^^^^^^^^^^^^^^^
  File "C:\Users\vitya\AppData\Local\Programs\Python\Python311\Lib\site-packages\django\template\engine.py", line 159, in find_template
    template = loader.get_template(name, skip=skip)
               ^^^^^^^^^^^^^^^^^^^^^^^^^^^^^^^^^^^^
  File "C:\Users\vitya\AppData\Local\Programs\Python\Python311\Lib\site-packages\django\template\loaders\cached.py", line 57, in get_template
    template = super().get_template(template_name, skip)
               ^^^^^^^^^^^^^^^^^^^^^^^^^^^^^^^^^^^^^^^^^
  File "C:\Users\vitya\AppData\Local\Programs\Python\Python311\Lib\site-packages\django\template\loaders\base.py", line 28, in get_template
    return Template(
           ^^^^^^^^^
  File "C:\Users\vitya\AppData\Local\Programs\Python\Python311\Lib\site-packages\django\template\base.py", line 154, in __init__
    self.nodelist = self.compile_nodelist()
                    ^^^^^^^^^^^^^^^^^^^^^^^
  File "C:\Users\vitya\AppData\Local\Programs\Python\Python311\Lib\site-packages\django\template\base.py", line 196, in compile_nodelist
    return parser.parse()
           ^^^^^^^^^^^^^^
  File "C:\Users\vitya\AppData\Local\Programs\Python\Python311\Lib\site-packages\django\template\base.py", line 510, in parse
    raise self.error(token, e)
  File "C:\Users\vitya\AppData\Local\Programs\Python\Python311\Lib\site-packages\django\template\base.py", line 508, in parse
    compiled_result = compile_func(self, token)
                      ^^^^^^^^^^^^^^^^^^^^^^^^^
  File "C:\Users\vitya\AppData\Local\Programs\Python\Python311\Lib\site-packages\django\template\loader_tags.py", line 295, in do_extends
    nodelist = parser.parse()
               ^^^^^^^^^^^^^^
  File "C:\Users\vitya\AppData\Local\Programs\Python\Python311\Lib\site-packages\django\template\base.py", line 510, in parse
    raise self.error(token, e)
  File "C:\Users\vitya\AppData\Local\Programs\Python\Python311\Lib\site-packages\django\template\base.py", line 508, in parse
    compiled_result = compile_func(self, token)
                      ^^^^^^^^^^^^^^^^^^^^^^^^^
  File "C:\Users\vitya\AppData\Local\Programs\Python\Python311\Lib\site-packages\django\template\loader_tags.py", line 234, in do_block
    nodelist = parser.parse(("endblock",))
               ^^^^^^^^^^^^^^^^^^^^^^^^^^^
  File "C:\Users\vitya\AppData\Local\Programs\Python\Python311\Lib\site-packages\django\template\base.py", line 510, in parse
    raise self.error(token, e)
  File "C:\Users\vitya\AppData\Local\Programs\Python\Python311\Lib\site-packages\django\template\base.py", line 508, in parse
    compiled_result = compile_func(self, token)
                      ^^^^^^^^^^^^^^^^^^^^^^^^^
  File "C:\Users\vitya\AppData\Local\Programs\Python\Python311\Lib\site-packages\django\template\defaulttags.py", line 861, in do_for
    nodelist_loop = parser.parse(
                    ^^^^^^^^^^^^^
  File "C:\Users\vitya\AppData\Local\Programs\Python\Python311\Lib\site-packages\django\template\base.py", line 510, in parse
    raise self.error(token, e)
  File "C:\Users\vitya\AppData\Local\Programs\Python\Python311\Lib\site-packages\django\template\base.py", line 508, in parse
    compiled_result = compile_func(self, token)
                      ^^^^^^^^^^^^^^^^^^^^^^^^^
  File "C:\Users\vitya\AppData\Local\Programs\Python\Python311\Lib\site-packages\django\template\defaulttags.py", line 961, in do_if
    nodelist = parser.parse(("elif", "else", "endif"))
               ^^^^^^^^^^^^^^^^^^^^^^^^^^^^^^^^^^^^^^^
  File "C:\Users\vitya\AppData\Local\Programs\Python\Python311\Lib\site-packages\django\template\base.py", line 481, in parse
    raise self.error(token, e)
  File "C:\Users\vitya\AppData\Local\Programs\Python\Python311\Lib\site-packages\django\template\base.py", line 479, in parse
    filter_expression = self.compile_filter(token.contents)
                        ^^^^^^^^^^^^^^^^^^^^^^^^^^^^^^^^^^^
  File "C:\Users\vitya\AppData\Local\Programs\Python\Python311\Lib\site-packages\django\template\base.py", line 597, in compile_filter
    return FilterExpression(token, self)
           ^^^^^^^^^^^^^^^^^^^^^^^^^^^^^
  File "C:\Users\vitya\AppData\Local\Programs\Python\Python311\Lib\site-packages\django\template\base.py", line 698, in __init__
    raise TemplateSyntaxError(
django.template.exceptions.TemplateSyntaxError: Could not parse the remainder: ' * 100' from 'ticket.coupon.discount * 100'
2024-05-23 21:40:28,791 ERROR Internal Server Error: /profile/
Traceback (most recent call last):
  File "C:\Users\vitya\AppData\Local\Programs\Python\Python311\Lib\site-packages\django\core\handlers\exception.py", line 55, in inner
    response = get_response(request)
               ^^^^^^^^^^^^^^^^^^^^^
  File "C:\Users\vitya\AppData\Local\Programs\Python\Python311\Lib\site-packages\django\core\handlers\base.py", line 197, in _get_response
    response = wrapped_callback(request, *callback_args, **callback_kwargs)
               ^^^^^^^^^^^^^^^^^^^^^^^^^^^^^^^^^^^^^^^^^^^^^^^^^^^^^^^^^^^^
  File "C:\Users\vitya\AppData\Local\Programs\Python\Python311\Lib\site-packages\django\contrib\auth\decorators.py", line 23, in _wrapper_view
    return view_func(request, *args, **kwargs)
           ^^^^^^^^^^^^^^^^^^^^^^^^^^^^^^^^^^^
  File "C:\Users\vitya\cinema\movies\views.py", line 134, in profile
    return render(request, 'profile.html', { 'tickets' : tickets } | user_tz_context)
           ^^^^^^^^^^^^^^^^^^^^^^^^^^^^^^^^^^^^^^^^^^^^^^^^^^^^^^^^^^^^^^^^^^^^^^^^^^
  File "C:\Users\vitya\AppData\Local\Programs\Python\Python311\Lib\site-packages\django\shortcuts.py", line 25, in render
    content = loader.render_to_string(template_name, context, request, using=using)
              ^^^^^^^^^^^^^^^^^^^^^^^^^^^^^^^^^^^^^^^^^^^^^^^^^^^^^^^^^^^^^^^^^^^^^
  File "C:\Users\vitya\AppData\Local\Programs\Python\Python311\Lib\site-packages\django\template\loader.py", line 61, in render_to_string
    template = get_template(template_name, using=using)
               ^^^^^^^^^^^^^^^^^^^^^^^^^^^^^^^^^^^^^^^^
  File "C:\Users\vitya\AppData\Local\Programs\Python\Python311\Lib\site-packages\django\template\loader.py", line 15, in get_template
    return engine.get_template(template_name)
           ^^^^^^^^^^^^^^^^^^^^^^^^^^^^^^^^^^
  File "C:\Users\vitya\AppData\Local\Programs\Python\Python311\Lib\site-packages\django\template\backends\django.py", line 33, in get_template
    return Template(self.engine.get_template(template_name), self)
                    ^^^^^^^^^^^^^^^^^^^^^^^^^^^^^^^^^^^^^^^
  File "C:\Users\vitya\AppData\Local\Programs\Python\Python311\Lib\site-packages\django\template\engine.py", line 177, in get_template
    template, origin = self.find_template(template_name)
                       ^^^^^^^^^^^^^^^^^^^^^^^^^^^^^^^^^
  File "C:\Users\vitya\AppData\Local\Programs\Python\Python311\Lib\site-packages\django\template\engine.py", line 159, in find_template
    template = loader.get_template(name, skip=skip)
               ^^^^^^^^^^^^^^^^^^^^^^^^^^^^^^^^^^^^
  File "C:\Users\vitya\AppData\Local\Programs\Python\Python311\Lib\site-packages\django\template\loaders\cached.py", line 57, in get_template
    template = super().get_template(template_name, skip)
               ^^^^^^^^^^^^^^^^^^^^^^^^^^^^^^^^^^^^^^^^^
  File "C:\Users\vitya\AppData\Local\Programs\Python\Python311\Lib\site-packages\django\template\loaders\base.py", line 28, in get_template
    return Template(
           ^^^^^^^^^
  File "C:\Users\vitya\AppData\Local\Programs\Python\Python311\Lib\site-packages\django\template\base.py", line 154, in __init__
    self.nodelist = self.compile_nodelist()
                    ^^^^^^^^^^^^^^^^^^^^^^^
  File "C:\Users\vitya\AppData\Local\Programs\Python\Python311\Lib\site-packages\django\template\base.py", line 196, in compile_nodelist
    return parser.parse()
           ^^^^^^^^^^^^^^
  File "C:\Users\vitya\AppData\Local\Programs\Python\Python311\Lib\site-packages\django\template\base.py", line 510, in parse
    raise self.error(token, e)
  File "C:\Users\vitya\AppData\Local\Programs\Python\Python311\Lib\site-packages\django\template\base.py", line 508, in parse
    compiled_result = compile_func(self, token)
                      ^^^^^^^^^^^^^^^^^^^^^^^^^
  File "C:\Users\vitya\AppData\Local\Programs\Python\Python311\Lib\site-packages\django\template\loader_tags.py", line 295, in do_extends
    nodelist = parser.parse()
               ^^^^^^^^^^^^^^
  File "C:\Users\vitya\AppData\Local\Programs\Python\Python311\Lib\site-packages\django\template\base.py", line 510, in parse
    raise self.error(token, e)
  File "C:\Users\vitya\AppData\Local\Programs\Python\Python311\Lib\site-packages\django\template\base.py", line 508, in parse
    compiled_result = compile_func(self, token)
                      ^^^^^^^^^^^^^^^^^^^^^^^^^
  File "C:\Users\vitya\AppData\Local\Programs\Python\Python311\Lib\site-packages\django\template\loader_tags.py", line 234, in do_block
    nodelist = parser.parse(("endblock",))
               ^^^^^^^^^^^^^^^^^^^^^^^^^^^
  File "C:\Users\vitya\AppData\Local\Programs\Python\Python311\Lib\site-packages\django\template\base.py", line 510, in parse
    raise self.error(token, e)
  File "C:\Users\vitya\AppData\Local\Programs\Python\Python311\Lib\site-packages\django\template\base.py", line 508, in parse
    compiled_result = compile_func(self, token)
                      ^^^^^^^^^^^^^^^^^^^^^^^^^
  File "C:\Users\vitya\AppData\Local\Programs\Python\Python311\Lib\site-packages\django\template\defaulttags.py", line 861, in do_for
    nodelist_loop = parser.parse(
                    ^^^^^^^^^^^^^
  File "C:\Users\vitya\AppData\Local\Programs\Python\Python311\Lib\site-packages\django\template\base.py", line 510, in parse
    raise self.error(token, e)
  File "C:\Users\vitya\AppData\Local\Programs\Python\Python311\Lib\site-packages\django\template\base.py", line 508, in parse
    compiled_result = compile_func(self, token)
                      ^^^^^^^^^^^^^^^^^^^^^^^^^
  File "C:\Users\vitya\AppData\Local\Programs\Python\Python311\Lib\site-packages\django\template\defaulttags.py", line 961, in do_if
    nodelist = parser.parse(("elif", "else", "endif"))
               ^^^^^^^^^^^^^^^^^^^^^^^^^^^^^^^^^^^^^^^
  File "C:\Users\vitya\AppData\Local\Programs\Python\Python311\Lib\site-packages\django\template\base.py", line 481, in parse
    raise self.error(token, e)
  File "C:\Users\vitya\AppData\Local\Programs\Python\Python311\Lib\site-packages\django\template\base.py", line 479, in parse
    filter_expression = self.compile_filter(token.contents)
                        ^^^^^^^^^^^^^^^^^^^^^^^^^^^^^^^^^^^
  File "C:\Users\vitya\AppData\Local\Programs\Python\Python311\Lib\site-packages\django\template\base.py", line 597, in compile_filter
    return FilterExpression(token, self)
           ^^^^^^^^^^^^^^^^^^^^^^^^^^^^^
  File "C:\Users\vitya\AppData\Local\Programs\Python\Python311\Lib\site-packages\django\template\base.py", line 698, in __init__
    raise TemplateSyntaxError(
django.template.exceptions.TemplateSyntaxError: Could not parse the remainder: ' * 100' from 'ticket.coupon.discount * 100'
2024-05-23 21:40:32,504 ERROR Internal Server Error: /profile/
Traceback (most recent call last):
  File "C:\Users\vitya\AppData\Local\Programs\Python\Python311\Lib\site-packages\django\core\handlers\exception.py", line 55, in inner
    response = get_response(request)
               ^^^^^^^^^^^^^^^^^^^^^
  File "C:\Users\vitya\AppData\Local\Programs\Python\Python311\Lib\site-packages\django\core\handlers\base.py", line 197, in _get_response
    response = wrapped_callback(request, *callback_args, **callback_kwargs)
               ^^^^^^^^^^^^^^^^^^^^^^^^^^^^^^^^^^^^^^^^^^^^^^^^^^^^^^^^^^^^
  File "C:\Users\vitya\AppData\Local\Programs\Python\Python311\Lib\site-packages\django\contrib\auth\decorators.py", line 23, in _wrapper_view
    return view_func(request, *args, **kwargs)
           ^^^^^^^^^^^^^^^^^^^^^^^^^^^^^^^^^^^
  File "C:\Users\vitya\cinema\movies\views.py", line 134, in profile
    return render(request, 'profile.html', { 'tickets' : tickets } | user_tz_context)
           ^^^^^^^^^^^^^^^^^^^^^^^^^^^^^^^^^^^^^^^^^^^^^^^^^^^^^^^^^^^^^^^^^^^^^^^^^^
  File "C:\Users\vitya\AppData\Local\Programs\Python\Python311\Lib\site-packages\django\shortcuts.py", line 25, in render
    content = loader.render_to_string(template_name, context, request, using=using)
              ^^^^^^^^^^^^^^^^^^^^^^^^^^^^^^^^^^^^^^^^^^^^^^^^^^^^^^^^^^^^^^^^^^^^^
  File "C:\Users\vitya\AppData\Local\Programs\Python\Python311\Lib\site-packages\django\template\loader.py", line 61, in render_to_string
    template = get_template(template_name, using=using)
               ^^^^^^^^^^^^^^^^^^^^^^^^^^^^^^^^^^^^^^^^
  File "C:\Users\vitya\AppData\Local\Programs\Python\Python311\Lib\site-packages\django\template\loader.py", line 15, in get_template
    return engine.get_template(template_name)
           ^^^^^^^^^^^^^^^^^^^^^^^^^^^^^^^^^^
  File "C:\Users\vitya\AppData\Local\Programs\Python\Python311\Lib\site-packages\django\template\backends\django.py", line 33, in get_template
    return Template(self.engine.get_template(template_name), self)
                    ^^^^^^^^^^^^^^^^^^^^^^^^^^^^^^^^^^^^^^^
  File "C:\Users\vitya\AppData\Local\Programs\Python\Python311\Lib\site-packages\django\template\engine.py", line 177, in get_template
    template, origin = self.find_template(template_name)
                       ^^^^^^^^^^^^^^^^^^^^^^^^^^^^^^^^^
  File "C:\Users\vitya\AppData\Local\Programs\Python\Python311\Lib\site-packages\django\template\engine.py", line 159, in find_template
    template = loader.get_template(name, skip=skip)
               ^^^^^^^^^^^^^^^^^^^^^^^^^^^^^^^^^^^^
  File "C:\Users\vitya\AppData\Local\Programs\Python\Python311\Lib\site-packages\django\template\loaders\cached.py", line 57, in get_template
    template = super().get_template(template_name, skip)
               ^^^^^^^^^^^^^^^^^^^^^^^^^^^^^^^^^^^^^^^^^
  File "C:\Users\vitya\AppData\Local\Programs\Python\Python311\Lib\site-packages\django\template\loaders\base.py", line 28, in get_template
    return Template(
           ^^^^^^^^^
  File "C:\Users\vitya\AppData\Local\Programs\Python\Python311\Lib\site-packages\django\template\base.py", line 154, in __init__
    self.nodelist = self.compile_nodelist()
                    ^^^^^^^^^^^^^^^^^^^^^^^
  File "C:\Users\vitya\AppData\Local\Programs\Python\Python311\Lib\site-packages\django\template\base.py", line 196, in compile_nodelist
    return parser.parse()
           ^^^^^^^^^^^^^^
  File "C:\Users\vitya\AppData\Local\Programs\Python\Python311\Lib\site-packages\django\template\base.py", line 510, in parse
    raise self.error(token, e)
  File "C:\Users\vitya\AppData\Local\Programs\Python\Python311\Lib\site-packages\django\template\base.py", line 508, in parse
    compiled_result = compile_func(self, token)
                      ^^^^^^^^^^^^^^^^^^^^^^^^^
  File "C:\Users\vitya\AppData\Local\Programs\Python\Python311\Lib\site-packages\django\template\loader_tags.py", line 295, in do_extends
    nodelist = parser.parse()
               ^^^^^^^^^^^^^^
  File "C:\Users\vitya\AppData\Local\Programs\Python\Python311\Lib\site-packages\django\template\base.py", line 510, in parse
    raise self.error(token, e)
  File "C:\Users\vitya\AppData\Local\Programs\Python\Python311\Lib\site-packages\django\template\base.py", line 508, in parse
    compiled_result = compile_func(self, token)
                      ^^^^^^^^^^^^^^^^^^^^^^^^^
  File "C:\Users\vitya\AppData\Local\Programs\Python\Python311\Lib\site-packages\django\template\loader_tags.py", line 234, in do_block
    nodelist = parser.parse(("endblock",))
               ^^^^^^^^^^^^^^^^^^^^^^^^^^^
  File "C:\Users\vitya\AppData\Local\Programs\Python\Python311\Lib\site-packages\django\template\base.py", line 510, in parse
    raise self.error(token, e)
  File "C:\Users\vitya\AppData\Local\Programs\Python\Python311\Lib\site-packages\django\template\base.py", line 508, in parse
    compiled_result = compile_func(self, token)
                      ^^^^^^^^^^^^^^^^^^^^^^^^^
  File "C:\Users\vitya\AppData\Local\Programs\Python\Python311\Lib\site-packages\django\template\defaulttags.py", line 861, in do_for
    nodelist_loop = parser.parse(
                    ^^^^^^^^^^^^^
  File "C:\Users\vitya\AppData\Local\Programs\Python\Python311\Lib\site-packages\django\template\base.py", line 510, in parse
    raise self.error(token, e)
  File "C:\Users\vitya\AppData\Local\Programs\Python\Python311\Lib\site-packages\django\template\base.py", line 508, in parse
    compiled_result = compile_func(self, token)
                      ^^^^^^^^^^^^^^^^^^^^^^^^^
  File "C:\Users\vitya\AppData\Local\Programs\Python\Python311\Lib\site-packages\django\template\defaulttags.py", line 961, in do_if
    nodelist = parser.parse(("elif", "else", "endif"))
               ^^^^^^^^^^^^^^^^^^^^^^^^^^^^^^^^^^^^^^^
  File "C:\Users\vitya\AppData\Local\Programs\Python\Python311\Lib\site-packages\django\template\base.py", line 481, in parse
    raise self.error(token, e)
  File "C:\Users\vitya\AppData\Local\Programs\Python\Python311\Lib\site-packages\django\template\base.py", line 479, in parse
    filter_expression = self.compile_filter(token.contents)
                        ^^^^^^^^^^^^^^^^^^^^^^^^^^^^^^^^^^^
  File "C:\Users\vitya\AppData\Local\Programs\Python\Python311\Lib\site-packages\django\template\base.py", line 597, in compile_filter
    return FilterExpression(token, self)
           ^^^^^^^^^^^^^^^^^^^^^^^^^^^^^
  File "C:\Users\vitya\AppData\Local\Programs\Python\Python311\Lib\site-packages\django\template\base.py", line 698, in __init__
    raise TemplateSyntaxError(
django.template.exceptions.TemplateSyntaxError: Could not parse the remainder: ' * 100' from 'ticket.coupon.discount * 100'
2024-05-23 21:43:50,312 INFO News successful got
2024-05-23 21:44:31,674 INFO News successful got
2024-05-23 21:44:32,015 INFO News successful got
2024-05-23 21:44:32,257 INFO News successful got
2024-05-23 21:44:32,441 INFO News successful got
2024-05-23 21:44:38,227 INFO News successful got
2024-05-23 21:44:49,789 INFO News successful got
2024-05-23 21:48:28,009 INFO C:\Users\vitya\cinema\movies\views.py changed, reloading.
2024-05-23 21:52:18,878 INFO News successful got
2024-05-23 21:54:53,176 INFO C:\Users\vitya\cinema\movies\views.py changed, reloading.
2024-05-23 21:55:02,587 INFO C:\Users\vitya\cinema\movies\views.py changed, reloading.
2024-05-23 21:56:25,067 INFO C:\Users\vitya\cinema\movies\views.py changed, reloading.
2024-05-23 21:56:28,492 INFO C:\Users\vitya\cinema\movies\views.py changed, reloading.
2024-05-23 22:46:04,344 INFO C:\Users\vitya\cinema\movies\views.py changed, reloading.
2024-05-23 22:46:09,959 INFO C:\Users\vitya\cinema\movies\views.py changed, reloading.
2024-05-23 22:50:13,201 INFO C:\Users\vitya\cinema\movies\views.py changed, reloading.
2024-05-23 22:50:16,817 INFO C:\Users\vitya\cinema\movies\views.py changed, reloading.
2024-05-23 22:51:26,001 INFO C:\Users\vitya\cinema\movies\views.py changed, reloading.
2024-05-23 22:51:37,636 INFO C:\Users\vitya\cinema\movies\views.py changed, reloading.
2024-05-23 22:51:46,148 INFO C:\Users\vitya\cinema\movies\views.py changed, reloading.
2024-05-23 22:52:38,528 INFO C:\Users\vitya\cinema\movies\views.py changed, reloading.
2024-05-23 22:52:44,893 INFO C:\Users\vitya\cinema\movies\views.py changed, reloading.
2024-05-23 22:52:50,182 INFO C:\Users\vitya\cinema\movies\views.py changed, reloading.
2024-05-23 22:53:02,999 ERROR Internal Server Error: /profile/
Traceback (most recent call last):
  File "C:\Users\vitya\AppData\Local\Programs\Python\Python311\Lib\site-packages\django\core\handlers\exception.py", line 55, in inner
    response = get_response(request)
               ^^^^^^^^^^^^^^^^^^^^^
  File "C:\Users\vitya\AppData\Local\Programs\Python\Python311\Lib\site-packages\django\core\handlers\base.py", line 197, in _get_response
    response = wrapped_callback(request, *callback_args, **callback_kwargs)
               ^^^^^^^^^^^^^^^^^^^^^^^^^^^^^^^^^^^^^^^^^^^^^^^^^^^^^^^^^^^^
  File "C:\Users\vitya\AppData\Local\Programs\Python\Python311\Lib\site-packages\django\contrib\auth\decorators.py", line 23, in _wrapper_view
    return view_func(request, *args, **kwargs)
           ^^^^^^^^^^^^^^^^^^^^^^^^^^^^^^^^^^^
  File "C:\Users\vitya\cinema\movies\views.py", line 132, in profile
    nationality = NationalityAPI.get_ip(request.user.first_name)['country'].first() if NationalityAPI.get_ip()['country'] else None
                                                                                       ^^^^^^^^^^^^^^^^^^^^^^^
TypeError: NationalityAPI.get_ip() missing 1 required positional argument: 'name'
2024-05-23 22:53:14,486 INFO C:\Users\vitya\cinema\movies\views.py changed, reloading.
2024-05-23 22:53:16,359 ERROR Internal Server Error: /profile/
Traceback (most recent call last):
  File "C:\Users\vitya\AppData\Local\Programs\Python\Python311\Lib\site-packages\django\core\handlers\exception.py", line 55, in inner
    response = get_response(request)
               ^^^^^^^^^^^^^^^^^^^^^
  File "C:\Users\vitya\AppData\Local\Programs\Python\Python311\Lib\site-packages\django\core\handlers\base.py", line 197, in _get_response
    response = wrapped_callback(request, *callback_args, **callback_kwargs)
               ^^^^^^^^^^^^^^^^^^^^^^^^^^^^^^^^^^^^^^^^^^^^^^^^^^^^^^^^^^^^
  File "C:\Users\vitya\AppData\Local\Programs\Python\Python311\Lib\site-packages\django\contrib\auth\decorators.py", line 23, in _wrapper_view
    return view_func(request, *args, **kwargs)
           ^^^^^^^^^^^^^^^^^^^^^^^^^^^^^^^^^^^
  File "C:\Users\vitya\cinema\movies\views.py", line 132, in profile
    nationality = NationalityAPI.get_ip(name=request.user.first_name)['country'].first() if NationalityAPI.get_ip()['country'] else None
                                                                                            ^^^^^^^^^^^^^^^^^^^^^^^
TypeError: NationalityAPI.get_ip() missing 1 required positional argument: 'name'
2024-05-23 22:53:17,238 ERROR Internal Server Error: /profile/
Traceback (most recent call last):
  File "C:\Users\vitya\AppData\Local\Programs\Python\Python311\Lib\site-packages\django\core\handlers\exception.py", line 55, in inner
    response = get_response(request)
               ^^^^^^^^^^^^^^^^^^^^^
  File "C:\Users\vitya\AppData\Local\Programs\Python\Python311\Lib\site-packages\django\core\handlers\base.py", line 197, in _get_response
    response = wrapped_callback(request, *callback_args, **callback_kwargs)
               ^^^^^^^^^^^^^^^^^^^^^^^^^^^^^^^^^^^^^^^^^^^^^^^^^^^^^^^^^^^^
  File "C:\Users\vitya\AppData\Local\Programs\Python\Python311\Lib\site-packages\django\contrib\auth\decorators.py", line 23, in _wrapper_view
    return view_func(request, *args, **kwargs)
           ^^^^^^^^^^^^^^^^^^^^^^^^^^^^^^^^^^^
  File "C:\Users\vitya\cinema\movies\views.py", line 132, in profile
    nationality = NationalityAPI.get_ip(name=request.user.first_name)['country'].first() if NationalityAPI.get_ip()['country'] else None
                                                                                            ^^^^^^^^^^^^^^^^^^^^^^^
TypeError: NationalityAPI.get_ip() missing 1 required positional argument: 'name'
2024-05-23 22:53:17,759 ERROR Internal Server Error: /profile/
Traceback (most recent call last):
  File "C:\Users\vitya\AppData\Local\Programs\Python\Python311\Lib\site-packages\django\core\handlers\exception.py", line 55, in inner
    response = get_response(request)
               ^^^^^^^^^^^^^^^^^^^^^
  File "C:\Users\vitya\AppData\Local\Programs\Python\Python311\Lib\site-packages\django\core\handlers\base.py", line 197, in _get_response
    response = wrapped_callback(request, *callback_args, **callback_kwargs)
               ^^^^^^^^^^^^^^^^^^^^^^^^^^^^^^^^^^^^^^^^^^^^^^^^^^^^^^^^^^^^
  File "C:\Users\vitya\AppData\Local\Programs\Python\Python311\Lib\site-packages\django\contrib\auth\decorators.py", line 23, in _wrapper_view
    return view_func(request, *args, **kwargs)
           ^^^^^^^^^^^^^^^^^^^^^^^^^^^^^^^^^^^
  File "C:\Users\vitya\cinema\movies\views.py", line 132, in profile
    nationality = NationalityAPI.get_ip(name=request.user.first_name)['country'].first() if NationalityAPI.get_ip()['country'] else None
                                                                                            ^^^^^^^^^^^^^^^^^^^^^^^
TypeError: NationalityAPI.get_ip() missing 1 required positional argument: 'name'
2024-05-23 22:53:17,949 ERROR Internal Server Error: /profile/
Traceback (most recent call last):
  File "C:\Users\vitya\AppData\Local\Programs\Python\Python311\Lib\site-packages\django\core\handlers\exception.py", line 55, in inner
    response = get_response(request)
               ^^^^^^^^^^^^^^^^^^^^^
  File "C:\Users\vitya\AppData\Local\Programs\Python\Python311\Lib\site-packages\django\core\handlers\base.py", line 197, in _get_response
    response = wrapped_callback(request, *callback_args, **callback_kwargs)
               ^^^^^^^^^^^^^^^^^^^^^^^^^^^^^^^^^^^^^^^^^^^^^^^^^^^^^^^^^^^^
  File "C:\Users\vitya\AppData\Local\Programs\Python\Python311\Lib\site-packages\django\contrib\auth\decorators.py", line 23, in _wrapper_view
    return view_func(request, *args, **kwargs)
           ^^^^^^^^^^^^^^^^^^^^^^^^^^^^^^^^^^^
  File "C:\Users\vitya\cinema\movies\views.py", line 132, in profile
    nationality = NationalityAPI.get_ip(name=request.user.first_name)['country'].first() if NationalityAPI.get_ip()['country'] else None
                                                                                            ^^^^^^^^^^^^^^^^^^^^^^^
TypeError: NationalityAPI.get_ip() missing 1 required positional argument: 'name'
2024-05-23 22:53:18,220 ERROR Internal Server Error: /profile/
Traceback (most recent call last):
  File "C:\Users\vitya\AppData\Local\Programs\Python\Python311\Lib\site-packages\django\core\handlers\exception.py", line 55, in inner
    response = get_response(request)
               ^^^^^^^^^^^^^^^^^^^^^
  File "C:\Users\vitya\AppData\Local\Programs\Python\Python311\Lib\site-packages\django\core\handlers\base.py", line 197, in _get_response
    response = wrapped_callback(request, *callback_args, **callback_kwargs)
               ^^^^^^^^^^^^^^^^^^^^^^^^^^^^^^^^^^^^^^^^^^^^^^^^^^^^^^^^^^^^
  File "C:\Users\vitya\AppData\Local\Programs\Python\Python311\Lib\site-packages\django\contrib\auth\decorators.py", line 23, in _wrapper_view
    return view_func(request, *args, **kwargs)
           ^^^^^^^^^^^^^^^^^^^^^^^^^^^^^^^^^^^
  File "C:\Users\vitya\cinema\movies\views.py", line 132, in profile
    nationality = NationalityAPI.get_ip(name=request.user.first_name)['country'].first() if NationalityAPI.get_ip()['country'] else None
                                                                                            ^^^^^^^^^^^^^^^^^^^^^^^
TypeError: NationalityAPI.get_ip() missing 1 required positional argument: 'name'
2024-05-23 22:53:18,438 ERROR Internal Server Error: /profile/
Traceback (most recent call last):
  File "C:\Users\vitya\AppData\Local\Programs\Python\Python311\Lib\site-packages\django\core\handlers\exception.py", line 55, in inner
    response = get_response(request)
               ^^^^^^^^^^^^^^^^^^^^^
  File "C:\Users\vitya\AppData\Local\Programs\Python\Python311\Lib\site-packages\django\core\handlers\base.py", line 197, in _get_response
    response = wrapped_callback(request, *callback_args, **callback_kwargs)
               ^^^^^^^^^^^^^^^^^^^^^^^^^^^^^^^^^^^^^^^^^^^^^^^^^^^^^^^^^^^^
  File "C:\Users\vitya\AppData\Local\Programs\Python\Python311\Lib\site-packages\django\contrib\auth\decorators.py", line 23, in _wrapper_view
    return view_func(request, *args, **kwargs)
           ^^^^^^^^^^^^^^^^^^^^^^^^^^^^^^^^^^^
  File "C:\Users\vitya\cinema\movies\views.py", line 132, in profile
    nationality = NationalityAPI.get_ip(name=request.user.first_name)['country'].first() if NationalityAPI.get_ip()['country'] else None
                                                                                            ^^^^^^^^^^^^^^^^^^^^^^^
TypeError: NationalityAPI.get_ip() missing 1 required positional argument: 'name'
2024-05-23 22:53:24,271 INFO C:\Users\vitya\cinema\movies\views.py changed, reloading.
2024-05-23 22:53:27,809 ERROR Internal Server Error: /profile/
Traceback (most recent call last):
  File "C:\Users\vitya\AppData\Local\Programs\Python\Python311\Lib\site-packages\django\core\handlers\exception.py", line 55, in inner
    response = get_response(request)
               ^^^^^^^^^^^^^^^^^^^^^
  File "C:\Users\vitya\AppData\Local\Programs\Python\Python311\Lib\site-packages\django\core\handlers\base.py", line 197, in _get_response
    response = wrapped_callback(request, *callback_args, **callback_kwargs)
               ^^^^^^^^^^^^^^^^^^^^^^^^^^^^^^^^^^^^^^^^^^^^^^^^^^^^^^^^^^^^
  File "C:\Users\vitya\AppData\Local\Programs\Python\Python311\Lib\site-packages\django\contrib\auth\decorators.py", line 23, in _wrapper_view
    return view_func(request, *args, **kwargs)
           ^^^^^^^^^^^^^^^^^^^^^^^^^^^^^^^^^^^
  File "C:\Users\vitya\cinema\movies\views.py", line 132, in profile
    nationality = NationalityAPI.get_ip(request.user.first_name)['country'].first() if NationalityAPI.get_ip(request.user.first_name)['country'] else None
                                                                                       ^^^^^^^^^^^^^^^^^^^^^^^
TypeError: NationalityAPI.get_ip() missing 1 required positional argument: 'name'
2024-05-23 22:53:27,959 INFO C:\Users\vitya\cinema\movies\views.py changed, reloading.
2024-05-23 22:53:41,860 ERROR Internal Server Error: /profile/
Traceback (most recent call last):
  File "C:\Users\vitya\AppData\Local\Programs\Python\Python311\Lib\site-packages\django\core\handlers\exception.py", line 55, in inner
    response = get_response(request)
               ^^^^^^^^^^^^^^^^^^^^^
  File "C:\Users\vitya\AppData\Local\Programs\Python\Python311\Lib\site-packages\django\core\handlers\base.py", line 197, in _get_response
    response = wrapped_callback(request, *callback_args, **callback_kwargs)
               ^^^^^^^^^^^^^^^^^^^^^^^^^^^^^^^^^^^^^^^^^^^^^^^^^^^^^^^^^^^^
  File "C:\Users\vitya\AppData\Local\Programs\Python\Python311\Lib\site-packages\django\contrib\auth\decorators.py", line 23, in _wrapper_view
    return view_func(request, *args, **kwargs)
           ^^^^^^^^^^^^^^^^^^^^^^^^^^^^^^^^^^^
  File "C:\Users\vitya\cinema\movies\views.py", line 132, in profile
    nationality = NationalityAPI.get_ip(request.user.first_name)['country'].first() if NationalityAPI.get_ip(request.user.first_name)['country'] else None
                  ^^^^^^^^^^^^^^^^^^^^^^^^^^^^^^^^^^^^^^^^^^^^^^^^^^^^^^^^^^^^^^^
AttributeError: 'list' object has no attribute 'first'
2024-05-23 22:53:52,861 INFO C:\Users\vitya\cinema\movies\views.py changed, reloading.
2024-05-23 22:54:04,666 INFO C:\Users\vitya\cinema\movies\views.py changed, reloading.
2024-05-23 22:54:15,921 INFO C:\Users\vitya\cinema\movies\views.py changed, reloading.
2024-05-23 22:54:56,374 INFO C:\Users\vitya\cinema\movies\views.py changed, reloading.
2024-05-23 22:55:06,039 INFO C:\Users\vitya\cinema\movies\views.py changed, reloading.
2024-05-23 22:55:57,443 INFO News successful got
2024-05-23 22:57:56,287 INFO News successful got
2024-05-23 23:01:59,159 INFO C:\Users\vitya\cinema\movies\views.py changed, reloading.
2024-05-23 23:02:06,666 INFO C:\Users\vitya\cinema\movies\views.py changed, reloading.
2024-05-23 23:02:12,096 INFO C:\Users\vitya\cinema\movies\views.py changed, reloading.
2024-05-23 23:03:21,031 INFO C:\Users\vitya\cinema\movies\views.py changed, reloading.
2024-05-23 23:03:23,547 INFO C:\Users\vitya\cinema\movies\views.py changed, reloading.
2024-05-23 23:03:58,258 INFO C:\Users\vitya\cinema\movies\views.py changed, reloading.
2024-05-23 23:04:26,461 INFO C:\Users\vitya\cinema\movies\views.py changed, reloading.
2024-05-23 23:04:29,902 INFO C:\Users\vitya\cinema\movies\views.py changed, reloading.
2024-05-23 23:04:36,382 INFO C:\Users\vitya\cinema\movies\views.py changed, reloading.
2024-05-23 23:04:59,281 INFO C:\Users\vitya\cinema\movies\views.py changed, reloading.
2024-05-23 23:05:02,836 INFO C:\Users\vitya\cinema\movies\views.py changed, reloading.
2024-05-23 23:05:06,384 INFO C:\Users\vitya\cinema\movies\views.py changed, reloading.
2024-05-23 23:05:18,106 INFO C:\Users\vitya\cinema\movies\views.py changed, reloading.
2024-05-23 23:05:23,529 INFO C:\Users\vitya\cinema\movies\views.py changed, reloading.
2024-05-23 23:05:25,993 INFO C:\Users\vitya\cinema\movies\views.py changed, reloading.
2024-05-23 23:05:30,457 INFO C:\Users\vitya\cinema\movies\views.py changed, reloading.
2024-05-23 23:06:34,001 INFO C:\Users\vitya\cinema\movies\views.py changed, reloading.
2024-05-23 23:06:41,674 INFO C:\Users\vitya\cinema\movies\views.py changed, reloading.
2024-05-23 23:06:45,143 INFO C:\Users\vitya\cinema\movies\views.py changed, reloading.
2024-05-23 23:06:48,484 INFO C:\Users\vitya\cinema\movies\views.py changed, reloading.
2024-05-23 23:06:55,952 INFO C:\Users\vitya\cinema\movies\views.py changed, reloading.
2024-05-23 23:07:03,761 INFO C:\Users\vitya\cinema\movies\views.py changed, reloading.
2024-05-23 23:08:10,623 INFO C:\Users\vitya\cinema\movies\views.py changed, reloading.
2024-05-23 23:08:14,191 INFO C:\Users\vitya\cinema\movies\views.py changed, reloading.
2024-05-23 23:08:19,613 INFO C:\Users\vitya\cinema\movies\views.py changed, reloading.
2024-05-23 23:08:42,384 INFO C:\Users\vitya\cinema\movies\views.py changed, reloading.
2024-05-23 23:08:46,782 INFO C:\Users\vitya\cinema\movies\views.py changed, reloading.
2024-05-23 23:09:14,383 ERROR Internal Server Error: /afisha/showtimes/
Traceback (most recent call last):
  File "C:\Users\vitya\AppData\Local\Programs\Python\Python311\Lib\site-packages\django\core\handlers\exception.py", line 55, in inner
    response = get_response(request)
               ^^^^^^^^^^^^^^^^^^^^^
  File "C:\Users\vitya\AppData\Local\Programs\Python\Python311\Lib\site-packages\django\utils\deprecation.py", line 136, in __call__
    response = self.process_response(request, response)
               ^^^^^^^^^^^^^^^^^^^^^^^^^^^^^^^^^^^^^^^^
  File "C:\Users\vitya\AppData\Local\Programs\Python\Python311\Lib\site-packages\django\contrib\sessions\middleware.py", line 59, in process_response
    request.session.save()
  File "C:\Users\vitya\AppData\Local\Programs\Python\Python311\Lib\site-packages\django\contrib\sessions\backends\db.py", line 82, in save
    obj = self.create_model_instance(data)
          ^^^^^^^^^^^^^^^^^^^^^^^^^^^^^^^^
  File "C:\Users\vitya\AppData\Local\Programs\Python\Python311\Lib\site-packages\django\contrib\sessions\backends\db.py", line 69, in create_model_instance
    session_data=self.encode(data),
                 ^^^^^^^^^^^^^^^^^
  File "C:\Users\vitya\AppData\Local\Programs\Python\Python311\Lib\site-packages\django\contrib\sessions\backends\base.py", line 94, in encode
    return signing.dumps(
           ^^^^^^^^^^^^^^
  File "C:\Users\vitya\AppData\Local\Programs\Python\Python311\Lib\site-packages\django\core\signing.py", line 152, in dumps
    return TimestampSigner(key=key, salt=salt).sign_object(
           ^^^^^^^^^^^^^^^^^^^^^^^^^^^^^^^^^^^^^^^^^^^^^^^^
  File "C:\Users\vitya\AppData\Local\Programs\Python\Python311\Lib\site-packages\django\core\signing.py", line 250, in sign_object
    data = serializer().dumps(obj)
           ^^^^^^^^^^^^^^^^^^^^^^^
  File "C:\Users\vitya\AppData\Local\Programs\Python\Python311\Lib\site-packages\django\core\signing.py", line 127, in dumps
    return json.dumps(obj, separators=(",", ":")).encode("latin-1")
           ^^^^^^^^^^^^^^^^^^^^^^^^^^^^^^^^^^^^^^
  File "C:\Users\vitya\AppData\Local\Programs\Python\Python311\Lib\json\__init__.py", line 238, in dumps
    **kw).encode(obj)
          ^^^^^^^^^^^
  File "C:\Users\vitya\AppData\Local\Programs\Python\Python311\Lib\json\encoder.py", line 200, in encode
    chunks = self.iterencode(o, _one_shot=True)
             ^^^^^^^^^^^^^^^^^^^^^^^^^^^^^^^^^^
  File "C:\Users\vitya\AppData\Local\Programs\Python\Python311\Lib\json\encoder.py", line 258, in iterencode
    return _iterencode(o, 0)
           ^^^^^^^^^^^^^^^^^
TypeError: keys must be str, int, float, bool or None, not Showtime
2024-05-23 23:10:10,900 ERROR Internal Server Error: /afisha/showtimes/
Traceback (most recent call last):
  File "C:\Users\vitya\AppData\Local\Programs\Python\Python311\Lib\site-packages\django\core\handlers\exception.py", line 55, in inner
    response = get_response(request)
               ^^^^^^^^^^^^^^^^^^^^^
  File "C:\Users\vitya\AppData\Local\Programs\Python\Python311\Lib\site-packages\django\utils\deprecation.py", line 136, in __call__
    response = self.process_response(request, response)
               ^^^^^^^^^^^^^^^^^^^^^^^^^^^^^^^^^^^^^^^^
  File "C:\Users\vitya\AppData\Local\Programs\Python\Python311\Lib\site-packages\django\contrib\sessions\middleware.py", line 59, in process_response
    request.session.save()
  File "C:\Users\vitya\AppData\Local\Programs\Python\Python311\Lib\site-packages\django\contrib\sessions\backends\db.py", line 82, in save
    obj = self.create_model_instance(data)
          ^^^^^^^^^^^^^^^^^^^^^^^^^^^^^^^^
  File "C:\Users\vitya\AppData\Local\Programs\Python\Python311\Lib\site-packages\django\contrib\sessions\backends\db.py", line 69, in create_model_instance
    session_data=self.encode(data),
                 ^^^^^^^^^^^^^^^^^
  File "C:\Users\vitya\AppData\Local\Programs\Python\Python311\Lib\site-packages\django\contrib\sessions\backends\base.py", line 94, in encode
    return signing.dumps(
           ^^^^^^^^^^^^^^
  File "C:\Users\vitya\AppData\Local\Programs\Python\Python311\Lib\site-packages\django\core\signing.py", line 152, in dumps
    return TimestampSigner(key=key, salt=salt).sign_object(
           ^^^^^^^^^^^^^^^^^^^^^^^^^^^^^^^^^^^^^^^^^^^^^^^^
  File "C:\Users\vitya\AppData\Local\Programs\Python\Python311\Lib\site-packages\django\core\signing.py", line 250, in sign_object
    data = serializer().dumps(obj)
           ^^^^^^^^^^^^^^^^^^^^^^^
  File "C:\Users\vitya\AppData\Local\Programs\Python\Python311\Lib\site-packages\django\core\signing.py", line 127, in dumps
    return json.dumps(obj, separators=(",", ":")).encode("latin-1")
           ^^^^^^^^^^^^^^^^^^^^^^^^^^^^^^^^^^^^^^
  File "C:\Users\vitya\AppData\Local\Programs\Python\Python311\Lib\json\__init__.py", line 238, in dumps
    **kw).encode(obj)
          ^^^^^^^^^^^
  File "C:\Users\vitya\AppData\Local\Programs\Python\Python311\Lib\json\encoder.py", line 200, in encode
    chunks = self.iterencode(o, _one_shot=True)
             ^^^^^^^^^^^^^^^^^^^^^^^^^^^^^^^^^^
  File "C:\Users\vitya\AppData\Local\Programs\Python\Python311\Lib\json\encoder.py", line 258, in iterencode
    return _iterencode(o, 0)
           ^^^^^^^^^^^^^^^^^
TypeError: keys must be str, int, float, bool or None, not Showtime
2024-05-23 23:11:13,807 INFO C:\Users\vitya\cinema\movies\views.py changed, reloading.
2024-05-23 23:11:20,374 INFO C:\Users\vitya\cinema\movies\views.py changed, reloading.
2024-05-23 23:11:30,936 INFO C:\Users\vitya\cinema\movies\views.py changed, reloading.
2024-05-23 23:11:32,323 ERROR Internal Server Error: /afisha/showtimes/
Traceback (most recent call last):
  File "C:\Users\vitya\AppData\Local\Programs\Python\Python311\Lib\site-packages\django\core\handlers\exception.py", line 55, in inner
    response = get_response(request)
               ^^^^^^^^^^^^^^^^^^^^^
  File "C:\Users\vitya\AppData\Local\Programs\Python\Python311\Lib\site-packages\django\utils\deprecation.py", line 136, in __call__
    response = self.process_response(request, response)
               ^^^^^^^^^^^^^^^^^^^^^^^^^^^^^^^^^^^^^^^^
  File "C:\Users\vitya\AppData\Local\Programs\Python\Python311\Lib\site-packages\django\contrib\sessions\middleware.py", line 59, in process_response
    request.session.save()
  File "C:\Users\vitya\AppData\Local\Programs\Python\Python311\Lib\site-packages\django\contrib\sessions\backends\db.py", line 82, in save
    obj = self.create_model_instance(data)
          ^^^^^^^^^^^^^^^^^^^^^^^^^^^^^^^^
  File "C:\Users\vitya\AppData\Local\Programs\Python\Python311\Lib\site-packages\django\contrib\sessions\backends\db.py", line 69, in create_model_instance
    session_data=self.encode(data),
                 ^^^^^^^^^^^^^^^^^
  File "C:\Users\vitya\AppData\Local\Programs\Python\Python311\Lib\site-packages\django\contrib\sessions\backends\base.py", line 94, in encode
    return signing.dumps(
           ^^^^^^^^^^^^^^
  File "C:\Users\vitya\AppData\Local\Programs\Python\Python311\Lib\site-packages\django\core\signing.py", line 152, in dumps
    return TimestampSigner(key=key, salt=salt).sign_object(
           ^^^^^^^^^^^^^^^^^^^^^^^^^^^^^^^^^^^^^^^^^^^^^^^^
  File "C:\Users\vitya\AppData\Local\Programs\Python\Python311\Lib\site-packages\django\core\signing.py", line 250, in sign_object
    data = serializer().dumps(obj)
           ^^^^^^^^^^^^^^^^^^^^^^^
  File "C:\Users\vitya\AppData\Local\Programs\Python\Python311\Lib\site-packages\django\core\signing.py", line 127, in dumps
    return json.dumps(obj, separators=(",", ":")).encode("latin-1")
           ^^^^^^^^^^^^^^^^^^^^^^^^^^^^^^^^^^^^^^
  File "C:\Users\vitya\AppData\Local\Programs\Python\Python311\Lib\json\__init__.py", line 238, in dumps
    **kw).encode(obj)
          ^^^^^^^^^^^
  File "C:\Users\vitya\AppData\Local\Programs\Python\Python311\Lib\json\encoder.py", line 200, in encode
    chunks = self.iterencode(o, _one_shot=True)
             ^^^^^^^^^^^^^^^^^^^^^^^^^^^^^^^^^^
  File "C:\Users\vitya\AppData\Local\Programs\Python\Python311\Lib\json\encoder.py", line 258, in iterencode
    return _iterencode(o, 0)
           ^^^^^^^^^^^^^^^^^
TypeError: keys must be str, int, float, bool or None, not method
2024-05-23 23:11:35,234 ERROR Internal Server Error: /afisha/showtimes/
Traceback (most recent call last):
  File "C:\Users\vitya\AppData\Local\Programs\Python\Python311\Lib\site-packages\django\core\handlers\exception.py", line 55, in inner
    response = get_response(request)
               ^^^^^^^^^^^^^^^^^^^^^
  File "C:\Users\vitya\AppData\Local\Programs\Python\Python311\Lib\site-packages\django\utils\deprecation.py", line 136, in __call__
    response = self.process_response(request, response)
               ^^^^^^^^^^^^^^^^^^^^^^^^^^^^^^^^^^^^^^^^
  File "C:\Users\vitya\AppData\Local\Programs\Python\Python311\Lib\site-packages\django\contrib\sessions\middleware.py", line 59, in process_response
    request.session.save()
  File "C:\Users\vitya\AppData\Local\Programs\Python\Python311\Lib\site-packages\django\contrib\sessions\backends\db.py", line 82, in save
    obj = self.create_model_instance(data)
          ^^^^^^^^^^^^^^^^^^^^^^^^^^^^^^^^
  File "C:\Users\vitya\AppData\Local\Programs\Python\Python311\Lib\site-packages\django\contrib\sessions\backends\db.py", line 69, in create_model_instance
    session_data=self.encode(data),
                 ^^^^^^^^^^^^^^^^^
  File "C:\Users\vitya\AppData\Local\Programs\Python\Python311\Lib\site-packages\django\contrib\sessions\backends\base.py", line 94, in encode
    return signing.dumps(
           ^^^^^^^^^^^^^^
  File "C:\Users\vitya\AppData\Local\Programs\Python\Python311\Lib\site-packages\django\core\signing.py", line 152, in dumps
    return TimestampSigner(key=key, salt=salt).sign_object(
           ^^^^^^^^^^^^^^^^^^^^^^^^^^^^^^^^^^^^^^^^^^^^^^^^
  File "C:\Users\vitya\AppData\Local\Programs\Python\Python311\Lib\site-packages\django\core\signing.py", line 250, in sign_object
    data = serializer().dumps(obj)
           ^^^^^^^^^^^^^^^^^^^^^^^
  File "C:\Users\vitya\AppData\Local\Programs\Python\Python311\Lib\site-packages\django\core\signing.py", line 127, in dumps
    return json.dumps(obj, separators=(",", ":")).encode("latin-1")
           ^^^^^^^^^^^^^^^^^^^^^^^^^^^^^^^^^^^^^^
  File "C:\Users\vitya\AppData\Local\Programs\Python\Python311\Lib\json\__init__.py", line 238, in dumps
    **kw).encode(obj)
          ^^^^^^^^^^^
  File "C:\Users\vitya\AppData\Local\Programs\Python\Python311\Lib\json\encoder.py", line 200, in encode
    chunks = self.iterencode(o, _one_shot=True)
             ^^^^^^^^^^^^^^^^^^^^^^^^^^^^^^^^^^
  File "C:\Users\vitya\AppData\Local\Programs\Python\Python311\Lib\json\encoder.py", line 258, in iterencode
    return _iterencode(o, 0)
           ^^^^^^^^^^^^^^^^^
TypeError: keys must be str, int, float, bool or None, not method
2024-05-23 23:11:39,506 INFO C:\Users\vitya\cinema\movies\views.py changed, reloading.
2024-05-23 23:11:47,116 INFO C:\Users\vitya\cinema\movies\views.py changed, reloading.
2024-05-23 23:11:49,588 INFO C:\Users\vitya\cinema\movies\views.py changed, reloading.
2024-05-23 23:11:55,145 INFO C:\Users\vitya\cinema\movies\views.py changed, reloading.
2024-05-23 23:12:06,800 INFO C:\Users\vitya\cinema\movies\views.py changed, reloading.
2024-05-23 23:12:15,469 INFO C:\Users\vitya\cinema\movies\views.py changed, reloading.
2024-05-23 23:12:17,989 INFO C:\Users\vitya\cinema\movies\views.py changed, reloading.
2024-05-23 23:12:24,420 INFO C:\Users\vitya\cinema\movies\views.py changed, reloading.
2024-05-23 23:12:27,786 INFO C:\Users\vitya\cinema\movies\views.py changed, reloading.
2024-05-23 23:12:53,616 INFO C:\Users\vitya\cinema\movies\views.py changed, reloading.
2024-05-23 23:12:56,375 ERROR Internal Server Error: /afisha/showtimes/
Traceback (most recent call last):
  File "C:\Users\vitya\AppData\Local\Programs\Python\Python311\Lib\site-packages\django\core\handlers\exception.py", line 55, in inner
    response = get_response(request)
               ^^^^^^^^^^^^^^^^^^^^^
  File "C:\Users\vitya\AppData\Local\Programs\Python\Python311\Lib\site-packages\django\utils\deprecation.py", line 136, in __call__
    response = self.process_response(request, response)
               ^^^^^^^^^^^^^^^^^^^^^^^^^^^^^^^^^^^^^^^^
  File "C:\Users\vitya\AppData\Local\Programs\Python\Python311\Lib\site-packages\django\contrib\sessions\middleware.py", line 59, in process_response
    request.session.save()
  File "C:\Users\vitya\AppData\Local\Programs\Python\Python311\Lib\site-packages\django\contrib\sessions\backends\db.py", line 82, in save
    obj = self.create_model_instance(data)
          ^^^^^^^^^^^^^^^^^^^^^^^^^^^^^^^^
  File "C:\Users\vitya\AppData\Local\Programs\Python\Python311\Lib\site-packages\django\contrib\sessions\backends\db.py", line 69, in create_model_instance
    session_data=self.encode(data),
                 ^^^^^^^^^^^^^^^^^
  File "C:\Users\vitya\AppData\Local\Programs\Python\Python311\Lib\site-packages\django\contrib\sessions\backends\base.py", line 94, in encode
    return signing.dumps(
           ^^^^^^^^^^^^^^
  File "C:\Users\vitya\AppData\Local\Programs\Python\Python311\Lib\site-packages\django\core\signing.py", line 152, in dumps
    return TimestampSigner(key=key, salt=salt).sign_object(
           ^^^^^^^^^^^^^^^^^^^^^^^^^^^^^^^^^^^^^^^^^^^^^^^^
  File "C:\Users\vitya\AppData\Local\Programs\Python\Python311\Lib\site-packages\django\core\signing.py", line 250, in sign_object
    data = serializer().dumps(obj)
           ^^^^^^^^^^^^^^^^^^^^^^^
  File "C:\Users\vitya\AppData\Local\Programs\Python\Python311\Lib\site-packages\django\core\signing.py", line 127, in dumps
    return json.dumps(obj, separators=(",", ":")).encode("latin-1")
           ^^^^^^^^^^^^^^^^^^^^^^^^^^^^^^^^^^^^^^
  File "C:\Users\vitya\AppData\Local\Programs\Python\Python311\Lib\json\__init__.py", line 238, in dumps
    **kw).encode(obj)
          ^^^^^^^^^^^
  File "C:\Users\vitya\AppData\Local\Programs\Python\Python311\Lib\json\encoder.py", line 200, in encode
    chunks = self.iterencode(o, _one_shot=True)
             ^^^^^^^^^^^^^^^^^^^^^^^^^^^^^^^^^^
  File "C:\Users\vitya\AppData\Local\Programs\Python\Python311\Lib\json\encoder.py", line 258, in iterencode
    return _iterencode(o, 0)
           ^^^^^^^^^^^^^^^^^
  File "C:\Users\vitya\AppData\Local\Programs\Python\Python311\Lib\json\encoder.py", line 180, in default
    raise TypeError(f'Object of type {o.__class__.__name__} '
TypeError: Object of type QuerySet is not JSON serializable
2024-05-23 23:13:00,323 INFO News successful got
2024-05-23 23:13:01,428 ERROR Internal Server Error: /afisha/showtimes/
Traceback (most recent call last):
  File "C:\Users\vitya\AppData\Local\Programs\Python\Python311\Lib\site-packages\django\core\handlers\exception.py", line 55, in inner
    response = get_response(request)
               ^^^^^^^^^^^^^^^^^^^^^
  File "C:\Users\vitya\AppData\Local\Programs\Python\Python311\Lib\site-packages\django\utils\deprecation.py", line 136, in __call__
    response = self.process_response(request, response)
               ^^^^^^^^^^^^^^^^^^^^^^^^^^^^^^^^^^^^^^^^
  File "C:\Users\vitya\AppData\Local\Programs\Python\Python311\Lib\site-packages\django\contrib\sessions\middleware.py", line 59, in process_response
    request.session.save()
  File "C:\Users\vitya\AppData\Local\Programs\Python\Python311\Lib\site-packages\django\contrib\sessions\backends\db.py", line 82, in save
    obj = self.create_model_instance(data)
          ^^^^^^^^^^^^^^^^^^^^^^^^^^^^^^^^
  File "C:\Users\vitya\AppData\Local\Programs\Python\Python311\Lib\site-packages\django\contrib\sessions\backends\db.py", line 69, in create_model_instance
    session_data=self.encode(data),
                 ^^^^^^^^^^^^^^^^^
  File "C:\Users\vitya\AppData\Local\Programs\Python\Python311\Lib\site-packages\django\contrib\sessions\backends\base.py", line 94, in encode
    return signing.dumps(
           ^^^^^^^^^^^^^^
  File "C:\Users\vitya\AppData\Local\Programs\Python\Python311\Lib\site-packages\django\core\signing.py", line 152, in dumps
    return TimestampSigner(key=key, salt=salt).sign_object(
           ^^^^^^^^^^^^^^^^^^^^^^^^^^^^^^^^^^^^^^^^^^^^^^^^
  File "C:\Users\vitya\AppData\Local\Programs\Python\Python311\Lib\site-packages\django\core\signing.py", line 250, in sign_object
    data = serializer().dumps(obj)
           ^^^^^^^^^^^^^^^^^^^^^^^
  File "C:\Users\vitya\AppData\Local\Programs\Python\Python311\Lib\site-packages\django\core\signing.py", line 127, in dumps
    return json.dumps(obj, separators=(",", ":")).encode("latin-1")
           ^^^^^^^^^^^^^^^^^^^^^^^^^^^^^^^^^^^^^^
  File "C:\Users\vitya\AppData\Local\Programs\Python\Python311\Lib\json\__init__.py", line 238, in dumps
    **kw).encode(obj)
          ^^^^^^^^^^^
  File "C:\Users\vitya\AppData\Local\Programs\Python\Python311\Lib\json\encoder.py", line 200, in encode
    chunks = self.iterencode(o, _one_shot=True)
             ^^^^^^^^^^^^^^^^^^^^^^^^^^^^^^^^^^
  File "C:\Users\vitya\AppData\Local\Programs\Python\Python311\Lib\json\encoder.py", line 258, in iterencode
    return _iterencode(o, 0)
           ^^^^^^^^^^^^^^^^^
  File "C:\Users\vitya\AppData\Local\Programs\Python\Python311\Lib\json\encoder.py", line 180, in default
    raise TypeError(f'Object of type {o.__class__.__name__} '
TypeError: Object of type QuerySet is not JSON serializable
2024-05-23 23:13:11,647 INFO C:\Users\vitya\cinema\movies\views.py changed, reloading.
2024-05-23 23:13:33,435 INFO C:\Users\vitya\cinema\movies\views.py changed, reloading.
2024-05-23 23:13:36,952 INFO C:\Users\vitya\cinema\movies\views.py changed, reloading.
2024-05-23 23:13:54,614 INFO C:\Users\vitya\cinema\movies\views.py changed, reloading.
2024-05-23 23:14:03,995 INFO C:\Users\vitya\cinema\movies\views.py changed, reloading.
2024-05-23 23:14:48,940 INFO C:\Users\vitya\cinema\movies\views.py changed, reloading.
2024-05-23 23:14:59,092 INFO C:\Users\vitya\cinema\movies\views.py changed, reloading.
2024-05-23 23:15:13,606 ERROR Internal Server Error: /afisha/showtimes/
Traceback (most recent call last):
  File "C:\Users\vitya\AppData\Local\Programs\Python\Python311\Lib\site-packages\django\core\handlers\exception.py", line 55, in inner
    response = get_response(request)
               ^^^^^^^^^^^^^^^^^^^^^
  File "C:\Users\vitya\AppData\Local\Programs\Python\Python311\Lib\site-packages\django\core\handlers\base.py", line 197, in _get_response
    response = wrapped_callback(request, *callback_args, **callback_kwargs)
               ^^^^^^^^^^^^^^^^^^^^^^^^^^^^^^^^^^^^^^^^^^^^^^^^^^^^^^^^^^^^
  File "C:\Users\vitya\AppData\Local\Programs\Python\Python311\Lib\site-packages\django\contrib\auth\decorators.py", line 23, in _wrapper_view
    return view_func(request, *args, **kwargs)
           ^^^^^^^^^^^^^^^^^^^^^^^^^^^^^^^^^^^
  File "C:\Users\vitya\AppData\Local\Programs\Python\Python311\Lib\site-packages\django\contrib\auth\decorators.py", line 23, in _wrapper_view
    return view_func(request, *args, **kwargs)
           ^^^^^^^^^^^^^^^^^^^^^^^^^^^^^^^^^^^
  File "C:\Users\vitya\cinema\movies\views.py", line 606, in get_showtimes
    if sort_by.strip() != '':
       ^^^^^^^^^^^^^
AttributeError: 'NoneType' object has no attribute 'strip'
2024-05-23 23:15:28,328 INFO C:\Users\vitya\cinema\movies\views.py changed, reloading.
2024-05-23 23:15:36,092 INFO C:\Users\vitya\cinema\movies\views.py changed, reloading.
2024-05-23 23:15:52,874 INFO C:\Users\vitya\cinema\movies\views.py changed, reloading.
2024-05-23 23:16:06,966 INFO C:\Users\vitya\cinema\movies\views.py changed, reloading.
2024-05-23 23:16:09,352 INFO C:\Users\vitya\cinema\movies\views.py changed, reloading.
